# Blender 5.1.2
# www.blender.org
mtllib Untitled6.mtl
o MazePro_Walls
v 0.000000 0.000000 0.000000
v 0.100000 0.000000 0.000000
v 0.100000 0.100000 0.000000
v 0.000000 0.100000 0.000000
v 0.000000 -0.000000 0.100000
v 0.100000 -0.000000 0.100000
v 0.100000 0.100000 0.100000
v 0.000000 0.100000 0.100000
v 0.100000 0.200000 0.000000
v 0.000000 0.200000 0.000000
v 0.100000 0.200000 0.100000
v 0.000000 0.200000 0.100000
v 0.100000 0.300000 0.000000
v 0.000000 0.300000 0.000000
v 0.100000 0.300000 0.100000
v 0.000000 0.300000 0.100000
v 0.100000 0.400000 0.000000
v 0.000000 0.400000 0.000000
v 0.100000 0.400000 0.100000
v 0.000000 0.400000 0.100000
v 0.100000 0.500000 0.000000
v 0.000000 0.500000 0.000000
v 0.100000 0.500000 0.100000
v 0.000000 0.500000 0.100000
v 0.100000 0.600000 0.000000
v 0.000000 0.600000 0.000000
v 0.100000 0.600000 0.100000
v 0.000000 0.600000 0.100000
v 0.100000 0.700000 0.000000
v 0.000000 0.700000 0.000000
v 0.100000 0.700000 0.100000
v 0.000000 0.700000 0.100000
v 0.100000 0.800000 0.000000
v 0.000000 0.800000 0.000000
v 0.100000 0.800000 0.100000
v 0.000000 0.800000 0.100000
v 0.100000 0.900000 0.000000
v 0.000000 0.900000 0.000000
v 0.100000 0.900000 0.100000
v 0.000000 0.900000 0.100000
v 0.100000 1.000000 0.000000
v 0.000000 1.000000 0.000000
v 0.100000 1.000000 0.100000
v 0.000000 1.000000 0.100000
v 0.100000 1.100000 0.000000
v 0.000000 1.100000 0.000000
v 0.100000 1.100000 0.100000
v 0.000000 1.100000 0.100000
v 0.100000 1.200000 0.000000
v 0.000000 1.200000 0.000000
v 0.100000 1.200000 0.100000
v 0.000000 1.200000 0.100000
v 0.100000 1.300000 0.000000
v 0.000000 1.300000 0.000000
v 0.100000 1.300000 0.100000
v 0.000000 1.300000 0.100000
v 0.100000 1.400000 0.000000
v 0.000000 1.400000 0.000000
v 0.100000 1.400000 0.100000
v 0.000000 1.400000 0.100000
v 0.100000 1.500000 0.000000
v 0.000000 1.500000 0.000000
v 0.100000 1.500000 0.100000
v 0.000000 1.500000 0.100000
v 0.100000 1.600000 0.000000
v 0.000000 1.600000 0.000000
v 0.100000 1.600000 0.100000
v 0.000000 1.600000 0.100000
v 0.100000 1.700000 0.000000
v 0.000000 1.700000 0.000000
v 0.100000 1.700000 0.100000
v 0.000000 1.700000 0.100000
v 0.100000 1.800000 0.000000
v 0.000000 1.800000 0.000000
v 0.100000 1.800000 0.100000
v 0.000000 1.800000 0.100000
v 0.100000 1.900000 0.000000
v 0.000000 1.900000 0.000000
v 0.100000 1.900000 0.100000
v 0.000000 1.900000 0.100000
v 0.100000 2.000000 0.000000
v 0.000000 2.000000 0.000000
v 0.100000 2.000000 0.100000
v 0.000000 2.000000 0.100000
v 0.100000 2.100000 0.000000
v 0.000000 2.100000 0.000000
v 0.100000 2.100000 0.100000
v 0.000000 2.100000 0.100000
v 0.100000 2.200000 0.000000
v 0.000000 2.200000 0.000000
v 0.100000 2.200000 0.100000
v 0.000000 2.200000 0.100000
v 0.100000 2.300000 0.000000
v 0.000000 2.300000 0.000000
v 0.100000 2.300000 0.100000
v 0.000000 2.300000 0.100000
v 0.100000 2.400000 0.000000
v 0.000000 2.400000 0.000000
v 0.100000 2.400000 0.100000
v 0.000000 2.400000 0.100000
v 0.100000 2.500000 0.000000
v 0.000000 2.500000 0.000000
v 0.100000 2.500000 0.100000
v 0.000000 2.500000 0.100000
v 0.100000 2.600000 0.000000
v 0.000000 2.600000 0.000000
v 0.100000 2.600000 0.100000
v 0.000000 2.600000 0.100000
v 0.100000 2.700000 0.000000
v 0.000000 2.700000 0.000000
v 0.100000 2.700000 0.100000
v 0.000000 2.700000 0.100000
v 0.100000 2.800000 0.000000
v 0.000000 2.800000 0.000000
v 0.100000 2.800000 0.100000
v 0.000000 2.800000 0.100000
v 0.100000 2.900000 0.000000
v 0.000000 2.900000 0.000000
v 0.100000 2.900000 0.100000
v 0.000000 2.900000 0.100000
v 0.100000 3.000000 0.000000
v 0.000000 3.000000 0.000000
v 0.100000 3.000000 0.100000
v 0.000000 3.000000 0.100000
v 0.100000 3.100000 0.000000
v 0.000000 3.100000 0.000000
v 0.100000 3.100000 0.100000
v 0.000000 3.100000 0.100000
v 0.200000 0.600000 0.000000
v 0.200000 0.700000 0.000000
v 0.200000 0.600000 0.100000
v 0.200000 0.700000 0.100000
v 0.200000 2.200000 0.000000
v 0.200000 2.300000 0.000000
v 0.200000 2.200000 0.100000
v 0.200000 2.300000 0.100000
v 0.200000 3.000000 0.000000
v 0.200000 3.100000 0.000000
v 0.200000 3.000000 0.100000
v 0.200000 3.100000 0.100000
v 0.200000 0.000000 0.000000
v 0.300000 0.000000 0.000000
v 0.300000 0.100000 0.000000
v 0.200000 0.100000 0.000000
v 0.200000 -0.000000 0.100000
v 0.300000 -0.000000 0.100000
v 0.300000 0.100000 0.100000
v 0.200000 0.100000 0.100000
v 0.300000 0.200000 0.000000
v 0.200000 0.200000 0.000000
v 0.300000 0.200000 0.100000
v 0.200000 0.200000 0.100000
v 0.300000 0.300000 0.000000
v 0.200000 0.300000 0.000000
v 0.300000 0.300000 0.100000
v 0.200000 0.300000 0.100000
v 0.300000 0.400000 0.000000
v 0.200000 0.400000 0.000000
v 0.300000 0.400000 0.100000
v 0.200000 0.400000 0.100000
v 0.300000 0.500000 0.000000
v 0.200000 0.500000 0.000000
v 0.300000 0.500000 0.100000
v 0.200000 0.500000 0.100000
v 0.300000 0.600000 0.000000
v 0.300000 0.700000 0.000000
v 0.300000 0.600000 0.100000
v 0.300000 0.700000 0.100000
v 0.200000 0.800000 0.000000
v 0.300000 0.800000 0.000000
v 0.300000 0.900000 0.000000
v 0.200000 0.900000 0.000000
v 0.200000 0.800000 0.100000
v 0.300000 0.800000 0.100000
v 0.300000 0.900000 0.100000
v 0.200000 0.900000 0.100000
v 0.300000 1.000000 0.000000
v 0.200000 1.000000 0.000000
v 0.300000 1.000000 0.100000
v 0.200000 1.000000 0.100000
v 0.300000 1.100000 0.000000
v 0.200000 1.100000 0.000000
v 0.300000 1.100000 0.100000
v 0.200000 1.100000 0.100000
v 0.300000 1.200000 0.000000
v 0.200000 1.200000 0.000000
v 0.300000 1.200000 0.100000
v 0.200000 1.200000 0.100000
v 0.300000 1.300000 0.000000
v 0.200000 1.300000 0.000000
v 0.300000 1.300000 0.100000
v 0.200000 1.300000 0.100000
v 0.200000 1.400000 0.000000
v 0.300000 1.400000 0.000000
v 0.300000 1.500000 0.000000
v 0.200000 1.500000 0.000000
v 0.200000 1.400000 0.100000
v 0.300000 1.400000 0.100000
v 0.300000 1.500000 0.100000
v 0.200000 1.500000 0.100000
v 0.300000 1.600000 0.000000
v 0.200000 1.600000 0.000000
v 0.300000 1.600000 0.100000
v 0.200000 1.600000 0.100000
v 0.300000 1.700000 0.000000
v 0.200000 1.700000 0.000000
v 0.300000 1.700000 0.100000
v 0.200000 1.700000 0.100000
v 0.300000 1.800000 0.000000
v 0.200000 1.800000 0.000000
v 0.300000 1.800000 0.100000
v 0.200000 1.800000 0.100000
v 0.300000 1.900000 0.000000
v 0.200000 1.900000 0.000000
v 0.300000 1.900000 0.100000
v 0.200000 1.900000 0.100000
v 0.300000 2.000000 0.000000
v 0.200000 2.000000 0.000000
v 0.300000 2.000000 0.100000
v 0.200000 2.000000 0.100000
v 0.300000 2.100000 0.000000
v 0.200000 2.100000 0.000000
v 0.300000 2.100000 0.100000
v 0.200000 2.100000 0.100000
v 0.300000 2.200000 0.000000
v 0.300000 2.300000 0.000000
v 0.300000 2.200000 0.100000
v 0.300000 2.300000 0.100000
v 0.200000 2.400000 0.000000
v 0.300000 2.400000 0.000000
v 0.300000 2.500000 0.000000
v 0.200000 2.500000 0.000000
v 0.200000 2.400000 0.100000
v 0.300000 2.400000 0.100000
v 0.300000 2.500000 0.100000
v 0.200000 2.500000 0.100000
v 0.300000 2.600000 0.000000
v 0.200000 2.600000 0.000000
v 0.300000 2.600000 0.100000
v 0.200000 2.600000 0.100000
v 0.300000 2.700000 0.000000
v 0.200000 2.700000 0.000000
v 0.300000 2.700000 0.100000
v 0.200000 2.700000 0.100000
v 0.300000 2.800000 0.000000
v 0.200000 2.800000 0.000000
v 0.300000 2.800000 0.100000
v 0.200000 2.800000 0.100000
v 0.300000 2.900000 0.000000
v 0.200000 2.900000 0.000000
v 0.300000 2.900000 0.100000
v 0.200000 2.900000 0.100000
v 0.300000 3.000000 0.000000
v 0.300000 3.100000 0.000000
v 0.300000 3.000000 0.100000
v 0.300000 3.100000 0.100000
v 0.400000 0.000000 0.000000
v 0.400000 0.100000 0.000000
v 0.400000 -0.000000 0.100000
v 0.400000 0.100000 0.100000
v 0.400000 0.400000 0.000000
v 0.400000 0.500000 0.000000
v 0.400000 0.400000 0.100000
v 0.400000 0.500000 0.100000
v 0.400000 0.600000 0.000000
v 0.400000 0.700000 0.000000
v 0.400000 0.600000 0.100000
v 0.400000 0.700000 0.100000
v 0.400000 1.200000 0.000000
v 0.400000 1.300000 0.000000
v 0.400000 1.200000 0.100000
v 0.400000 1.300000 0.100000
v 0.400000 1.600000 0.000000
v 0.400000 1.700000 0.000000
v 0.400000 1.600000 0.100000
v 0.400000 1.700000 0.100000
v 0.400000 2.000000 0.000000
v 0.400000 2.100000 0.000000
v 0.400000 2.000000 0.100000
v 0.400000 2.100000 0.100000
v 0.400000 2.200000 0.000000
v 0.400000 2.300000 0.000000
v 0.400000 2.200000 0.100000
v 0.400000 2.300000 0.100000
v 0.400000 2.400000 0.000000
v 0.400000 2.500000 0.000000
v 0.400000 2.400000 0.100000
v 0.400000 2.500000 0.100000
v 0.400000 3.000000 0.000000
v 0.400000 3.100000 0.000000
v 0.400000 3.000000 0.100000
v 0.400000 3.100000 0.100000
v 0.500000 0.000000 0.000000
v 0.500000 0.100000 0.000000
v 0.500000 -0.000000 0.100000
v 0.500000 0.100000 0.100000
v 0.400000 0.200000 0.000000
v 0.500000 0.200000 0.000000
v 0.500000 0.300000 0.000000
v 0.400000 0.300000 0.000000
v 0.400000 0.200000 0.100000
v 0.500000 0.200000 0.100000
v 0.500000 0.300000 0.100000
v 0.400000 0.300000 0.100000
v 0.500000 0.400000 0.000000
v 0.500000 0.500000 0.000000
v 0.500000 0.400000 0.100000
v 0.500000 0.500000 0.100000
v 0.500000 0.600000 0.000000
v 0.500000 0.700000 0.000000
v 0.500000 0.600000 0.100000
v 0.500000 0.700000 0.100000
v 0.400000 0.800000 0.000000
v 0.500000 0.800000 0.000000
v 0.500000 0.900000 0.000000
v 0.400000 0.900000 0.000000
v 0.400000 0.800000 0.100000
v 0.500000 0.800000 0.100000
v 0.500000 0.900000 0.100000
v 0.400000 0.900000 0.100000
v 0.500000 1.000000 0.000000
v 0.400000 1.000000 0.000000
v 0.500000 1.000000 0.100000
v 0.400000 1.000000 0.100000
v 0.500000 1.100000 0.000000
v 0.400000 1.100000 0.000000
v 0.500000 1.100000 0.100000
v 0.400000 1.100000 0.100000
v 0.500000 1.200000 0.000000
v 0.500000 1.300000 0.000000
v 0.500000 1.200000 0.100000
v 0.500000 1.300000 0.100000
v 0.400000 1.400000 0.000000
v 0.500000 1.400000 0.000000
v 0.500000 1.500000 0.000000
v 0.400000 1.500000 0.000000
v 0.400000 1.400000 0.100000
v 0.500000 1.400000 0.100000
v 0.500000 1.500000 0.100000
v 0.400000 1.500000 0.100000
v 0.500000 1.600000 0.000000
v 0.500000 1.700000 0.000000
v 0.500000 1.600000 0.100000
v 0.500000 1.700000 0.100000
v 0.400000 1.800000 0.000000
v 0.500000 1.800000 0.000000
v 0.500000 1.900000 0.000000
v 0.400000 1.900000 0.000000
v 0.400000 1.800000 0.100000
v 0.500000 1.800000 0.100000
v 0.500000 1.900000 0.100000
v 0.400000 1.900000 0.100000
v 0.500000 2.000000 0.000000
v 0.500000 2.100000 0.000000
v 0.500000 2.000000 0.100000
v 0.500000 2.100000 0.100000
v 0.500000 2.200000 0.000000
v 0.500000 2.300000 0.000000
v 0.500000 2.200000 0.100000
v 0.500000 2.300000 0.100000
v 0.500000 2.400000 0.000000
v 0.500000 2.500000 0.000000
v 0.500000 2.400000 0.100000
v 0.500000 2.500000 0.100000
v 0.500000 2.600000 0.000000
v 0.400000 2.600000 0.000000
v 0.500000 2.600000 0.100000
v 0.400000 2.600000 0.100000
v 0.500000 2.700000 0.000000
v 0.400000 2.700000 0.000000
v 0.500000 2.700000 0.100000
v 0.400000 2.700000 0.100000
v 0.500000 2.800000 0.000000
v 0.400000 2.800000 0.000000
v 0.500000 2.800000 0.100000
v 0.400000 2.800000 0.100000
v 0.500000 2.900000 0.000000
v 0.400000 2.900000 0.000000
v 0.500000 2.900000 0.100000
v 0.400000 2.900000 0.100000
v 0.500000 3.000000 0.000000
v 0.500000 3.000000 0.100000
v 0.500000 3.100000 0.000000
v 0.500000 3.100000 0.100000
v 0.600000 0.000000 0.000000
v 0.600000 0.100000 0.000000
v 0.600000 -0.000000 0.100000
v 0.600000 0.100000 0.100000
v 0.600000 0.200000 0.000000
v 0.600000 0.300000 0.000000
v 0.600000 0.200000 0.100000
v 0.600000 0.300000 0.100000
v 0.600000 0.400000 0.000000
v 0.600000 0.500000 0.000000
v 0.600000 0.400000 0.100000
v 0.600000 0.500000 0.100000
v 0.600000 0.600000 0.000000
v 0.600000 0.700000 0.000000
v 0.600000 0.600000 0.100000
v 0.600000 0.700000 0.100000
v 0.600000 0.800000 0.000000
v 0.600000 0.900000 0.000000
v 0.600000 0.800000 0.100000
v 0.600000 0.900000 0.100000
v 0.600000 1.200000 0.000000
v 0.600000 1.300000 0.000000
v 0.600000 1.200000 0.100000
v 0.600000 1.300000 0.100000
v 0.600000 1.400000 0.000000
v 0.600000 1.500000 0.000000
v 0.600000 1.400000 0.100000
v 0.600000 1.500000 0.100000
v 0.600000 1.800000 0.000000
v 0.600000 1.900000 0.000000
v 0.600000 1.800000 0.100000
v 0.600000 1.900000 0.100000
v 0.600000 2.000000 0.000000
v 0.600000 2.100000 0.000000
v 0.600000 2.000000 0.100000
v 0.600000 2.100000 0.100000
v 0.600000 2.200000 0.000000
v 0.600000 2.300000 0.000000
v 0.600000 2.200000 0.100000
v 0.600000 2.300000 0.100000
v 0.600000 2.600000 0.000000
v 0.600000 2.700000 0.000000
v 0.600000 2.600000 0.100000
v 0.600000 2.700000 0.100000
v 0.600000 3.000000 0.000000
v 0.600000 3.100000 0.000000
v 0.600000 3.000000 0.100000
v 0.600000 3.100000 0.100000
v 0.700000 0.000000 0.000000
v 0.700000 0.100000 0.000000
v 0.700000 -0.000000 0.100000
v 0.700000 0.100000 0.100000
v 0.700000 0.200000 0.000000
v 0.700000 0.200000 0.100000
v 0.700000 0.300000 0.000000
v 0.700000 0.300000 0.100000
v 0.700000 0.400000 0.000000
v 0.700000 0.500000 0.000000
v 0.700000 0.400000 0.100000
v 0.700000 0.500000 0.100000
v 0.700000 0.600000 0.000000
v 0.700000 0.700000 0.000000
v 0.700000 0.600000 0.100000
v 0.700000 0.700000 0.100000
v 0.700000 0.800000 0.000000
v 0.700000 0.800000 0.100000
v 0.700000 0.900000 0.000000
v 0.700000 0.900000 0.100000
v 0.600000 1.000000 0.000000
v 0.700000 1.000000 0.000000
v 0.700000 1.100000 0.000000
v 0.600000 1.100000 0.000000
v 0.600000 1.000000 0.100000
v 0.700000 1.000000 0.100000
v 0.700000 1.100000 0.100000
v 0.600000 1.100000 0.100000
v 0.700000 1.200000 0.000000
v 0.700000 1.300000 0.000000
v 0.700000 1.200000 0.100000
v 0.700000 1.300000 0.100000
v 0.700000 1.400000 0.000000
v 0.700000 1.500000 0.000000
v 0.700000 1.400000 0.100000
v 0.700000 1.500000 0.100000
v 0.700000 1.600000 0.000000
v 0.600000 1.600000 0.000000
v 0.700000 1.600000 0.100000
v 0.600000 1.600000 0.100000
v 0.700000 1.700000 0.000000
v 0.600000 1.700000 0.000000
v 0.700000 1.700000 0.100000
v 0.600000 1.700000 0.100000
v 0.700000 1.800000 0.000000
v 0.700000 1.900000 0.000000
v 0.700000 1.800000 0.100000
v 0.700000 1.900000 0.100000
v 0.700000 2.000000 0.000000
v 0.700000 2.100000 0.000000
v 0.700000 2.000000 0.100000
v 0.700000 2.100000 0.100000
v 0.700000 2.200000 0.000000
v 0.700000 2.300000 0.000000
v 0.700000 2.200000 0.100000
v 0.700000 2.300000 0.100000
v 0.700000 2.400000 0.000000
v 0.600000 2.400000 0.000000
v 0.700000 2.400000 0.100000
v 0.600000 2.400000 0.100000
v 0.700000 2.500000 0.000000
v 0.600000 2.500000 0.000000
v 0.700000 2.500000 0.100000
v 0.600000 2.500000 0.100000
v 0.700000 2.600000 0.000000
v 0.700000 2.700000 0.000000
v 0.700000 2.600000 0.100000
v 0.700000 2.700000 0.100000
v 0.600000 2.800000 0.000000
v 0.700000 2.800000 0.000000
v 0.700000 2.900000 0.000000
v 0.600000 2.900000 0.000000
v 0.600000 2.800000 0.100000
v 0.700000 2.800000 0.100000
v 0.700000 2.900000 0.100000
v 0.600000 2.900000 0.100000
v 0.700000 3.000000 0.000000
v 0.700000 3.100000 0.000000
v 0.700000 3.000000 0.100000
v 0.700000 3.100000 0.100000
v 0.800000 0.000000 0.000000
v 0.800000 0.100000 0.000000
v 0.800000 -0.000000 0.100000
v 0.800000 0.100000 0.100000
v 0.800000 0.400000 0.000000
v 0.800000 0.500000 0.000000
v 0.800000 0.400000 0.100000
v 0.800000 0.500000 0.100000
v 0.800000 0.800000 0.000000
v 0.800000 0.900000 0.000000
v 0.800000 0.800000 0.100000
v 0.800000 0.900000 0.100000
v 0.800000 1.000000 0.000000
v 0.800000 1.100000 0.000000
v 0.800000 1.000000 0.100000
v 0.800000 1.100000 0.100000
v 0.800000 1.200000 0.000000
v 0.800000 1.300000 0.000000
v 0.800000 1.200000 0.100000
v 0.800000 1.300000 0.100000
v 0.800000 1.800000 0.000000
v 0.800000 1.900000 0.000000
v 0.800000 1.800000 0.100000
v 0.800000 1.900000 0.100000
v 0.800000 2.400000 0.000000
v 0.800000 2.500000 0.000000
v 0.800000 2.400000 0.100000
v 0.800000 2.500000 0.100000
v 0.800000 2.800000 0.000000
v 0.800000 2.900000 0.000000
v 0.800000 2.800000 0.100000
v 0.800000 2.900000 0.100000
v 0.800000 3.000000 0.000000
v 0.800000 3.100000 0.000000
v 0.800000 3.000000 0.100000
v 0.800000 3.100000 0.100000
v 0.900000 0.000000 0.000000
v 0.900000 0.100000 0.000000
v 0.900000 -0.000000 0.100000
v 0.900000 0.100000 0.100000
v 0.800000 0.200000 0.000000
v 0.900000 0.200000 0.000000
v 0.900000 0.300000 0.000000
v 0.800000 0.300000 0.000000
v 0.800000 0.200000 0.100000
v 0.900000 0.200000 0.100000
v 0.900000 0.300000 0.100000
v 0.800000 0.300000 0.100000
v 0.900000 0.400000 0.000000
v 0.900000 0.400000 0.100000
v 0.900000 0.500000 0.000000
v 0.900000 0.500000 0.100000
v 0.900000 0.600000 0.000000
v 0.800000 0.600000 0.000000
v 0.900000 0.600000 0.100000
v 0.800000 0.600000 0.100000
v 0.900000 0.700000 0.000000
v 0.800000 0.700000 0.000000
v 0.900000 0.700000 0.100000
v 0.800000 0.700000 0.100000
v 0.900000 0.800000 0.000000
v 0.900000 0.900000 0.000000
v 0.900000 0.800000 0.100000
v 0.900000 0.900000 0.100000
v 0.900000 1.000000 0.000000
v 0.900000 1.100000 0.000000
v 0.900000 1.000000 0.100000
v 0.900000 1.100000 0.100000
v 0.900000 1.200000 0.000000
v 0.900000 1.300000 0.000000
v 0.900000 1.200000 0.100000
v 0.900000 1.300000 0.100000
v 0.900000 1.400000 0.000000
v 0.800000 1.400000 0.000000
v 0.900000 1.400000 0.100000
v 0.800000 1.400000 0.100000
v 0.900000 1.500000 0.000000
v 0.800000 1.500000 0.000000
v 0.900000 1.500000 0.100000
v 0.800000 1.500000 0.100000
v 0.900000 1.600000 0.000000
v 0.800000 1.600000 0.000000
v 0.900000 1.600000 0.100000
v 0.800000 1.600000 0.100000
v 0.900000 1.700000 0.000000
v 0.800000 1.700000 0.000000
v 0.900000 1.700000 0.100000
v 0.800000 1.700000 0.100000
v 0.900000 1.800000 0.000000
v 0.900000 1.900000 0.000000
v 0.900000 1.800000 0.100000
v 0.900000 1.900000 0.100000
v 0.900000 2.000000 0.000000
v 0.800000 2.000000 0.000000
v 0.900000 2.000000 0.100000
v 0.800000 2.000000 0.100000
v 0.900000 2.100000 0.000000
v 0.800000 2.100000 0.000000
v 0.900000 2.100000 0.100000
v 0.800000 2.100000 0.100000
v 0.900000 2.200000 0.000000
v 0.800000 2.200000 0.000000
v 0.900000 2.200000 0.100000
v 0.800000 2.200000 0.100000
v 0.900000 2.300000 0.000000
v 0.800000 2.300000 0.000000
v 0.900000 2.300000 0.100000
v 0.800000 2.300000 0.100000
v 0.900000 2.400000 0.000000
v 0.900000 2.500000 0.000000
v 0.900000 2.400000 0.100000
v 0.900000 2.500000 0.100000
v 0.900000 2.600000 0.000000
v 0.800000 2.600000 0.000000
v 0.900000 2.600000 0.100000
v 0.800000 2.600000 0.100000
v 0.900000 2.700000 0.000000
v 0.800000 2.700000 0.000000
v 0.900000 2.700000 0.100000
v 0.800000 2.700000 0.100000
v 0.900000 2.800000 0.000000
v 0.900000 2.800000 0.100000
v 0.900000 2.900000 0.000000
v 0.900000 2.900000 0.100000
v 0.900000 3.000000 0.000000
v 0.900000 3.100000 0.000000
v 0.900000 3.000000 0.100000
v 0.900000 3.100000 0.100000
v 1.000000 0.000000 0.000000
v 1.000000 0.100000 0.000000
v 1.000000 -0.000000 0.100000
v 1.000000 0.100000 0.100000
v 1.000000 0.200000 0.000000
v 1.000000 0.300000 0.000000
v 1.000000 0.200000 0.100000
v 1.000000 0.300000 0.100000
v 1.000000 0.600000 0.000000
v 1.000000 0.700000 0.000000
v 1.000000 0.600000 0.100000
v 1.000000 0.700000 0.100000
v 1.000000 1.000000 0.000000
v 1.000000 1.100000 0.000000
v 1.000000 1.000000 0.100000
v 1.000000 1.100000 0.100000
v 1.000000 1.600000 0.000000
v 1.000000 1.700000 0.000000
v 1.000000 1.600000 0.100000
v 1.000000 1.700000 0.100000
v 1.000000 1.800000 0.000000
v 1.000000 1.900000 0.000000
v 1.000000 1.800000 0.100000
v 1.000000 1.900000 0.100000
v 1.000000 2.200000 0.000000
v 1.000000 2.300000 0.000000
v 1.000000 2.200000 0.100000
v 1.000000 2.300000 0.100000
v 1.000000 2.400000 0.000000
v 1.000000 2.500000 0.000000
v 1.000000 2.400000 0.100000
v 1.000000 2.500000 0.100000
v 1.000000 3.000000 0.000000
v 1.000000 3.100000 0.000000
v 1.000000 3.000000 0.100000
v 1.000000 3.100000 0.100000
v 1.100000 0.000000 0.000000
v 1.100000 0.100000 0.000000
v 1.100000 -0.000000 0.100000
v 1.100000 0.100000 0.100000
v 1.100000 0.200000 0.000000
v 1.100000 0.300000 0.000000
v 1.100000 0.200000 0.100000
v 1.100000 0.300000 0.100000
v 1.000000 0.400000 0.000000
v 1.100000 0.400000 0.000000
v 1.100000 0.500000 0.000000
v 1.000000 0.500000 0.000000
v 1.000000 0.400000 0.100000
v 1.100000 0.400000 0.100000
v 1.100000 0.500000 0.100000
v 1.000000 0.500000 0.100000
v 1.100000 0.600000 0.000000
v 1.100000 0.700000 0.000000
v 1.100000 0.600000 0.100000
v 1.100000 0.700000 0.100000
v 1.100000 0.800000 0.000000
v 1.000000 0.800000 0.000000
v 1.100000 0.800000 0.100000
v 1.000000 0.800000 0.100000
v 1.100000 0.900000 0.000000
v 1.000000 0.900000 0.000000
v 1.100000 0.900000 0.100000
v 1.000000 0.900000 0.100000
v 1.100000 1.000000 0.000000
v 1.100000 1.000000 0.100000
v 1.100000 1.100000 0.000000
v 1.100000 1.100000 0.100000
v 1.100000 1.200000 0.000000
v 1.000000 1.200000 0.000000
v 1.100000 1.200000 0.100000
v 1.000000 1.200000 0.100000
v 1.100000 1.300000 0.000000
v 1.000000 1.300000 0.000000
v 1.100000 1.300000 0.100000
v 1.000000 1.300000 0.100000
v 1.100000 1.400000 0.000000
v 1.000000 1.400000 0.000000
v 1.100000 1.400000 0.100000
v 1.000000 1.400000 0.100000
v 1.100000 1.500000 0.000000
v 1.000000 1.500000 0.000000
v 1.100000 1.500000 0.100000
v 1.000000 1.500000 0.100000
v 1.100000 1.600000 0.000000
v 1.100000 1.700000 0.000000
v 1.100000 1.600000 0.100000
v 1.100000 1.700000 0.100000
v 1.100000 1.800000 0.000000
v 1.100000 1.900000 0.000000
v 1.100000 1.800000 0.100000
v 1.100000 1.900000 0.100000
v 1.000000 2.000000 0.000000
v 1.100000 2.000000 0.000000
v 1.100000 2.100000 0.000000
v 1.000000 2.100000 0.000000
v 1.000000 2.000000 0.100000
v 1.100000 2.000000 0.100000
v 1.100000 2.100000 0.100000
v 1.000000 2.100000 0.100000
v 1.100000 2.200000 0.000000
v 1.100000 2.300000 0.000000
v 1.100000 2.200000 0.100000
v 1.100000 2.300000 0.100000
v 1.100000 2.400000 0.000000
v 1.100000 2.500000 0.000000
v 1.100000 2.400000 0.100000
v 1.100000 2.500000 0.100000
v 1.000000 2.600000 0.000000
v 1.100000 2.600000 0.000000
v 1.100000 2.700000 0.000000
v 1.000000 2.700000 0.000000
v 1.000000 2.600000 0.100000
v 1.100000 2.600000 0.100000
v 1.100000 2.700000 0.100000
v 1.000000 2.700000 0.100000
v 1.100000 2.800000 0.000000
v 1.000000 2.800000 0.000000
v 1.100000 2.800000 0.100000
v 1.000000 2.800000 0.100000
v 1.100000 2.900000 0.000000
v 1.000000 2.900000 0.000000
v 1.100000 2.900000 0.100000
v 1.000000 2.900000 0.100000
v 1.100000 3.000000 0.000000
v 1.100000 3.100000 0.000000
v 1.100000 3.000000 0.100000
v 1.100000 3.100000 0.100000
v 1.200000 0.000000 0.000000
v 1.200000 0.100000 0.000000
v 1.200000 -0.000000 0.100000
v 1.200000 0.100000 0.100000
v 1.200000 0.200000 0.000000
v 1.200000 0.300000 0.000000
v 1.200000 0.200000 0.100000
v 1.200000 0.300000 0.100000
v 1.200000 0.400000 0.000000
v 1.200000 0.500000 0.000000
v 1.200000 0.400000 0.100000
v 1.200000 0.500000 0.100000
v 1.200000 1.200000 0.000000
v 1.200000 1.300000 0.000000
v 1.200000 1.200000 0.100000
v 1.200000 1.300000 0.100000
v 1.200000 1.600000 0.000000
v 1.200000 1.700000 0.000000
v 1.200000 1.600000 0.100000
v 1.200000 1.700000 0.100000
v 1.200000 2.000000 0.000000
v 1.200000 2.100000 0.000000
v 1.200000 2.000000 0.100000
v 1.200000 2.100000 0.100000
v 1.200000 2.200000 0.000000
v 1.200000 2.300000 0.000000
v 1.200000 2.200000 0.100000
v 1.200000 2.300000 0.100000
v 1.200000 2.800000 0.000000
v 1.200000 2.900000 0.000000
v 1.200000 2.800000 0.100000
v 1.200000 2.900000 0.100000
v 1.200000 3.000000 0.000000
v 1.200000 3.100000 0.000000
v 1.200000 3.000000 0.100000
v 1.200000 3.100000 0.100000
v 1.300000 0.000000 0.000000
v 1.300000 0.100000 0.000000
v 1.300000 -0.000000 0.100000
v 1.300000 0.100000 0.100000
v 1.300000 0.200000 0.000000
v 1.300000 0.300000 0.000000
v 1.300000 0.200000 0.100000
v 1.300000 0.300000 0.100000
v 1.300000 0.400000 0.000000
v 1.300000 0.500000 0.000000
v 1.300000 0.400000 0.100000
v 1.300000 0.500000 0.100000
v 1.300000 0.600000 0.000000
v 1.200000 0.600000 0.000000
v 1.300000 0.600000 0.100000
v 1.200000 0.600000 0.100000
v 1.300000 0.700000 0.000000
v 1.200000 0.700000 0.000000
v 1.300000 0.700000 0.100000
v 1.200000 0.700000 0.100000
v 1.300000 0.800000 0.000000
v 1.200000 0.800000 0.000000
v 1.300000 0.800000 0.100000
v 1.200000 0.800000 0.100000
v 1.300000 0.900000 0.000000
v 1.200000 0.900000 0.000000
v 1.300000 0.900000 0.100000
v 1.200000 0.900000 0.100000
v 1.300000 1.000000 0.000000
v 1.200000 1.000000 0.000000
v 1.300000 1.000000 0.100000
v 1.200000 1.000000 0.100000
v 1.300000 1.100000 0.000000
v 1.200000 1.100000 0.000000
v 1.300000 1.100000 0.100000
v 1.200000 1.100000 0.100000
v 1.300000 1.200000 0.000000
v 1.300000 1.300000 0.000000
v 1.300000 1.200000 0.100000
v 1.300000 1.300000 0.100000
v 1.200000 1.400000 0.000000
v 1.300000 1.400000 0.000000
v 1.300000 1.500000 0.000000
v 1.200000 1.500000 0.000000
v 1.200000 1.400000 0.100000
v 1.300000 1.400000 0.100000
v 1.300000 1.500000 0.100000
v 1.200000 1.500000 0.100000
v 1.300000 1.600000 0.000000
v 1.300000 1.600000 0.100000
v 1.300000 1.700000 0.000000
v 1.300000 1.700000 0.100000
v 1.300000 1.800000 0.000000
v 1.200000 1.800000 0.000000
v 1.300000 1.800000 0.100000
v 1.200000 1.800000 0.100000
v 1.300000 1.900000 0.000000
v 1.200000 1.900000 0.000000
v 1.300000 1.900000 0.100000
v 1.200000 1.900000 0.100000
v 1.300000 2.000000 0.000000
v 1.300000 2.000000 0.100000
v 1.300000 2.100000 0.000000
v 1.300000 2.100000 0.100000
v 1.300000 2.200000 0.000000
v 1.300000 2.300000 0.000000
v 1.300000 2.200000 0.100000
v 1.300000 2.300000 0.100000
v 1.300000 2.400000 0.000000
v 1.200000 2.400000 0.000000
v 1.300000 2.400000 0.100000
v 1.200000 2.400000 0.100000
v 1.300000 2.500000 0.000000
v 1.200000 2.500000 0.000000
v 1.300000 2.500000 0.100000
v 1.200000 2.500000 0.100000
v 1.300000 2.600000 0.000000
v 1.200000 2.600000 0.000000
v 1.300000 2.600000 0.100000
v 1.200000 2.600000 0.100000
v 1.300000 2.700000 0.000000
v 1.200000 2.700000 0.000000
v 1.300000 2.700000 0.100000
v 1.200000 2.700000 0.100000
v 1.300000 2.800000 0.000000
v 1.300000 2.900000 0.000000
v 1.300000 2.800000 0.100000
v 1.300000 2.900000 0.100000
v 1.300000 3.000000 0.000000
v 1.300000 3.100000 0.000000
v 1.300000 3.000000 0.100000
v 1.300000 3.100000 0.100000
v 1.400000 0.000000 0.000000
v 1.400000 0.100000 0.000000
v 1.400000 -0.000000 0.100000
v 1.400000 0.100000 0.100000
v 1.400000 0.200000 0.000000
v 1.400000 0.300000 0.000000
v 1.400000 0.200000 0.100000
v 1.400000 0.300000 0.100000
v 1.400000 1.000000 0.000000
v 1.400000 1.100000 0.000000
v 1.400000 1.000000 0.100000
v 1.400000 1.100000 0.100000
v 1.400000 1.200000 0.000000
v 1.400000 1.300000 0.000000
v 1.400000 1.200000 0.100000
v 1.400000 1.300000 0.100000
v 1.400000 1.600000 0.000000
v 1.400000 1.700000 0.000000
v 1.400000 1.600000 0.100000
v 1.400000 1.700000 0.100000
v 1.400000 2.000000 0.000000
v 1.400000 2.100000 0.000000
v 1.400000 2.000000 0.100000
v 1.400000 2.100000 0.100000
v 1.400000 2.400000 0.000000
v 1.400000 2.500000 0.000000
v 1.400000 2.400000 0.100000
v 1.400000 2.500000 0.100000
v 1.400000 2.800000 0.000000
v 1.400000 2.900000 0.000000
v 1.400000 2.800000 0.100000
v 1.400000 2.900000 0.100000
v 1.400000 3.000000 0.000000
v 1.400000 3.100000 0.000000
v 1.400000 3.000000 0.100000
v 1.400000 3.100000 0.100000
v 1.500000 0.000000 0.000000
v 1.500000 0.100000 0.000000
v 1.500000 -0.000000 0.100000
v 1.500000 0.100000 0.100000
v 1.500000 0.200000 0.000000
v 1.500000 0.300000 0.000000
v 1.500000 0.200000 0.100000
v 1.500000 0.300000 0.100000
v 1.500000 0.400000 0.000000
v 1.400000 0.400000 0.000000
v 1.500000 0.400000 0.100000
v 1.400000 0.400000 0.100000
v 1.500000 0.500000 0.000000
v 1.400000 0.500000 0.000000
v 1.500000 0.500000 0.100000
v 1.400000 0.500000 0.100000
v 1.500000 0.600000 0.000000
v 1.400000 0.600000 0.000000
v 1.500000 0.600000 0.100000
v 1.400000 0.600000 0.100000
v 1.500000 0.700000 0.000000
v 1.400000 0.700000 0.000000
v 1.500000 0.700000 0.100000
v 1.400000 0.700000 0.100000
v 1.500000 0.800000 0.000000
v 1.400000 0.800000 0.000000
v 1.500000 0.800000 0.100000
v 1.400000 0.800000 0.100000
v 1.500000 0.900000 0.000000
v 1.400000 0.900000 0.000000
v 1.500000 0.900000 0.100000
v 1.400000 0.900000 0.100000
v 1.500000 1.000000 0.000000
v 1.500000 1.100000 0.000000
v 1.500000 1.000000 0.100000
v 1.500000 1.100000 0.100000
v 1.500000 1.200000 0.000000
v 1.500000 1.300000 0.000000
v 1.500000 1.200000 0.100000
v 1.500000 1.300000 0.100000
v 1.500000 1.400000 0.000000
v 1.400000 1.400000 0.000000
v 1.500000 1.400000 0.100000
v 1.400000 1.400000 0.100000
v 1.500000 1.500000 0.000000
v 1.400000 1.500000 0.000000
v 1.500000 1.500000 0.100000
v 1.400000 1.500000 0.100000
v 1.500000 1.600000 0.000000
v 1.500000 1.700000 0.000000
v 1.500000 1.600000 0.100000
v 1.500000 1.700000 0.100000
v 1.400000 1.800000 0.000000
v 1.500000 1.800000 0.000000
v 1.500000 1.900000 0.000000
v 1.400000 1.900000 0.000000
v 1.400000 1.800000 0.100000
v 1.500000 1.800000 0.100000
v 1.500000 1.900000 0.100000
v 1.400000 1.900000 0.100000
v 1.500000 2.000000 0.000000
v 1.500000 2.100000 0.000000
v 1.500000 2.000000 0.100000
v 1.500000 2.100000 0.100000
v 1.500000 2.200000 0.000000
v 1.400000 2.200000 0.000000
v 1.500000 2.200000 0.100000
v 1.400000 2.200000 0.100000
v 1.500000 2.300000 0.000000
v 1.400000 2.300000 0.000000
v 1.500000 2.300000 0.100000
v 1.400000 2.300000 0.100000
v 1.500000 2.400000 0.000000
v 1.500000 2.500000 0.000000
v 1.500000 2.400000 0.100000
v 1.500000 2.500000 0.100000
v 1.400000 2.600000 0.000000
v 1.500000 2.600000 0.000000
v 1.500000 2.700000 0.000000
v 1.400000 2.700000 0.000000
v 1.400000 2.600000 0.100000
v 1.500000 2.600000 0.100000
v 1.500000 2.700000 0.100000
v 1.400000 2.700000 0.100000
v 1.500000 2.800000 0.000000
v 1.500000 2.900000 0.000000
v 1.500000 2.800000 0.100000
v 1.500000 2.900000 0.100000
v 1.500000 3.000000 0.000000
v 1.500000 3.100000 0.000000
v 1.500000 3.000000 0.100000
v 1.500000 3.100000 0.100000
v 1.600000 0.000000 0.000000
v 1.600000 0.100000 0.000000
v 1.600000 -0.000000 0.100000
v 1.600000 0.100000 0.100000
v 1.600000 0.600000 0.000000
v 1.600000 0.700000 0.000000
v 1.600000 0.600000 0.100000
v 1.600000 0.700000 0.100000
v 1.600000 1.000000 0.000000
v 1.600000 1.100000 0.000000
v 1.600000 1.000000 0.100000
v 1.600000 1.100000 0.100000
v 1.600000 1.400000 0.000000
v 1.600000 1.500000 0.000000
v 1.600000 1.400000 0.100000
v 1.600000 1.500000 0.100000
v 1.600000 1.800000 0.000000
v 1.600000 1.900000 0.000000
v 1.600000 1.800000 0.100000
v 1.600000 1.900000 0.100000
v 1.600000 2.400000 0.000000
v 1.600000 2.500000 0.000000
v 1.600000 2.400000 0.100000
v 1.600000 2.500000 0.100000
v 1.600000 2.600000 0.000000
v 1.600000 2.700000 0.000000
v 1.600000 2.600000 0.100000
v 1.600000 2.700000 0.100000
v 1.600000 2.800000 0.000000
v 1.600000 2.900000 0.000000
v 1.600000 2.800000 0.100000
v 1.600000 2.900000 0.100000
v 1.600000 3.000000 0.000000
v 1.600000 3.100000 0.000000
v 1.600000 3.000000 0.100000
v 1.600000 3.100000 0.100000
v 1.700000 0.000000 0.000000
v 1.700000 0.100000 0.000000
v 1.700000 -0.000000 0.100000
v 1.700000 0.100000 0.100000
v 1.600000 0.200000 0.000000
v 1.700000 0.200000 0.000000
v 1.700000 0.300000 0.000000
v 1.600000 0.300000 0.000000
v 1.600000 0.200000 0.100000
v 1.700000 0.200000 0.100000
v 1.700000 0.300000 0.100000
v 1.600000 0.300000 0.100000
v 1.700000 0.400000 0.000000
v 1.600000 0.400000 0.000000
v 1.700000 0.400000 0.100000
v 1.600000 0.400000 0.100000
v 1.700000 0.500000 0.000000
v 1.600000 0.500000 0.000000
v 1.700000 0.500000 0.100000
v 1.600000 0.500000 0.100000
v 1.700000 0.600000 0.000000
v 1.700000 0.700000 0.000000
v 1.700000 0.600000 0.100000
v 1.700000 0.700000 0.100000
v 1.600000 0.800000 0.000000
v 1.700000 0.800000 0.000000
v 1.700000 0.900000 0.000000
v 1.600000 0.900000 0.000000
v 1.600000 0.800000 0.100000
v 1.700000 0.800000 0.100000
v 1.700000 0.900000 0.100000
v 1.600000 0.900000 0.100000
v 1.700000 1.000000 0.000000
v 1.700000 1.000000 0.100000
v 1.700000 1.100000 0.000000
v 1.700000 1.100000 0.100000
v 1.700000 1.200000 0.000000
v 1.600000 1.200000 0.000000
v 1.700000 1.200000 0.100000
v 1.600000 1.200000 0.100000
v 1.700000 1.300000 0.000000
v 1.600000 1.300000 0.000000
v 1.700000 1.300000 0.100000
v 1.600000 1.300000 0.100000
v 1.700000 1.400000 0.000000
v 1.700000 1.500000 0.000000
v 1.700000 1.400000 0.100000
v 1.700000 1.500000 0.100000
v 1.700000 1.600000 0.000000
v 1.600000 1.600000 0.000000
v 1.700000 1.600000 0.100000
v 1.600000 1.600000 0.100000
v 1.700000 1.700000 0.000000
v 1.600000 1.700000 0.000000
v 1.700000 1.700000 0.100000
v 1.600000 1.700000 0.100000
v 1.700000 1.800000 0.000000
v 1.700000 1.800000 0.100000
v 1.700000 1.900000 0.000000
v 1.700000 1.900000 0.100000
v 1.700000 2.000000 0.000000
v 1.600000 2.000000 0.000000
v 1.700000 2.000000 0.100000
v 1.600000 2.000000 0.100000
v 1.700000 2.100000 0.000000
v 1.600000 2.100000 0.000000
v 1.700000 2.100000 0.100000
v 1.600000 2.100000 0.100000
v 1.700000 2.200000 0.000000
v 1.600000 2.200000 0.000000
v 1.700000 2.200000 0.100000
v 1.600000 2.200000 0.100000
v 1.700000 2.300000 0.000000
v 1.600000 2.300000 0.000000
v 1.700000 2.300000 0.100000
v 1.600000 2.300000 0.100000
v 1.700000 2.400000 0.000000
v 1.700000 2.400000 0.100000
v 1.700000 2.500000 0.000000
v 1.700000 2.500000 0.100000
v 1.700000 2.600000 0.000000
v 1.700000 2.700000 0.000000
v 1.700000 2.600000 0.100000
v 1.700000 2.700000 0.100000
v 1.700000 2.800000 0.000000
v 1.700000 2.800000 0.100000
v 1.700000 2.900000 0.000000
v 1.700000 2.900000 0.100000
v 1.700000 3.000000 0.000000
v 1.700000 3.100000 0.000000
v 1.700000 3.000000 0.100000
v 1.700000 3.100000 0.100000
v 1.800000 0.000000 0.000000
v 1.800000 0.100000 0.000000
v 1.800000 -0.000000 0.100000
v 1.800000 0.100000 0.100000
v 1.800000 0.400000 0.000000
v 1.800000 0.500000 0.000000
v 1.800000 0.400000 0.100000
v 1.800000 0.500000 0.100000
v 1.800000 0.800000 0.000000
v 1.800000 0.900000 0.000000
v 1.800000 0.800000 0.100000
v 1.800000 0.900000 0.100000
v 1.800000 2.600000 0.000000
v 1.800000 2.700000 0.000000
v 1.800000 2.600000 0.100000
v 1.800000 2.700000 0.100000
v 1.800000 3.000000 0.000000
v 1.800000 3.100000 0.000000
v 1.800000 3.000000 0.100000
v 1.800000 3.100000 0.100000
v 1.900000 0.000000 0.000000
v 1.900000 0.100000 0.000000
v 1.900000 -0.000000 0.100000
v 1.900000 0.100000 0.100000
v 1.900000 0.200000 0.000000
v 1.800000 0.200000 0.000000
v 1.900000 0.200000 0.100000
v 1.800000 0.200000 0.100000
v 1.900000 0.300000 0.000000
v 1.800000 0.300000 0.000000
v 1.900000 0.300000 0.100000
v 1.800000 0.300000 0.100000
v 1.900000 0.400000 0.000000
v 1.900000 0.500000 0.000000
v 1.900000 0.400000 0.100000
v 1.900000 0.500000 0.100000
v 1.900000 0.600000 0.000000
v 1.800000 0.600000 0.000000
v 1.900000 0.600000 0.100000
v 1.800000 0.600000 0.100000
v 1.900000 0.700000 0.000000
v 1.800000 0.700000 0.000000
v 1.900000 0.700000 0.100000
v 1.800000 0.700000 0.100000
v 1.900000 0.800000 0.000000
v 1.900000 0.800000 0.100000
v 1.900000 0.900000 0.000000
v 1.900000 0.900000 0.100000
v 1.800000 1.000000 0.000000
v 1.900000 1.000000 0.000000
v 1.900000 1.100000 0.000000
v 1.800000 1.100000 0.000000
v 1.800000 1.000000 0.100000
v 1.900000 1.000000 0.100000
v 1.900000 1.100000 0.100000
v 1.800000 1.100000 0.100000
v 1.900000 1.200000 0.000000
v 1.800000 1.200000 0.000000
v 1.900000 1.200000 0.100000
v 1.800000 1.200000 0.100000
v 1.900000 1.300000 0.000000
v 1.800000 1.300000 0.000000
v 1.900000 1.300000 0.100000
v 1.800000 1.300000 0.100000
v 1.900000 1.400000 0.000000
v 1.800000 1.400000 0.000000
v 1.900000 1.400000 0.100000
v 1.800000 1.400000 0.100000
v 1.900000 1.500000 0.000000
v 1.800000 1.500000 0.000000
v 1.900000 1.500000 0.100000
v 1.800000 1.500000 0.100000
v 1.800000 1.600000 0.000000
v 1.900000 1.600000 0.000000
v 1.900000 1.700000 0.000000
v 1.800000 1.700000 0.000000
v 1.800000 1.600000 0.100000
v 1.900000 1.600000 0.100000
v 1.900000 1.700000 0.100000
v 1.800000 1.700000 0.100000
v 1.900000 1.800000 0.000000
v 1.800000 1.800000 0.000000
v 1.900000 1.800000 0.100000
v 1.800000 1.800000 0.100000
v 1.900000 1.900000 0.000000
v 1.800000 1.900000 0.000000
v 1.900000 1.900000 0.100000
v 1.800000 1.900000 0.100000
v 1.800000 2.000000 0.000000
v 1.900000 2.000000 0.000000
v 1.900000 2.100000 0.000000
v 1.800000 2.100000 0.000000
v 1.800000 2.000000 0.100000
v 1.900000 2.000000 0.100000
v 1.900000 2.100000 0.100000
v 1.800000 2.100000 0.100000
v 1.900000 2.200000 0.000000
v 1.800000 2.200000 0.000000
v 1.900000 2.200000 0.100000
v 1.800000 2.200000 0.100000
v 1.900000 2.300000 0.000000
v 1.800000 2.300000 0.000000
v 1.900000 2.300000 0.100000
v 1.800000 2.300000 0.100000
v 1.800000 2.400000 0.000000
v 1.900000 2.400000 0.000000
v 1.900000 2.500000 0.000000
v 1.800000 2.500000 0.000000
v 1.800000 2.400000 0.100000
v 1.900000 2.400000 0.100000
v 1.900000 2.500000 0.100000
v 1.800000 2.500000 0.100000
v 1.900000 2.600000 0.000000
v 1.900000 2.600000 0.100000
v 1.900000 2.700000 0.000000
v 1.900000 2.700000 0.100000
v 1.800000 2.800000 0.000000
v 1.900000 2.800000 0.000000
v 1.900000 2.900000 0.000000
v 1.800000 2.900000 0.000000
v 1.800000 2.800000 0.100000
v 1.900000 2.800000 0.100000
v 1.900000 2.900000 0.100000
v 1.800000 2.900000 0.100000
v 1.900000 3.000000 0.000000
v 1.900000 3.000000 0.100000
v 1.900000 3.100000 0.000000
v 1.900000 3.100000 0.100000
v 2.000000 0.000000 0.000000
v 2.000000 0.100000 0.000000
v 2.000000 -0.000000 0.100000
v 2.000000 0.100000 0.100000
v 2.000000 0.200000 0.000000
v 2.000000 0.300000 0.000000
v 2.000000 0.200000 0.100000
v 2.000000 0.300000 0.100000
v 2.000000 0.400000 0.000000
v 2.000000 0.500000 0.000000
v 2.000000 0.400000 0.100000
v 2.000000 0.500000 0.100000
v 2.000000 0.800000 0.000000
v 2.000000 0.900000 0.000000
v 2.000000 0.800000 0.100000
v 2.000000 0.900000 0.100000
v 2.000000 1.000000 0.000000
v 2.000000 1.100000 0.000000
v 2.000000 1.000000 0.100000
v 2.000000 1.100000 0.100000
v 2.000000 1.600000 0.000000
v 2.000000 1.700000 0.000000
v 2.000000 1.600000 0.100000
v 2.000000 1.700000 0.100000
v 2.000000 2.000000 0.000000
v 2.000000 2.100000 0.000000
v 2.000000 2.000000 0.100000
v 2.000000 2.100000 0.100000
v 2.000000 2.200000 0.000000
v 2.000000 2.300000 0.000000
v 2.000000 2.200000 0.100000
v 2.000000 2.300000 0.100000
v 2.000000 2.600000 0.000000
v 2.000000 2.700000 0.000000
v 2.000000 2.600000 0.100000
v 2.000000 2.700000 0.100000
v 2.000000 2.800000 0.000000
v 2.000000 2.900000 0.000000
v 2.000000 2.800000 0.100000
v 2.000000 2.900000 0.100000
v 2.000000 3.000000 0.000000
v 2.000000 3.100000 0.000000
v 2.000000 3.000000 0.100000
v 2.000000 3.100000 0.100000
v 2.100000 0.000000 0.000000
v 2.100000 0.100000 0.000000
v 2.100000 -0.000000 0.100000
v 2.100000 0.100000 0.100000
v 2.100000 0.200000 0.000000
v 2.100000 0.300000 0.000000
v 2.100000 0.200000 0.100000
v 2.100000 0.300000 0.100000
v 2.100000 0.400000 0.000000
v 2.100000 0.500000 0.000000
v 2.100000 0.400000 0.100000
v 2.100000 0.500000 0.100000
v 2.100000 0.600000 0.000000
v 2.000000 0.600000 0.000000
v 2.100000 0.600000 0.100000
v 2.000000 0.600000 0.100000
v 2.100000 0.700000 0.000000
v 2.000000 0.700000 0.000000
v 2.100000 0.700000 0.100000
v 2.000000 0.700000 0.100000
v 2.100000 0.800000 0.000000
v 2.100000 0.900000 0.000000
v 2.100000 0.800000 0.100000
v 2.100000 0.900000 0.100000
v 2.100000 1.000000 0.000000
v 2.100000 1.100000 0.000000
v 2.100000 1.000000 0.100000
v 2.100000 1.100000 0.100000
v 2.000000 1.200000 0.000000
v 2.100000 1.200000 0.000000
v 2.100000 1.300000 0.000000
v 2.000000 1.300000 0.000000
v 2.000000 1.200000 0.100000
v 2.100000 1.200000 0.100000
v 2.100000 1.300000 0.100000
v 2.000000 1.300000 0.100000
v 2.100000 1.400000 0.000000
v 2.000000 1.400000 0.000000
v 2.100000 1.400000 0.100000
v 2.000000 1.400000 0.100000
v 2.100000 1.500000 0.000000
v 2.000000 1.500000 0.000000
v 2.100000 1.500000 0.100000
v 2.000000 1.500000 0.100000
v 2.100000 1.600000 0.000000
v 2.100000 1.600000 0.100000
v 2.100000 1.700000 0.000000
v 2.100000 1.700000 0.100000
v 2.000000 1.800000 0.000000
v 2.100000 1.800000 0.000000
v 2.100000 1.900000 0.000000
v 2.000000 1.900000 0.000000
v 2.000000 1.800000 0.100000
v 2.100000 1.800000 0.100000
v 2.100000 1.900000 0.100000
v 2.000000 1.900000 0.100000
v 2.100000 2.000000 0.000000
v 2.100000 2.000000 0.100000
v 2.100000 2.100000 0.000000
v 2.100000 2.100000 0.100000
v 2.100000 2.200000 0.000000
v 2.100000 2.300000 0.000000
v 2.100000 2.200000 0.100000
v 2.100000 2.300000 0.100000
v 2.100000 2.400000 0.000000
v 2.000000 2.400000 0.000000
v 2.100000 2.400000 0.100000
v 2.000000 2.400000 0.100000
v 2.100000 2.500000 0.000000
v 2.000000 2.500000 0.000000
v 2.100000 2.500000 0.100000
v 2.000000 2.500000 0.100000
v 2.100000 2.600000 0.000000
v 2.100000 2.700000 0.000000
v 2.100000 2.600000 0.100000
v 2.100000 2.700000 0.100000
v 2.100000 2.800000 0.000000
v 2.100000 2.900000 0.000000
v 2.100000 2.800000 0.100000
v 2.100000 2.900000 0.100000
v 2.100000 3.000000 0.000000
v 2.100000 3.100000 0.000000
v 2.100000 3.000000 0.100000
v 2.100000 3.100000 0.100000
v 2.200000 0.000000 0.000000
v 2.200000 0.100000 0.000000
v 2.200000 -0.000000 0.100000
v 2.200000 0.100000 0.100000
v 2.200000 0.400000 0.000000
v 2.200000 0.500000 0.000000
v 2.200000 0.400000 0.100000
v 2.200000 0.500000 0.100000
v 2.200000 0.800000 0.000000
v 2.200000 0.900000 0.000000
v 2.200000 0.800000 0.100000
v 2.200000 0.900000 0.100000
v 2.200000 1.200000 0.000000
v 2.200000 1.300000 0.000000
v 2.200000 1.200000 0.100000
v 2.200000 1.300000 0.100000
v 2.200000 1.800000 0.000000
v 2.200000 1.900000 0.000000
v 2.200000 1.800000 0.100000
v 2.200000 1.900000 0.100000
v 2.200000 2.400000 0.000000
v 2.200000 2.500000 0.000000
v 2.200000 2.400000 0.100000
v 2.200000 2.500000 0.100000
v 2.200000 2.800000 0.000000
v 2.200000 2.900000 0.000000
v 2.200000 2.800000 0.100000
v 2.200000 2.900000 0.100000
v 2.200000 3.000000 0.000000
v 2.200000 3.100000 0.000000
v 2.200000 3.000000 0.100000
v 2.200000 3.100000 0.100000
v 2.300000 0.000000 0.000000
v 2.300000 0.100000 0.000000
v 2.300000 -0.000000 0.100000
v 2.300000 0.100000 0.100000
v 2.200000 0.200000 0.000000
v 2.300000 0.200000 0.000000
v 2.300000 0.300000 0.000000
v 2.200000 0.300000 0.000000
v 2.200000 0.200000 0.100000
v 2.300000 0.200000 0.100000
v 2.300000 0.300000 0.100000
v 2.200000 0.300000 0.100000
v 2.300000 0.400000 0.000000
v 2.300000 0.400000 0.100000
v 2.300000 0.500000 0.000000
v 2.300000 0.500000 0.100000
v 2.200000 0.600000 0.000000
v 2.300000 0.600000 0.000000
v 2.300000 0.700000 0.000000
v 2.200000 0.700000 0.000000
v 2.200000 0.600000 0.100000
v 2.300000 0.600000 0.100000
v 2.300000 0.700000 0.100000
v 2.200000 0.700000 0.100000
v 2.300000 0.800000 0.000000
v 2.300000 0.900000 0.000000
v 2.300000 0.800000 0.100000
v 2.300000 0.900000 0.100000
v 2.300000 1.000000 0.000000
v 2.200000 1.000000 0.000000
v 2.300000 1.000000 0.100000
v 2.200000 1.000000 0.100000
v 2.300000 1.100000 0.000000
v 2.200000 1.100000 0.000000
v 2.300000 1.100000 0.100000
v 2.200000 1.100000 0.100000
v 2.300000 1.200000 0.000000
v 2.300000 1.300000 0.000000
v 2.300000 1.200000 0.100000
v 2.300000 1.300000 0.100000
v 2.200000 1.400000 0.000000
v 2.300000 1.400000 0.000000
v 2.300000 1.500000 0.000000
v 2.200000 1.500000 0.000000
v 2.200000 1.400000 0.100000
v 2.300000 1.400000 0.100000
v 2.300000 1.500000 0.100000
v 2.200000 1.500000 0.100000
v 2.300000 1.600000 0.000000
v 2.200000 1.600000 0.000000
v 2.300000 1.600000 0.100000
v 2.200000 1.600000 0.100000
v 2.300000 1.700000 0.000000
v 2.200000 1.700000 0.000000
v 2.300000 1.700000 0.100000
v 2.200000 1.700000 0.100000
v 2.300000 1.800000 0.000000
v 2.300000 1.800000 0.100000
v 2.300000 1.900000 0.000000
v 2.300000 1.900000 0.100000
v 2.300000 2.000000 0.000000
v 2.200000 2.000000 0.000000
v 2.300000 2.000000 0.100000
v 2.200000 2.000000 0.100000
v 2.300000 2.100000 0.000000
v 2.200000 2.100000 0.000000
v 2.300000 2.100000 0.100000
v 2.200000 2.100000 0.100000
v 2.300000 2.200000 0.000000
v 2.200000 2.200000 0.000000
v 2.300000 2.200000 0.100000
v 2.200000 2.200000 0.100000
v 2.300000 2.300000 0.000000
v 2.200000 2.300000 0.000000
v 2.300000 2.300000 0.100000
v 2.200000 2.300000 0.100000
v 2.300000 2.400000 0.000000
v 2.300000 2.500000 0.000000
v 2.300000 2.400000 0.100000
v 2.300000 2.500000 0.100000
v 2.300000 2.600000 0.000000
v 2.200000 2.600000 0.000000
v 2.300000 2.600000 0.100000
v 2.200000 2.600000 0.100000
v 2.300000 2.700000 0.000000
v 2.200000 2.700000 0.000000
v 2.300000 2.700000 0.100000
v 2.200000 2.700000 0.100000
v 2.300000 2.800000 0.000000
v 2.300000 2.800000 0.100000
v 2.300000 2.900000 0.000000
v 2.300000 2.900000 0.100000
v 2.300000 3.000000 0.000000
v 2.300000 3.100000 0.000000
v 2.300000 3.000000 0.100000
v 2.300000 3.100000 0.100000
v 2.400000 0.000000 0.000000
v 2.400000 0.100000 0.000000
v 2.400000 -0.000000 0.100000
v 2.400000 0.100000 0.100000
v 2.400000 0.200000 0.000000
v 2.400000 0.300000 0.000000
v 2.400000 0.200000 0.100000
v 2.400000 0.300000 0.100000
v 2.400000 0.600000 0.000000
v 2.400000 0.700000 0.000000
v 2.400000 0.600000 0.100000
v 2.400000 0.700000 0.100000
v 2.400000 0.800000 0.000000
v 2.400000 0.900000 0.000000
v 2.400000 0.800000 0.100000
v 2.400000 0.900000 0.100000
v 2.400000 1.000000 0.000000
v 2.400000 1.100000 0.000000
v 2.400000 1.000000 0.100000
v 2.400000 1.100000 0.100000
v 2.400000 1.400000 0.000000
v 2.400000 1.500000 0.000000
v 2.400000 1.400000 0.100000
v 2.400000 1.500000 0.100000
v 2.400000 2.600000 0.000000
v 2.400000 2.700000 0.000000
v 2.400000 2.600000 0.100000
v 2.400000 2.700000 0.100000
v 2.400000 3.000000 0.000000
v 2.400000 3.100000 0.000000
v 2.400000 3.000000 0.100000
v 2.400000 3.100000 0.100000
v 2.500000 0.000000 0.000000
v 2.500000 0.100000 0.000000
v 2.500000 -0.000000 0.100000
v 2.500000 0.100000 0.100000
v 2.500000 0.200000 0.000000
v 2.500000 0.300000 0.000000
v 2.500000 0.200000 0.100000
v 2.500000 0.300000 0.100000
v 2.500000 0.400000 0.000000
v 2.400000 0.400000 0.000000
v 2.500000 0.400000 0.100000
v 2.400000 0.400000 0.100000
v 2.500000 0.500000 0.000000
v 2.400000 0.500000 0.000000
v 2.500000 0.500000 0.100000
v 2.400000 0.500000 0.100000
v 2.500000 0.600000 0.000000
v 2.500000 0.700000 0.000000
v 2.500000 0.600000 0.100000
v 2.500000 0.700000 0.100000
v 2.500000 0.800000 0.000000
v 2.500000 0.900000 0.000000
v 2.500000 0.800000 0.100000
v 2.500000 0.900000 0.100000
v 2.500000 1.000000 0.000000
v 2.500000 1.100000 0.000000
v 2.500000 1.000000 0.100000
v 2.500000 1.100000 0.100000
v 2.500000 1.200000 0.000000
v 2.400000 1.200000 0.000000
v 2.500000 1.200000 0.100000
v 2.400000 1.200000 0.100000
v 2.500000 1.300000 0.000000
v 2.400000 1.300000 0.000000
v 2.500000 1.300000 0.100000
v 2.400000 1.300000 0.100000
v 2.500000 1.400000 0.000000
v 2.500000 1.400000 0.100000
v 2.500000 1.500000 0.000000
v 2.500000 1.500000 0.100000
v 2.400000 1.600000 0.000000
v 2.500000 1.600000 0.000000
v 2.500000 1.700000 0.000000
v 2.400000 1.700000 0.000000
v 2.400000 1.600000 0.100000
v 2.500000 1.600000 0.100000
v 2.500000 1.700000 0.100000
v 2.400000 1.700000 0.100000
v 2.500000 1.800000 0.000000
v 2.400000 1.800000 0.000000
v 2.500000 1.800000 0.100000
v 2.400000 1.800000 0.100000
v 2.500000 1.900000 0.000000
v 2.400000 1.900000 0.000000
v 2.500000 1.900000 0.100000
v 2.400000 1.900000 0.100000
v 2.500000 2.000000 0.000000
v 2.400000 2.000000 0.000000
v 2.500000 2.000000 0.100000
v 2.400000 2.000000 0.100000
v 2.500000 2.100000 0.000000
v 2.400000 2.100000 0.000000
v 2.500000 2.100000 0.100000
v 2.400000 2.100000 0.100000
v 2.500000 2.200000 0.000000
v 2.400000 2.200000 0.000000
v 2.500000 2.200000 0.100000
v 2.400000 2.200000 0.100000
v 2.500000 2.300000 0.000000
v 2.400000 2.300000 0.000000
v 2.500000 2.300000 0.100000
v 2.400000 2.300000 0.100000
v 2.500000 2.400000 0.000000
v 2.400000 2.400000 0.000000
v 2.500000 2.400000 0.100000
v 2.400000 2.400000 0.100000
v 2.500000 2.500000 0.000000
v 2.400000 2.500000 0.000000
v 2.500000 2.500000 0.100000
v 2.400000 2.500000 0.100000
v 2.500000 2.600000 0.000000
v 2.500000 2.700000 0.000000
v 2.500000 2.600000 0.100000
v 2.500000 2.700000 0.100000
v 2.400000 2.800000 0.000000
v 2.500000 2.800000 0.000000
v 2.500000 2.900000 0.000000
v 2.400000 2.900000 0.000000
v 2.400000 2.800000 0.100000
v 2.500000 2.800000 0.100000
v 2.500000 2.900000 0.100000
v 2.400000 2.900000 0.100000
v 2.500000 3.000000 0.000000
v 2.500000 3.100000 0.000000
v 2.500000 3.000000 0.100000
v 2.500000 3.100000 0.100000
v 2.600000 0.000000 0.000000
v 2.600000 0.100000 0.000000
v 2.600000 -0.000000 0.100000
v 2.600000 0.100000 0.100000
v 2.600000 0.600000 0.000000
v 2.600000 0.700000 0.000000
v 2.600000 0.600000 0.100000
v 2.600000 0.700000 0.100000
v 2.600000 1.600000 0.000000
v 2.600000 1.700000 0.000000
v 2.600000 1.600000 0.100000
v 2.600000 1.700000 0.100000
v 2.600000 2.200000 0.000000
v 2.600000 2.300000 0.000000
v 2.600000 2.200000 0.100000
v 2.600000 2.300000 0.100000
v 2.600000 2.600000 0.000000
v 2.600000 2.700000 0.000000
v 2.600000 2.600000 0.100000
v 2.600000 2.700000 0.100000
v 2.600000 2.800000 0.000000
v 2.600000 2.900000 0.000000
v 2.600000 2.800000 0.100000
v 2.600000 2.900000 0.100000
v 2.600000 3.000000 0.000000
v 2.600000 3.100000 0.000000
v 2.600000 3.000000 0.100000
v 2.600000 3.100000 0.100000
v 2.700000 0.000000 0.000000
v 2.700000 0.100000 0.000000
v 2.700000 -0.000000 0.100000
v 2.700000 0.100000 0.100000
v 2.700000 0.200000 0.000000
v 2.600000 0.200000 0.000000
v 2.700000 0.200000 0.100000
v 2.600000 0.200000 0.100000
v 2.700000 0.300000 0.000000
v 2.600000 0.300000 0.000000
v 2.700000 0.300000 0.100000
v 2.600000 0.300000 0.100000
v 2.700000 0.400000 0.000000
v 2.600000 0.400000 0.000000
v 2.700000 0.400000 0.100000
v 2.600000 0.400000 0.100000
v 2.700000 0.500000 0.000000
v 2.600000 0.500000 0.000000
v 2.700000 0.500000 0.100000
v 2.600000 0.500000 0.100000
v 2.700000 0.600000 0.000000
v 2.700000 0.600000 0.100000
v 2.700000 0.700000 0.000000
v 2.700000 0.700000 0.100000
v 2.700000 0.800000 0.000000
v 2.600000 0.800000 0.000000
v 2.700000 0.800000 0.100000
v 2.600000 0.800000 0.100000
v 2.700000 0.900000 0.000000
v 2.600000 0.900000 0.000000
v 2.700000 0.900000 0.100000
v 2.600000 0.900000 0.100000
v 2.700000 1.000000 0.000000
v 2.600000 1.000000 0.000000
v 2.700000 1.000000 0.100000
v 2.600000 1.000000 0.100000
v 2.700000 1.100000 0.000000
v 2.600000 1.100000 0.000000
v 2.700000 1.100000 0.100000
v 2.600000 1.100000 0.100000
v 2.700000 1.200000 0.000000
v 2.600000 1.200000 0.000000
v 2.700000 1.200000 0.100000
v 2.600000 1.200000 0.100000
v 2.700000 1.300000 0.000000
v 2.600000 1.300000 0.000000
v 2.700000 1.300000 0.100000
v 2.600000 1.300000 0.100000
v 2.700000 1.400000 0.000000
v 2.600000 1.400000 0.000000
v 2.700000 1.400000 0.100000
v 2.600000 1.400000 0.100000
v 2.700000 1.500000 0.000000
v 2.600000 1.500000 0.000000
v 2.700000 1.500000 0.100000
v 2.600000 1.500000 0.100000
v 2.700000 1.600000 0.000000
v 2.700000 1.600000 0.100000
v 2.700000 1.700000 0.000000
v 2.700000 1.700000 0.100000
v 2.600000 1.800000 0.000000
v 2.700000 1.800000 0.000000
v 2.700000 1.900000 0.000000
v 2.600000 1.900000 0.000000
v 2.600000 1.800000 0.100000
v 2.700000 1.800000 0.100000
v 2.700000 1.900000 0.100000
v 2.600000 1.900000 0.100000
v 2.700000 2.000000 0.000000
v 2.600000 2.000000 0.000000
v 2.700000 2.000000 0.100000
v 2.600000 2.000000 0.100000
v 2.700000 2.100000 0.000000
v 2.600000 2.100000 0.000000
v 2.700000 2.100000 0.100000
v 2.600000 2.100000 0.100000
v 2.700000 2.200000 0.000000
v 2.700000 2.300000 0.000000
v 2.700000 2.200000 0.100000
v 2.700000 2.300000 0.100000
v 2.600000 2.400000 0.000000
v 2.700000 2.400000 0.000000
v 2.700000 2.500000 0.000000
v 2.600000 2.500000 0.000000
v 2.600000 2.400000 0.100000
v 2.700000 2.400000 0.100000
v 2.700000 2.500000 0.100000
v 2.600000 2.500000 0.100000
v 2.700000 2.600000 0.000000
v 2.700000 2.600000 0.100000
v 2.700000 2.700000 0.000000
v 2.700000 2.700000 0.100000
v 2.700000 2.800000 0.000000
v 2.700000 2.900000 0.000000
v 2.700000 2.800000 0.100000
v 2.700000 2.900000 0.100000
v 2.700000 3.000000 0.000000
v 2.700000 3.100000 0.000000
v 2.700000 3.000000 0.100000
v 2.700000 3.100000 0.100000
v 2.800000 0.000000 0.000000
v 2.800000 0.100000 0.000000
v 2.800000 -0.000000 0.100000
v 2.800000 0.100000 0.100000
v 2.800000 0.200000 0.000000
v 2.800000 0.300000 0.000000
v 2.800000 0.200000 0.100000
v 2.800000 0.300000 0.100000
v 2.800000 1.200000 0.000000
v 2.800000 1.300000 0.000000
v 2.800000 1.200000 0.100000
v 2.800000 1.300000 0.100000
v 2.800000 1.800000 0.000000
v 2.800000 1.900000 0.000000
v 2.800000 1.800000 0.100000
v 2.800000 1.900000 0.100000
v 2.800000 2.000000 0.000000
v 2.800000 2.100000 0.000000
v 2.800000 2.000000 0.100000
v 2.800000 2.100000 0.100000
v 2.800000 2.200000 0.000000
v 2.800000 2.300000 0.000000
v 2.800000 2.200000 0.100000
v 2.800000 2.300000 0.100000
v 2.800000 2.600000 0.000000
v 2.800000 2.700000 0.000000
v 2.800000 2.600000 0.100000
v 2.800000 2.700000 0.100000
v 2.800000 2.800000 0.000000
v 2.800000 2.900000 0.000000
v 2.800000 2.800000 0.100000
v 2.800000 2.900000 0.100000
v 2.800000 3.000000 0.000000
v 2.800000 3.100000 0.000000
v 2.800000 3.000000 0.100000
v 2.800000 3.100000 0.100000
v 2.900000 0.000000 0.000000
v 2.900000 0.100000 0.000000
v 2.900000 -0.000000 0.100000
v 2.900000 0.100000 0.100000
v 2.900000 0.200000 0.000000
v 2.900000 0.300000 0.000000
v 2.900000 0.200000 0.100000
v 2.900000 0.300000 0.100000
v 2.800000 0.400000 0.000000
v 2.900000 0.400000 0.000000
v 2.900000 0.500000 0.000000
v 2.800000 0.500000 0.000000
v 2.800000 0.400000 0.100000
v 2.900000 0.400000 0.100000
v 2.900000 0.500000 0.100000
v 2.800000 0.500000 0.100000
v 2.900000 0.600000 0.000000
v 2.800000 0.600000 0.000000
v 2.900000 0.600000 0.100000
v 2.800000 0.600000 0.100000
v 2.900000 0.700000 0.000000
v 2.800000 0.700000 0.000000
v 2.900000 0.700000 0.100000
v 2.800000 0.700000 0.100000
v 2.900000 0.800000 0.000000
v 2.800000 0.800000 0.000000
v 2.900000 0.800000 0.100000
v 2.800000 0.800000 0.100000
v 2.900000 0.900000 0.000000
v 2.800000 0.900000 0.000000
v 2.900000 0.900000 0.100000
v 2.800000 0.900000 0.100000
v 2.800000 1.000000 0.000000
v 2.900000 1.000000 0.000000
v 2.900000 1.100000 0.000000
v 2.800000 1.100000 0.000000
v 2.800000 1.000000 0.100000
v 2.900000 1.000000 0.100000
v 2.900000 1.100000 0.100000
v 2.800000 1.100000 0.100000
v 2.900000 1.200000 0.000000
v 2.900000 1.300000 0.000000
v 2.900000 1.200000 0.100000
v 2.900000 1.300000 0.100000
v 2.800000 1.400000 0.000000
v 2.900000 1.400000 0.000000
v 2.900000 1.500000 0.000000
v 2.800000 1.500000 0.000000
v 2.800000 1.400000 0.100000
v 2.900000 1.400000 0.100000
v 2.900000 1.500000 0.100000
v 2.800000 1.500000 0.100000
v 2.900000 1.600000 0.000000
v 2.800000 1.600000 0.000000
v 2.900000 1.600000 0.100000
v 2.800000 1.600000 0.100000
v 2.900000 1.700000 0.000000
v 2.800000 1.700000 0.000000
v 2.900000 1.700000 0.100000
v 2.800000 1.700000 0.100000
v 2.900000 1.800000 0.000000
v 2.900000 1.800000 0.100000
v 2.900000 1.900000 0.000000
v 2.900000 1.900000 0.100000
v 2.900000 2.000000 0.000000
v 2.900000 2.100000 0.000000
v 2.900000 2.000000 0.100000
v 2.900000 2.100000 0.100000
v 2.900000 2.200000 0.000000
v 2.900000 2.300000 0.000000
v 2.900000 2.200000 0.100000
v 2.900000 2.300000 0.100000
v 2.900000 2.400000 0.000000
v 2.800000 2.400000 0.000000
v 2.900000 2.400000 0.100000
v 2.800000 2.400000 0.100000
v 2.900000 2.500000 0.000000
v 2.800000 2.500000 0.000000
v 2.900000 2.500000 0.100000
v 2.800000 2.500000 0.100000
v 2.900000 2.600000 0.000000
v 2.900000 2.700000 0.000000
v 2.900000 2.600000 0.100000
v 2.900000 2.700000 0.100000
v 2.900000 2.800000 0.000000
v 2.900000 2.800000 0.100000
v 2.900000 2.900000 0.000000
v 2.900000 2.900000 0.100000
v 2.900000 3.000000 0.000000
v 2.900000 3.100000 0.000000
v 2.900000 3.000000 0.100000
v 2.900000 3.100000 0.100000
v 3.000000 0.000000 0.000000
v 3.000000 0.100000 0.000000
v 3.000000 -0.000000 0.100000
v 3.000000 0.100000 0.100000
v 3.000000 1.000000 0.000000
v 3.000000 1.100000 0.000000
v 3.000000 1.000000 0.100000
v 3.000000 1.100000 0.100000
v 3.000000 2.000000 0.000000
v 3.000000 2.100000 0.000000
v 3.000000 2.000000 0.100000
v 3.000000 2.100000 0.100000
v 3.100000 0.000000 0.000000
v 3.100000 0.100000 0.000000
v 3.100000 -0.000000 0.100000
v 3.100000 0.100000 0.100000
v 3.100000 0.200000 0.000000
v 3.000000 0.200000 0.000000
v 3.100000 0.200000 0.100000
v 3.000000 0.200000 0.100000
v 3.100000 0.300000 0.000000
v 3.000000 0.300000 0.000000
v 3.100000 0.300000 0.100000
v 3.000000 0.300000 0.100000
v 3.100000 0.400000 0.000000
v 3.000000 0.400000 0.000000
v 3.100000 0.400000 0.100000
v 3.000000 0.400000 0.100000
v 3.100000 0.500000 0.000000
v 3.000000 0.500000 0.000000
v 3.100000 0.500000 0.100000
v 3.000000 0.500000 0.100000
v 3.100000 0.600000 0.000000
v 3.000000 0.600000 0.000000
v 3.100000 0.600000 0.100000
v 3.000000 0.600000 0.100000
v 3.100000 0.700000 0.000000
v 3.000000 0.700000 0.000000
v 3.100000 0.700000 0.100000
v 3.000000 0.700000 0.100000
v 3.100000 0.800000 0.000000
v 3.000000 0.800000 0.000000
v 3.100000 0.800000 0.100000
v 3.000000 0.800000 0.100000
v 3.100000 0.900000 0.000000
v 3.000000 0.900000 0.000000
v 3.100000 0.900000 0.100000
v 3.000000 0.900000 0.100000
v 3.100000 1.000000 0.000000
v 3.100000 1.000000 0.100000
v 3.100000 1.100000 0.000000
v 3.100000 1.100000 0.100000
v 3.100000 1.200000 0.000000
v 3.000000 1.200000 0.000000
v 3.100000 1.200000 0.100000
v 3.000000 1.200000 0.100000
v 3.100000 1.300000 0.000000
v 3.000000 1.300000 0.000000
v 3.100000 1.300000 0.100000
v 3.000000 1.300000 0.100000
v 3.100000 1.400000 0.000000
v 3.000000 1.400000 0.000000
v 3.100000 1.400000 0.100000
v 3.000000 1.400000 0.100000
v 3.100000 1.500000 0.000000
v 3.000000 1.500000 0.000000
v 3.100000 1.500000 0.100000
v 3.000000 1.500000 0.100000
v 3.100000 1.600000 0.000000
v 3.000000 1.600000 0.000000
v 3.100000 1.600000 0.100000
v 3.000000 1.600000 0.100000
v 3.100000 1.700000 0.000000
v 3.000000 1.700000 0.000000
v 3.100000 1.700000 0.100000
v 3.000000 1.700000 0.100000
v 3.100000 1.800000 0.000000
v 3.000000 1.800000 0.000000
v 3.100000 1.800000 0.100000
v 3.000000 1.800000 0.100000
v 3.100000 1.900000 0.000000
v 3.000000 1.900000 0.000000
v 3.100000 1.900000 0.100000
v 3.000000 1.900000 0.100000
v 3.100000 2.000000 0.000000
v 3.100000 2.000000 0.100000
v 3.100000 2.100000 0.000000
v 3.100000 2.100000 0.100000
v 3.100000 2.200000 0.000000
v 3.000000 2.200000 0.000000
v 3.100000 2.200000 0.100000
v 3.000000 2.200000 0.100000
v 3.100000 2.300000 0.000000
v 3.000000 2.300000 0.000000
v 3.100000 2.300000 0.100000
v 3.000000 2.300000 0.100000
v 3.100000 2.400000 0.000000
v 3.000000 2.400000 0.000000
v 3.100000 2.400000 0.100000
v 3.000000 2.400000 0.100000
v 3.100000 2.500000 0.000000
v 3.000000 2.500000 0.000000
v 3.100000 2.500000 0.100000
v 3.000000 2.500000 0.100000
v 3.100000 2.600000 0.000000
v 3.000000 2.600000 0.000000
v 3.100000 2.600000 0.100000
v 3.000000 2.600000 0.100000
v 3.100000 2.700000 0.000000
v 3.000000 2.700000 0.000000
v 3.100000 2.700000 0.100000
v 3.000000 2.700000 0.100000
v 3.100000 2.800000 0.000000
v 3.000000 2.800000 0.000000
v 3.100000 2.800000 0.100000
v 3.000000 2.800000 0.100000
v 3.100000 2.900000 0.000000
v 3.000000 2.900000 0.000000
v 3.100000 2.900000 0.100000
v 3.000000 2.900000 0.100000
v 3.100000 3.000000 0.000000
v 3.000000 3.000000 0.000000
v 3.100000 3.000000 0.100000
v 3.000000 3.000000 0.100000
v 3.100000 3.100000 0.000000
v 3.000000 3.100000 0.000000
v 3.100000 3.100000 0.100000
v 3.000000 3.100000 0.100000
vn -0.0000 -0.0000 -1.0000
vn -0.0000 -0.0000 1.0000
vn -0.0000 -1.0000 -0.0000
vn -0.0000 1.0000 -0.0000
vn -1.0000 -0.0000 -0.0000
vn 1.0000 -0.0000 -0.0000
vt -7.246977 -6.734102
vt -6.746977 -6.734102
vt -6.746977 -7.234102
vt -7.246977 -7.234102
vt -7.246977 0.249995
vt -6.746977 0.249995
vt -6.746977 0.749995
vt -7.246977 0.749995
vt -6.246977 0.749995
vt -6.246977 0.249995
vt -6.734102 0.249995
vt -7.234102 0.249995
vt -7.234102 0.749995
vt -6.734102 0.749995
vt -7.246977 -6.234102
vt -6.746977 -6.234102
vt -6.234102 0.249995
vt -6.234102 0.749995
vt -7.246977 -5.734102
vt -6.746977 -5.734102
vt -5.734102 0.249995
vt -5.734102 0.749995
vt -7.246977 -5.234102
vt -6.746977 -5.234102
vt -5.234102 0.249995
vt -5.234102 0.749995
vt -7.246977 -4.734102
vt -6.746977 -4.734102
vt -4.734102 0.249995
vt -4.734102 0.749995
vt -7.246977 -4.234102
vt -6.746977 -4.234102
vt -4.234102 0.249995
vt -4.234102 0.749995
vt -7.246977 -3.734102
vt -6.746977 -3.734102
vt -3.734102 0.249995
vt -3.734102 0.749995
vt -7.246977 -3.234102
vt -6.746977 -3.234102
vt -3.234102 0.249995
vt -3.234102 0.749995
vt -7.246977 -2.734102
vt -6.746977 -2.734102
vt -2.734102 0.249995
vt -2.734102 0.749995
vt -7.246977 -2.234102
vt -6.746977 -2.234102
vt -2.234102 0.249995
vt -2.234102 0.749995
vt -7.246977 -1.734102
vt -6.746977 -1.734102
vt -1.734102 0.249995
vt -1.734102 0.749995
vt -7.246977 -1.234102
vt -6.746977 -1.234102
vt -1.234102 0.249995
vt -1.234102 0.749995
vt -7.246977 -0.734102
vt -6.746977 -0.734102
vt -0.734102 0.249995
vt -0.734102 0.749995
vt -7.246977 -0.234102
vt -6.746977 -0.234102
vt -0.234102 0.249995
vt -0.234102 0.749995
vt -7.246977 0.265898
vt -6.746977 0.265898
vt 0.265898 0.249995
vt 0.265898 0.749995
vt -7.246977 0.765898
vt -6.746977 0.765898
vt 0.765898 0.249995
vt 0.765898 0.749995
vt -7.246977 1.265898
vt -6.746977 1.265898
vt 1.265898 0.249995
vt 1.265898 0.749995
vt -7.246977 1.765898
vt -6.746977 1.765898
vt 1.765898 0.249995
vt 1.765898 0.749995
vt -7.246977 2.265898
vt -6.746977 2.265898
vt 2.265898 0.249995
vt 2.265898 0.749995
vt -7.246977 2.765898
vt -6.746977 2.765898
vt 2.765898 0.249995
vt 2.765898 0.749995
vt -7.246977 3.265899
vt -6.746977 3.265899
vt 3.265899 0.249995
vt 3.265899 0.749995
vt -7.246977 3.765898
vt -6.746977 3.765898
vt 3.765898 0.249995
vt 3.765898 0.749995
vt -7.246977 4.265898
vt -6.746977 4.265898
vt 4.265898 0.249995
vt 4.265898 0.749995
vt -7.246977 4.765898
vt -6.746977 4.765898
vt 4.765898 0.249995
vt 4.765898 0.749995
vt -7.246977 5.265898
vt -6.746977 5.265898
vt 5.265898 0.249995
vt 5.265898 0.749995
vt -7.246977 5.765899
vt -6.746977 5.765899
vt 5.765899 0.249995
vt 5.765899 0.749995
vt -7.246977 6.265898
vt -6.746977 6.265898
vt 6.265898 0.249995
vt 6.265898 0.749995
vt -7.246977 6.765898
vt -6.746977 6.765898
vt 6.765898 0.249995
vt 6.765898 0.749995
vt -7.246977 7.265898
vt -6.746977 7.265898
vt 7.265898 0.249995
vt 7.265898 0.749995
vt -7.246977 7.765898
vt -6.746977 7.765898
vt 7.765898 0.249995
vt 7.765898 0.749995
vt -7.246977 8.265899
vt -6.746977 8.265899
vt 8.265899 0.249995
vt 8.265899 0.749995
vt -6.246977 -3.734102
vt -6.246977 -4.234102
vt -6.246977 4.265898
vt -6.246977 3.765898
vt -6.246977 8.265899
vt -6.246977 7.765898
vt -6.246977 -6.734102
vt -5.746977 -6.734102
vt -5.746977 -7.234102
vt -6.246977 -7.234102
vt -5.746977 0.249995
vt -5.746977 0.749995
vt -6.246977 -6.234102
vt -5.746977 -6.234102
vt -6.246977 -5.734102
vt -5.746977 -5.734102
vt -6.246977 -5.234102
vt -5.746977 -5.234102
vt -6.246977 -4.734102
vt -5.746977 -4.734102
vt -5.746977 -3.734102
vt -5.746977 -4.234102
vt -6.246977 -2.734102
vt -5.746977 -2.734102
vt -5.746977 -3.234102
vt -6.246977 -3.234102
vt -6.246977 -2.234102
vt -5.746977 -2.234102
vt -6.246977 -1.734102
vt -5.746977 -1.734102
vt -6.246977 -1.234102
vt -5.746977 -1.234102
vt -6.246977 -0.734102
vt -5.746977 -0.734102
vt -6.246977 0.265898
vt -5.746977 0.265898
vt -5.746977 -0.234102
vt -6.246977 -0.234102
vt -6.246977 0.765898
vt -5.746977 0.765898
vt -6.246977 1.265898
vt -5.746977 1.265898
vt -6.246977 1.765898
vt -5.746977 1.765898
vt -6.246977 2.265898
vt -5.746977 2.265898
vt -6.246977 2.765898
vt -5.746977 2.765898
vt -6.246977 3.265899
vt -5.746977 3.265899
vt -5.746977 4.265898
vt -5.746977 3.765898
vt -6.246977 5.265898
vt -5.746977 5.265898
vt -5.746977 4.765898
vt -6.246977 4.765898
vt -6.246977 5.765899
vt -5.746977 5.765899
vt -6.246977 6.265898
vt -5.746977 6.265898
vt -6.246977 6.765898
vt -5.746977 6.765898
vt -6.246977 7.265898
vt -5.746977 7.265898
vt -5.746977 8.265899
vt -5.746977 7.765898
vt -5.246977 -6.734102
vt -5.246977 -7.234102
vt -5.246977 0.249995
vt -5.246977 0.749995
vt -5.246977 -4.734102
vt -5.246977 -5.234102
vt -5.246977 -3.734102
vt -5.246977 -4.234102
vt -5.246977 -0.734102
vt -5.246977 -1.234102
vt -5.246977 1.265898
vt -5.246977 0.765898
vt -5.246977 3.265899
vt -5.246977 2.765898
vt -5.246977 4.265898
vt -5.246977 3.765898
vt -5.246977 5.265898
vt -5.246977 4.765898
vt -5.246977 8.265899
vt -5.246977 7.765898
vt -4.746977 -6.734102
vt -4.746977 -7.234102
vt -4.746977 0.249995
vt -4.746977 0.749995
vt -5.246977 -5.734102
vt -4.746977 -5.734102
vt -4.746977 -6.234102
vt -5.246977 -6.234102
vt -4.746977 -4.734102
vt -4.746977 -5.234102
vt -4.746977 -3.734102
vt -4.746977 -4.234102
vt -5.246977 -2.734102
vt -4.746977 -2.734102
vt -4.746977 -3.234102
vt -5.246977 -3.234102
vt -5.246977 -2.234102
vt -4.746977 -2.234102
vt -5.246977 -1.734102
vt -4.746977 -1.734102
vt -4.746977 -0.734102
vt -4.746977 -1.234102
vt -5.246977 0.265898
vt -4.746977 0.265898
vt -4.746977 -0.234102
vt -5.246977 -0.234102
vt -4.746977 1.265898
vt -4.746977 0.765898
vt -5.246977 2.265898
vt -4.746977 2.265898
vt -4.746977 1.765898
vt -5.246977 1.765898
vt -4.746977 3.265899
vt -4.746977 2.765898
vt -4.746977 4.265898
vt -4.746977 3.765898
vt -4.746977 5.265898
vt -4.746977 4.765898
vt -5.246977 5.765899
vt -4.746977 5.765899
vt -5.246977 6.265898
vt -4.746977 6.265898
vt -5.246977 6.765898
vt -4.746977 6.765898
vt -5.246977 7.265898
vt -4.746977 7.265898
vt -4.746977 7.765898
vt -4.746977 8.265899
vt -4.246977 -6.734102
vt -4.246977 -7.234102
vt -4.246977 0.249995
vt -4.246977 0.749995
vt -4.246977 -5.734102
vt -4.246977 -6.234102
vt -4.246977 -4.734102
vt -4.246977 -5.234102
vt -4.246977 -3.734102
vt -4.246977 -4.234102
vt -4.246977 -2.734102
vt -4.246977 -3.234102
vt -4.246977 -0.734102
vt -4.246977 -1.234102
vt -4.246977 0.265898
vt -4.246977 -0.234102
vt -4.246977 2.265898
vt -4.246977 1.765898
vt -4.246977 3.265899
vt -4.246977 2.765898
vt -4.246977 4.265898
vt -4.246977 3.765898
vt -4.246977 6.265898
vt -4.246977 5.765899
vt -4.246977 8.265899
vt -4.246977 7.765898
vt -3.746977 -6.734102
vt -3.746977 -7.234102
vt -3.746977 0.249995
vt -3.746977 0.749995
vt -3.746977 -6.234102
vt -3.746977 -5.734102
vt -3.746977 -4.734102
vt -3.746977 -5.234102
vt -3.746977 -3.734102
vt -3.746977 -4.234102
vt -3.746977 -3.234102
vt -3.746977 -2.734102
vt -4.246977 -1.734102
vt -3.746977 -1.734102
vt -3.746977 -2.234102
vt -4.246977 -2.234102
vt -3.746977 -0.734102
vt -3.746977 -1.234102
vt -3.746977 0.265898
vt -3.746977 -0.234102
vt -4.246977 0.765898
vt -3.746977 0.765898
vt -4.246977 1.265898
vt -3.746977 1.265898
vt -3.746977 2.265898
vt -3.746977 1.765898
vt -3.746977 3.265899
vt -3.746977 2.765898
vt -3.746977 4.265898
vt -3.746977 3.765898
vt -4.246977 4.765898
vt -3.746977 4.765898
vt -4.246977 5.265898
vt -3.746977 5.265898
vt -3.746977 6.265898
vt -3.746977 5.765899
vt -4.246977 7.265898
vt -3.746977 7.265898
vt -3.746977 6.765898
vt -4.246977 6.765898
vt -3.746977 8.265899
vt -3.746977 7.765898
vt -3.246977 -6.734102
vt -3.246977 -7.234102
vt -3.246977 0.249995
vt -3.246977 0.749995
vt -3.246977 -4.734102
vt -3.246977 -5.234102
vt -3.246977 -2.734102
vt -3.246977 -3.234102
vt -3.246977 -1.734102
vt -3.246977 -2.234102
vt -3.246977 -0.734102
vt -3.246977 -1.234102
vt -3.246977 2.265898
vt -3.246977 1.765898
vt -3.246977 5.265898
vt -3.246977 4.765898
vt -3.246977 7.265898
vt -3.246977 6.765898
vt -3.246977 8.265899
vt -3.246977 7.765898
vt -2.746977 -6.734102
vt -2.746977 -7.234102
vt -2.746977 0.249995
vt -2.746977 0.749995
vt -3.246977 -5.734102
vt -2.746977 -5.734102
vt -2.746977 -6.234102
vt -3.246977 -6.234102
vt -2.746977 -5.234102
vt -2.746977 -4.734102
vt -3.246977 -4.234102
vt -2.746977 -4.234102
vt -3.246977 -3.734102
vt -2.746977 -3.734102
vt -2.746977 -2.734102
vt -2.746977 -3.234102
vt -2.746977 -1.734102
vt -2.746977 -2.234102
vt -2.746977 -0.734102
vt -2.746977 -1.234102
vt -3.246977 -0.234102
vt -2.746977 -0.234102
vt -3.246977 0.265898
vt -2.746977 0.265898
vt -3.246977 0.765898
vt -2.746977 0.765898
vt -3.246977 1.265898
vt -2.746977 1.265898
vt -2.746977 2.265898
vt -2.746977 1.765898
vt -3.246977 2.765898
vt -2.746977 2.765898
vt -3.246977 3.265899
vt -2.746977 3.265899
vt -3.246977 3.765898
vt -2.746977 3.765898
vt -3.246977 4.265898
vt -2.746977 4.265898
vt -2.746977 5.265898
vt -2.746977 4.765898
vt -3.246977 5.765899
vt -2.746977 5.765899
vt -3.246977 6.265898
vt -2.746977 6.265898
vt -2.746977 6.765898
vt -2.746977 7.265898
vt -2.746977 8.265899
vt -2.746977 7.765898
vt -2.246977 -6.734102
vt -2.246977 -7.234102
vt -2.246977 0.249995
vt -2.246977 0.749995
vt -2.246977 -5.734102
vt -2.246977 -6.234102
vt -2.246977 -3.734102
vt -2.246977 -4.234102
vt -2.246977 -1.734102
vt -2.246977 -2.234102
vt -2.246977 1.265898
vt -2.246977 0.765898
vt -2.246977 2.265898
vt -2.246977 1.765898
vt -2.246977 4.265898
vt -2.246977 3.765898
vt -2.246977 5.265898
vt -2.246977 4.765898
vt -2.246977 8.265899
vt -2.246977 7.765898
vt -1.746977 -6.734102
vt -1.746977 -7.234102
vt -1.746977 0.249995
vt -1.746977 0.749995
vt -1.746977 -5.734102
vt -1.746977 -6.234102
vt -2.246977 -4.734102
vt -1.746977 -4.734102
vt -1.746977 -5.234102
vt -2.246977 -5.234102
vt -1.746977 -3.734102
vt -1.746977 -4.234102
vt -2.246977 -3.234102
vt -1.746977 -3.234102
vt -2.246977 -2.734102
vt -1.746977 -2.734102
vt -1.746977 -2.234102
vt -1.746977 -1.734102
vt -2.246977 -1.234102
vt -1.746977 -1.234102
vt -2.246977 -0.734102
vt -1.746977 -0.734102
vt -2.246977 -0.234102
vt -1.746977 -0.234102
vt -2.246977 0.265898
vt -1.746977 0.265898
vt -1.746977 1.265898
vt -1.746977 0.765898
vt -1.746977 2.265898
vt -1.746977 1.765898
vt -2.246977 3.265899
vt -1.746977 3.265899
vt -1.746977 2.765898
vt -2.246977 2.765898
vt -1.746977 4.265898
vt -1.746977 3.765898
vt -1.746977 5.265898
vt -1.746977 4.765898
vt -2.246977 6.265898
vt -1.746977 6.265898
vt -1.746977 5.765899
vt -2.246977 5.765899
vt -2.246977 6.765898
vt -1.746977 6.765898
vt -2.246977 7.265898
vt -1.746977 7.265898
vt -1.746977 8.265899
vt -1.746977 7.765898
vt -1.246977 -6.734102
vt -1.246977 -7.234102
vt -1.246977 0.249995
vt -1.246977 0.749995
vt -1.246977 -5.734102
vt -1.246977 -6.234102
vt -1.246977 -4.734102
vt -1.246977 -5.234102
vt -1.246977 -0.734102
vt -1.246977 -1.234102
vt -1.246977 1.265898
vt -1.246977 0.765898
vt -1.246977 3.265899
vt -1.246977 2.765898
vt -1.246977 4.265898
vt -1.246977 3.765898
vt -1.246977 7.265898
vt -1.246977 6.765898
vt -1.246977 8.265899
vt -1.246977 7.765898
vt -0.746977 -6.734102
vt -0.746977 -7.234102
vt -0.746977 0.249995
vt -0.746977 0.749995
vt -0.746977 -5.734102
vt -0.746977 -6.234102
vt -0.746977 -4.734102
vt -0.746977 -5.234102
vt -1.246977 -4.234102
vt -0.746977 -4.234102
vt -1.246977 -3.734102
vt -0.746977 -3.734102
vt -1.246977 -3.234102
vt -0.746977 -3.234102
vt -1.246977 -2.734102
vt -0.746977 -2.734102
vt -1.246977 -2.234102
vt -0.746977 -2.234102
vt -1.246977 -1.734102
vt -0.746977 -1.734102
vt -0.746977 -0.734102
vt -0.746977 -1.234102
vt -1.246977 0.265898
vt -0.746977 0.265898
vt -0.746977 -0.234102
vt -1.246977 -0.234102
vt -0.746977 0.765898
vt -0.746977 1.265898
vt -1.246977 1.765898
vt -0.746977 1.765898
vt -1.246977 2.265898
vt -0.746977 2.265898
vt -0.746977 2.765898
vt -0.746977 3.265899
vt -0.746977 4.265898
vt -0.746977 3.765898
vt -1.246977 4.765898
vt -0.746977 4.765898
vt -1.246977 5.265898
vt -0.746977 5.265898
vt -1.246977 5.765899
vt -0.746977 5.765899
vt -1.246977 6.265898
vt -0.746977 6.265898
vt -0.746977 7.265898
vt -0.746977 6.765898
vt -0.746977 8.265899
vt -0.746977 7.765898
vt -0.246977 -6.734102
vt -0.246977 -7.234102
vt -0.246977 0.249995
vt -0.246977 0.749995
vt -0.246977 -5.734102
vt -0.246977 -6.234102
vt -0.246977 -1.734102
vt -0.246977 -2.234102
vt -0.246977 -0.734102
vt -0.246977 -1.234102
vt -0.246977 1.265898
vt -0.246977 0.765898
vt -0.246977 3.265899
vt -0.246977 2.765898
vt -0.246977 5.265898
vt -0.246977 4.765898
vt -0.246977 7.265898
vt -0.246977 6.765898
vt -0.246977 8.265899
vt -0.246977 7.765898
vt 0.253023 -6.734102
vt 0.253023 -7.234102
vt 0.253023 0.249995
vt 0.253023 0.749995
vt 0.253023 -5.734102
vt 0.253023 -6.234102
vt -0.246977 -5.234102
vt 0.253023 -5.234102
vt -0.246977 -4.734102
vt 0.253023 -4.734102
vt -0.246977 -4.234102
vt 0.253023 -4.234102
vt -0.246977 -3.734102
vt 0.253023 -3.734102
vt -0.246977 -3.234102
vt 0.253023 -3.234102
vt -0.246977 -2.734102
vt 0.253023 -2.734102
vt 0.253023 -1.734102
vt 0.253023 -2.234102
vt 0.253023 -0.734102
vt 0.253023 -1.234102
vt -0.246977 -0.234102
vt 0.253023 -0.234102
vt -0.246977 0.265898
vt 0.253023 0.265898
vt 0.253023 1.265898
vt 0.253023 0.765898
vt -0.246977 2.265898
vt 0.253023 2.265898
vt 0.253023 1.765898
vt -0.246977 1.765898
vt 0.253023 3.265899
vt 0.253023 2.765898
vt -0.246977 3.765898
vt 0.253023 3.765898
vt -0.246977 4.265898
vt 0.253023 4.265898
vt 0.253023 5.265898
vt 0.253023 4.765898
vt -0.246977 6.265898
vt 0.253023 6.265898
vt 0.253023 5.765899
vt -0.246977 5.765899
vt 0.253023 7.265898
vt 0.253023 6.765898
vt 0.253023 8.265899
vt 0.253023 7.765898
vt 0.753023 -6.734102
vt 0.753023 -7.234102
vt 0.753023 0.249995
vt 0.753023 0.749995
vt 0.753023 -3.734102
vt 0.753023 -4.234102
vt 0.753023 -1.734102
vt 0.753023 -2.234102
vt 0.753023 0.265898
vt 0.753023 -0.234102
vt 0.753023 2.265898
vt 0.753023 1.765898
vt 0.753023 5.265898
vt 0.753023 4.765898
vt 0.753023 6.265898
vt 0.753023 5.765899
vt 0.753023 7.265898
vt 0.753023 6.765898
vt 0.753023 8.265899
vt 0.753023 7.765898
vt 1.253023 -6.734102
vt 1.253023 -7.234102
vt 1.253023 0.249995
vt 1.253023 0.749995
vt 0.753023 -5.734102
vt 1.253023 -5.734102
vt 1.253023 -6.234102
vt 0.753023 -6.234102
vt 0.753023 -5.234102
vt 1.253023 -5.234102
vt 0.753023 -4.734102
vt 1.253023 -4.734102
vt 1.253023 -3.734102
vt 1.253023 -4.234102
vt 0.753023 -2.734102
vt 1.253023 -2.734102
vt 1.253023 -3.234102
vt 0.753023 -3.234102
vt 1.253023 -2.234102
vt 1.253023 -1.734102
vt 0.753023 -1.234102
vt 1.253023 -1.234102
vt 0.753023 -0.734102
vt 1.253023 -0.734102
vt 1.253023 0.265898
vt 1.253023 -0.234102
vt 0.753023 0.765898
vt 1.253023 0.765898
vt 0.753023 1.265898
vt 1.253023 1.265898
vt 1.253023 1.765898
vt 1.253023 2.265898
vt 0.753023 2.765898
vt 1.253023 2.765898
vt 0.753023 3.265899
vt 1.253023 3.265899
vt 0.753023 3.765898
vt 1.253023 3.765898
vt 0.753023 4.265898
vt 1.253023 4.265898
vt 1.253023 4.765898
vt 1.253023 5.265898
vt 1.253023 6.265898
vt 1.253023 5.765899
vt 1.253023 6.765898
vt 1.253023 7.265898
vt 1.253023 8.265899
vt 1.253023 7.765898
vt 1.753023 -6.734102
vt 1.753023 -7.234102
vt 1.753023 0.249995
vt 1.753023 0.749995
vt 1.753023 -4.734102
vt 1.753023 -5.234102
vt 1.753023 -2.734102
vt 1.753023 -3.234102
vt 1.753023 6.265898
vt 1.753023 5.765899
vt 1.753023 8.265899
vt 1.753023 7.765898
vt 2.253023 -6.734102
vt 2.253023 -7.234102
vt 2.253023 0.249995
vt 2.253023 0.749995
vt 1.753023 -6.234102
vt 2.253023 -6.234102
vt 1.753023 -5.734102
vt 2.253023 -5.734102
vt 2.253023 -4.734102
vt 2.253023 -5.234102
vt 1.753023 -4.234102
vt 2.253023 -4.234102
vt 1.753023 -3.734102
vt 2.253023 -3.734102
vt 2.253023 -3.234102
vt 2.253023 -2.734102
vt 1.753023 -1.734102
vt 2.253023 -1.734102
vt 2.253023 -2.234102
vt 1.753023 -2.234102
vt 1.753023 -1.234102
vt 2.253023 -1.234102
vt 1.753023 -0.734102
vt 2.253023 -0.734102
vt 1.753023 -0.234102
vt 2.253023 -0.234102
vt 1.753023 0.265898
vt 2.253023 0.265898
vt 1.753023 1.265898
vt 2.253023 1.265898
vt 2.253023 0.765898
vt 1.753023 0.765898
vt 1.753023 1.765898
vt 2.253023 1.765898
vt 1.753023 2.265898
vt 2.253023 2.265898
vt 1.753023 3.265899
vt 2.253023 3.265899
vt 2.253023 2.765898
vt 1.753023 2.765898
vt 1.753023 3.765898
vt 2.253023 3.765898
vt 1.753023 4.265898
vt 2.253023 4.265898
vt 1.753023 5.265898
vt 2.253023 5.265898
vt 2.253023 4.765898
vt 1.753023 4.765898
vt 2.253023 5.765899
vt 2.253023 6.265898
vt 1.753023 7.265898
vt 2.253023 7.265898
vt 2.253023 6.765898
vt 1.753023 6.765898
vt 2.253023 7.765898
vt 2.253023 8.265899
vt 2.753023 -6.734102
vt 2.753023 -7.234102
vt 2.753023 0.249995
vt 2.753023 0.749995
vt 2.753023 -5.734102
vt 2.753023 -6.234102
vt 2.753023 -4.734102
vt 2.753023 -5.234102
vt 2.753023 -2.734102
vt 2.753023 -3.234102
vt 2.753023 -1.734102
vt 2.753023 -2.234102
vt 2.753023 1.265898
vt 2.753023 0.765898
vt 2.753023 3.265899
vt 2.753023 2.765898
vt 2.753023 4.265898
vt 2.753023 3.765898
vt 2.753023 6.265898
vt 2.753023 5.765899
vt 2.753023 7.265898
vt 2.753023 6.765898
vt 2.753023 8.265899
vt 2.753023 7.765898
vt 3.253023 -6.734102
vt 3.253023 -7.234102
vt 3.253023 0.249995
vt 3.253023 0.749995
vt 3.253023 -5.734102
vt 3.253023 -6.234102
vt 3.253023 -4.734102
vt 3.253023 -5.234102
vt 2.753023 -4.234102
vt 3.253023 -4.234102
vt 2.753023 -3.734102
vt 3.253023 -3.734102
vt 3.253023 -2.734102
vt 3.253023 -3.234102
vt 3.253023 -1.734102
vt 3.253023 -2.234102
vt 2.753023 -0.734102
vt 3.253023 -0.734102
vt 3.253023 -1.234102
vt 2.753023 -1.234102
vt 2.753023 -0.234102
vt 3.253023 -0.234102
vt 2.753023 0.265898
vt 3.253023 0.265898
vt 3.253023 0.765898
vt 3.253023 1.265898
vt 2.753023 2.265898
vt 3.253023 2.265898
vt 3.253023 1.765898
vt 2.753023 1.765898
vt 3.253023 2.765898
vt 3.253023 3.265899
vt 3.253023 4.265898
vt 3.253023 3.765898
vt 2.753023 4.765898
vt 3.253023 4.765898
vt 2.753023 5.265898
vt 3.253023 5.265898
vt 3.253023 6.265898
vt 3.253023 5.765899
vt 3.253023 7.265898
vt 3.253023 6.765898
vt 3.253023 8.265899
vt 3.253023 7.765898
vt 3.753023 -6.734102
vt 3.753023 -7.234102
vt 3.753023 0.249995
vt 3.753023 0.749995
vt 3.753023 -4.734102
vt 3.753023 -5.234102
vt 3.753023 -2.734102
vt 3.753023 -3.234102
vt 3.753023 -0.734102
vt 3.753023 -1.234102
vt 3.753023 2.265898
vt 3.753023 1.765898
vt 3.753023 5.265898
vt 3.753023 4.765898
vt 3.753023 7.265898
vt 3.753023 6.765898
vt 3.753023 8.265899
vt 3.753023 7.765898
vt 4.253022 -6.734102
vt 4.253022 -7.234102
vt 4.253022 0.249995
vt 4.253022 0.749995
vt 3.753023 -5.734102
vt 4.253022 -5.734102
vt 4.253022 -6.234102
vt 3.753023 -6.234102
vt 4.253022 -5.234102
vt 4.253022 -4.734102
vt 3.753023 -3.734102
vt 4.253022 -3.734102
vt 4.253022 -4.234102
vt 3.753023 -4.234102
vt 4.253022 -2.734102
vt 4.253022 -3.234102
vt 3.753023 -2.234102
vt 4.253022 -2.234102
vt 3.753023 -1.734102
vt 4.253022 -1.734102
vt 4.253022 -0.734102
vt 4.253022 -1.234102
vt 3.753023 0.265898
vt 4.253022 0.265898
vt 4.253022 -0.234102
vt 3.753023 -0.234102
vt 3.753023 0.765898
vt 4.253022 0.765898
vt 3.753023 1.265898
vt 4.253022 1.265898
vt 4.253022 1.765898
vt 4.253022 2.265898
vt 3.753023 2.765898
vt 4.253022 2.765898
vt 3.753023 3.265899
vt 4.253022 3.265899
vt 3.753023 3.765898
vt 4.253022 3.765898
vt 3.753023 4.265898
vt 4.253022 4.265898
vt 4.253022 5.265898
vt 4.253022 4.765898
vt 3.753023 5.765899
vt 4.253022 5.765899
vt 3.753023 6.265898
vt 4.253022 6.265898
vt 4.253022 6.765898
vt 4.253022 7.265898
vt 4.253022 8.265899
vt 4.253022 7.765898
vt 4.753023 -6.734102
vt 4.753023 -7.234102
vt 4.753023 0.249995
vt 4.753023 0.749995
vt 4.753023 -5.734102
vt 4.753023 -6.234102
vt 4.753023 -3.734102
vt 4.753023 -4.234102
vt 4.753023 -2.734102
vt 4.753023 -3.234102
vt 4.753023 -1.734102
vt 4.753023 -2.234102
vt 4.753023 0.265898
vt 4.753023 -0.234102
vt 4.753023 6.265898
vt 4.753023 5.765899
vt 4.753023 8.265899
vt 4.753023 7.765898
vt 5.253023 -6.734102
vt 5.253023 -7.234102
vt 5.253023 0.249995
vt 5.253023 0.749995
vt 5.253023 -5.734102
vt 5.253023 -6.234102
vt 4.753023 -5.234102
vt 5.253023 -5.234102
vt 4.753023 -4.734102
vt 5.253023 -4.734102
vt 5.253023 -3.734102
vt 5.253023 -4.234102
vt 5.253023 -2.734102
vt 5.253023 -3.234102
vt 5.253023 -1.734102
vt 5.253023 -2.234102
vt 4.753023 -1.234102
vt 5.253023 -1.234102
vt 4.753023 -0.734102
vt 5.253023 -0.734102
vt 5.253023 -0.234102
vt 5.253023 0.265898
vt 4.753023 1.265898
vt 5.253023 1.265898
vt 5.253023 0.765898
vt 4.753023 0.765898
vt 4.753023 1.765898
vt 5.253023 1.765898
vt 4.753023 2.265898
vt 5.253023 2.265898
vt 4.753023 2.765898
vt 5.253023 2.765898
vt 4.753023 3.265899
vt 5.253023 3.265899
vt 4.753023 3.765898
vt 5.253023 3.765898
vt 4.753023 4.265898
vt 5.253023 4.265898
vt 4.753023 4.765898
vt 5.253023 4.765898
vt 4.753023 5.265898
vt 5.253023 5.265898
vt 5.253023 6.265898
vt 5.253023 5.765899
vt 4.753023 7.265898
vt 5.253023 7.265898
vt 5.253023 6.765898
vt 4.753023 6.765898
vt 5.253023 8.265899
vt 5.253023 7.765898
vt 5.753024 -6.734102
vt 5.753024 -7.234102
vt 5.753024 0.249995
vt 5.753024 0.749995
vt 5.753024 -3.734102
vt 5.753024 -4.234102
vt 5.753024 1.265898
vt 5.753024 0.765898
vt 5.753024 4.265898
vt 5.753024 3.765898
vt 5.753024 6.265898
vt 5.753024 5.765899
vt 5.753024 7.265898
vt 5.753024 6.765898
vt 5.753024 8.265899
vt 5.753024 7.765898
vt 6.253023 -6.734102
vt 6.253023 -7.234102
vt 6.253023 0.249995
vt 6.253023 0.749995
vt 5.753024 -6.234102
vt 6.253023 -6.234102
vt 5.753024 -5.734102
vt 6.253023 -5.734102
vt 5.753024 -5.234102
vt 6.253023 -5.234102
vt 5.753024 -4.734102
vt 6.253023 -4.734102
vt 6.253023 -4.234102
vt 6.253023 -3.734102
vt 5.753024 -3.234102
vt 6.253023 -3.234102
vt 5.753024 -2.734102
vt 6.253023 -2.734102
vt 5.753024 -2.234102
vt 6.253023 -2.234102
vt 5.753024 -1.734102
vt 6.253023 -1.734102
vt 5.753024 -1.234102
vt 6.253023 -1.234102
vt 5.753024 -0.734102
vt 6.253023 -0.734102
vt 5.753024 -0.234102
vt 6.253023 -0.234102
vt 5.753024 0.265898
vt 6.253023 0.265898
vt 6.253023 0.765898
vt 6.253023 1.265898
vt 5.753024 2.265898
vt 6.253023 2.265898
vt 6.253023 1.765898
vt 5.753024 1.765898
vt 5.753024 2.765898
vt 6.253023 2.765898
vt 5.753024 3.265899
vt 6.253023 3.265899
vt 6.253023 4.265898
vt 6.253023 3.765898
vt 5.753024 5.265898
vt 6.253023 5.265898
vt 6.253023 4.765898
vt 5.753024 4.765898
vt 6.253023 5.765899
vt 6.253023 6.265898
vt 6.253023 7.265898
vt 6.253023 6.765898
vt 6.253023 8.265899
vt 6.253023 7.765898
vt 6.753023 -6.734102
vt 6.753023 -7.234102
vt 6.753023 0.249995
vt 6.753023 0.749995
vt 6.753023 -5.734102
vt 6.753023 -6.234102
vt 6.753023 -0.734102
vt 6.753023 -1.234102
vt 6.753023 2.265898
vt 6.753023 1.765898
vt 6.753023 3.265899
vt 6.753023 2.765898
vt 6.753023 4.265898
vt 6.753023 3.765898
vt 6.753023 6.265898
vt 6.753023 5.765899
vt 6.753023 7.265898
vt 6.753023 6.765898
vt 6.753023 8.265899
vt 6.753023 7.765898
vt 7.253023 -6.734102
vt 7.253023 -7.234102
vt 7.253023 0.249995
vt 7.253023 0.749995
vt 7.253023 -5.734102
vt 7.253023 -6.234102
vt 6.753023 -4.734102
vt 7.253023 -4.734102
vt 7.253023 -5.234102
vt 6.753023 -5.234102
vt 6.753023 -4.234102
vt 7.253023 -4.234102
vt 6.753023 -3.734102
vt 7.253023 -3.734102
vt 6.753023 -3.234102
vt 7.253023 -3.234102
vt 6.753023 -2.734102
vt 7.253023 -2.734102
vt 6.753023 -1.734102
vt 7.253023 -1.734102
vt 7.253023 -2.234102
vt 6.753023 -2.234102
vt 7.253023 -0.734102
vt 7.253023 -1.234102
vt 6.753023 0.265898
vt 7.253023 0.265898
vt 7.253023 -0.234102
vt 6.753023 -0.234102
vt 6.753023 0.765898
vt 7.253023 0.765898
vt 6.753023 1.265898
vt 7.253023 1.265898
vt 7.253023 1.765898
vt 7.253023 2.265898
vt 7.253023 3.265899
vt 7.253023 2.765898
vt 7.253023 4.265898
vt 7.253023 3.765898
vt 6.753023 4.765898
vt 7.253023 4.765898
vt 6.753023 5.265898
vt 7.253023 5.265898
vt 7.253023 6.265898
vt 7.253023 5.765899
vt 7.253023 6.765898
vt 7.253023 7.265898
vt 7.253023 8.265899
vt 7.253023 7.765898
vt 7.753023 -6.734102
vt 7.753023 -7.234102
vt 7.753023 0.249995
vt 7.753023 0.749995
vt 7.753023 -1.734102
vt 7.753023 -2.234102
vt 7.753023 3.265899
vt 7.753023 2.765898
vt 8.253023 -6.734102
vt 8.253023 -7.234102
vt 8.253023 0.249995
vt 8.253023 0.749995
vt 7.753023 -6.234102
vt 8.253023 -6.234102
vt 7.753023 -5.734102
vt 8.253023 -5.734102
vt 7.753023 -5.234102
vt 8.253023 -5.234102
vt 7.753023 -4.734102
vt 8.253023 -4.734102
vt 7.753023 -4.234102
vt 8.253023 -4.234102
vt 7.753023 -3.734102
vt 8.253023 -3.734102
vt 7.753023 -3.234102
vt 8.253023 -3.234102
vt 7.753023 -2.734102
vt 8.253023 -2.734102
vt 8.253023 -2.234102
vt 8.253023 -1.734102
vt 7.753023 -1.234102
vt 8.253023 -1.234102
vt 7.753023 -0.734102
vt 8.253023 -0.734102
vt 7.753023 -0.234102
vt 8.253023 -0.234102
vt 7.753023 0.265898
vt 8.253023 0.265898
vt 7.753023 0.765898
vt 8.253023 0.765898
vt 7.753023 1.265898
vt 8.253023 1.265898
vt 7.753023 1.765898
vt 8.253023 1.765898
vt 7.753023 2.265898
vt 8.253023 2.265898
vt 8.253023 2.765898
vt 8.253023 3.265899
vt 7.753023 3.765898
vt 8.253023 3.765898
vt 7.753023 4.265898
vt 8.253023 4.265898
vt 7.753023 4.765898
vt 8.253023 4.765898
vt 7.753023 5.265898
vt 8.253023 5.265898
vt 7.753023 5.765899
vt 8.253023 5.765899
vt 7.753023 6.265898
vt 8.253023 6.265898
vt 7.753023 6.765898
vt 8.253023 6.765898
vt 7.753023 7.265898
vt 8.253023 7.265898
vt 0.000000 0.000000
vt 7.753023 7.765898
vt 8.253023 7.765898
vt 7.753023 8.265899
vt 8.253023 8.265899
s 0
usemtl MazePro_WallMat
f 4/1/1 3/2/1 2/3/1 1/4/1
f 5/4/2 6/3/2 7/2/2 8/1/2
f 1/5/3 2/6/3 6/7/3 5/8/3
f 7/7/4 148/9/4 144/10/4 3/6/4
f 3/6/4 4/5/4 8/8/4 7/7/4
f 4/11/5 1/12/5 5/13/5 8/14/5
f 10/15/1 9/16/1 3/2/1 4/1/1
f 8/1/2 7/2/2 11/16/2 12/15/2
f 3/11/6 9/17/6 11/18/6 7/14/6
f 9/6/4 10/5/4 12/8/4 11/7/4
f 10/17/5 4/11/5 8/14/5 12/18/5
f 14/19/1 13/20/1 9/16/1 10/15/1
f 12/15/2 11/16/2 15/20/2 16/19/2
f 9/17/6 13/21/6 15/22/6 11/18/6
f 13/6/4 14/5/4 16/8/4 15/7/4
f 14/21/5 10/17/5 12/18/5 16/22/5
f 18/23/1 17/24/1 13/20/1 14/19/1
f 16/19/2 15/20/2 19/24/2 20/23/2
f 13/21/6 17/25/6 19/26/6 15/22/6
f 17/6/4 18/5/4 20/8/4 19/7/4
f 18/25/5 14/21/5 16/22/5 20/26/5
f 22/27/1 21/28/1 17/24/1 18/23/1
f 20/23/2 19/24/2 23/28/2 24/27/2
f 17/25/6 21/29/6 23/30/6 19/26/6
f 21/6/4 22/5/4 24/8/4 23/7/4
f 22/29/5 18/25/5 20/26/5 24/30/5
f 26/31/1 25/32/1 21/28/1 22/27/1
f 24/27/2 23/28/2 27/32/2 28/31/2
f 21/29/6 25/33/6 27/34/6 23/30/6
f 25/6/4 26/5/4 28/8/4 27/7/4
f 26/33/5 22/29/5 24/30/5 28/34/5
f 30/35/1 29/36/1 25/32/1 26/31/1
f 28/31/2 27/32/2 31/36/2 32/35/2
f 25/33/6 29/37/6 31/38/6 27/34/6
f 29/6/4 30/5/4 32/8/4 31/7/4
f 30/37/5 26/33/5 28/34/5 32/38/5
f 34/39/1 33/40/1 29/36/1 30/35/1
f 32/35/2 31/36/2 35/40/2 36/39/2
f 29/37/6 33/41/6 35/42/6 31/38/6
f 33/6/4 34/5/4 36/8/4 35/7/4
f 34/41/5 30/37/5 32/38/5 36/42/5
f 38/43/1 37/44/1 33/40/1 34/39/1
f 36/39/2 35/40/2 39/44/2 40/43/2
f 33/41/6 37/45/6 39/46/6 35/42/6
f 37/6/4 38/5/4 40/8/4 39/7/4
f 38/45/5 34/41/5 36/42/5 40/46/5
f 42/47/1 41/48/1 37/44/1 38/43/1
f 40/43/2 39/44/2 43/48/2 44/47/2
f 37/45/6 41/49/6 43/50/6 39/46/6
f 41/6/4 42/5/4 44/8/4 43/7/4
f 42/49/5 38/45/5 40/46/5 44/50/5
f 46/51/1 45/52/1 41/48/1 42/47/1
f 44/47/2 43/48/2 47/52/2 48/51/2
f 41/49/6 45/53/6 47/54/6 43/50/6
f 45/6/4 46/5/4 48/8/4 47/7/4
f 46/53/5 42/49/5 44/50/5 48/54/5
f 50/55/1 49/56/1 45/52/1 46/51/1
f 48/51/2 47/52/2 51/56/2 52/55/2
f 45/53/6 49/57/6 51/58/6 47/54/6
f 49/6/4 50/5/4 52/8/4 51/7/4
f 50/57/5 46/53/5 48/54/5 52/58/5
f 54/59/1 53/60/1 49/56/1 50/55/1
f 52/55/2 51/56/2 55/60/2 56/59/2
f 49/57/6 53/61/6 55/62/6 51/58/6
f 53/6/4 54/5/4 56/8/4 55/7/4
f 54/61/5 50/57/5 52/58/5 56/62/5
f 58/63/1 57/64/1 53/60/1 54/59/1
f 56/59/2 55/60/2 59/64/2 60/63/2
f 53/61/6 57/65/6 59/66/6 55/62/6
f 57/6/4 58/5/4 60/8/4 59/7/4
f 58/65/5 54/61/5 56/62/5 60/66/5
f 62/67/1 61/68/1 57/64/1 58/63/1
f 60/63/2 59/64/2 63/68/2 64/67/2
f 57/65/6 61/69/6 63/70/6 59/66/6
f 61/6/4 62/5/4 64/8/4 63/7/4
f 62/69/5 58/65/5 60/66/5 64/70/5
f 66/71/1 65/72/1 61/68/1 62/67/1
f 64/67/2 63/68/2 67/72/2 68/71/2
f 61/69/6 65/73/6 67/74/6 63/70/6
f 65/6/4 66/5/4 68/8/4 67/7/4
f 66/73/5 62/69/5 64/70/5 68/74/5
f 70/75/1 69/76/1 65/72/1 66/71/1
f 68/71/2 67/72/2 71/76/2 72/75/2
f 65/73/6 69/77/6 71/78/6 67/74/6
f 69/6/4 70/5/4 72/8/4 71/7/4
f 70/77/5 66/73/5 68/74/5 72/78/5
f 74/79/1 73/80/1 69/76/1 70/75/1
f 72/75/2 71/76/2 75/80/2 76/79/2
f 69/77/6 73/81/6 75/82/6 71/78/6
f 73/6/4 74/5/4 76/8/4 75/7/4
f 74/81/5 70/77/5 72/78/5 76/82/5
f 78/83/1 77/84/1 73/80/1 74/79/1
f 76/79/2 75/80/2 79/84/2 80/83/2
f 73/81/6 77/85/6 79/86/6 75/82/6
f 77/6/4 78/5/4 80/8/4 79/7/4
f 78/85/5 74/81/5 76/82/5 80/86/5
f 82/87/1 81/88/1 77/84/1 78/83/1
f 80/83/2 79/84/2 83/88/2 84/87/2
f 77/85/6 81/89/6 83/90/6 79/86/6
f 81/6/4 82/5/4 84/8/4 83/7/4
f 82/89/5 78/85/5 80/86/5 84/90/5
f 86/91/1 85/92/1 81/88/1 82/87/1
f 84/87/2 83/88/2 87/92/2 88/91/2
f 81/89/6 85/93/6 87/94/6 83/90/6
f 85/6/4 86/5/4 88/8/4 87/7/4
f 86/93/5 82/89/5 84/90/5 88/94/5
f 90/95/1 89/96/1 85/92/1 86/91/1
f 88/91/2 87/92/2 91/96/2 92/95/2
f 85/93/6 89/97/6 91/98/6 87/94/6
f 89/6/4 90/5/4 92/8/4 91/7/4
f 90/97/5 86/93/5 88/94/5 92/98/5
f 94/99/1 93/100/1 89/96/1 90/95/1
f 92/95/2 91/96/2 95/100/2 96/99/2
f 89/97/6 93/101/6 95/102/6 91/98/6
f 93/6/4 94/5/4 96/8/4 95/7/4
f 94/101/5 90/97/5 92/98/5 96/102/5
f 98/103/1 97/104/1 93/100/1 94/99/1
f 96/99/2 95/100/2 99/104/2 100/103/2
f 93/101/6 97/105/6 99/106/6 95/102/6
f 97/6/4 98/5/4 100/8/4 99/7/4
f 98/105/5 94/101/5 96/102/5 100/106/5
f 102/107/1 101/108/1 97/104/1 98/103/1
f 100/103/2 99/104/2 103/108/2 104/107/2
f 97/105/6 101/109/6 103/110/6 99/106/6
f 101/6/4 102/5/4 104/8/4 103/7/4
f 102/109/5 98/105/5 100/106/5 104/110/5
f 106/111/1 105/112/1 101/108/1 102/107/1
f 104/107/2 103/108/2 107/112/2 108/111/2
f 101/109/6 105/113/6 107/114/6 103/110/6
f 105/6/4 106/5/4 108/8/4 107/7/4
f 106/113/5 102/109/5 104/110/5 108/114/5
f 110/115/1 109/116/1 105/112/1 106/111/1
f 108/111/2 107/112/2 111/116/2 112/115/2
f 105/113/6 109/117/6 111/118/6 107/114/6
f 109/6/4 110/5/4 112/8/4 111/7/4
f 110/117/5 106/113/5 108/114/5 112/118/5
f 114/119/1 113/120/1 109/116/1 110/115/1
f 112/115/2 111/116/2 115/120/2 116/119/2
f 109/117/6 113/121/6 115/122/6 111/118/6
f 113/6/4 114/5/4 116/8/4 115/7/4
f 114/121/5 110/117/5 112/118/5 116/122/5
f 118/123/1 117/124/1 113/120/1 114/119/1
f 116/119/2 115/120/2 119/124/2 120/123/2
f 113/121/6 117/125/6 119/126/6 115/122/6
f 117/6/4 118/5/4 120/8/4 119/7/4
f 118/125/5 114/121/5 116/122/5 120/126/5
f 122/127/1 121/128/1 117/124/1 118/123/1
f 120/123/2 119/124/2 123/128/2 124/127/2
f 117/125/6 121/129/6 123/130/6 119/126/6
f 121/6/4 122/5/4 124/8/4 123/7/4
f 122/129/5 118/125/5 120/126/5 124/130/5
f 126/131/1 125/132/1 121/128/1 122/127/1
f 124/127/2 123/128/2 127/132/2 128/131/2
f 121/129/6 125/133/6 127/134/6 123/130/6
f 125/6/4 126/5/4 128/8/4 127/7/4
f 126/133/5 122/129/5 124/130/5 128/134/5
f 29/36/1 130/135/1 129/136/1 25/32/1
f 27/32/2 131/136/2 132/135/2 31/36/2
f 25/6/3 129/10/3 131/9/3 27/7/3
f 129/33/6 130/37/6 132/38/6 131/34/6
f 130/10/4 29/6/4 31/7/4 132/9/4
f 93/100/1 134/137/1 133/138/1 89/96/1
f 91/96/2 135/138/2 136/137/2 95/100/2
f 89/6/3 133/10/3 135/9/3 91/7/3
f 133/97/6 134/101/6 136/102/6 135/98/6
f 134/10/4 93/6/4 95/7/4 136/9/4
f 125/132/1 138/139/1 137/140/1 121/128/1
f 123/128/2 139/140/2 140/139/2 127/132/2
f 121/6/3 137/10/3 139/9/3 123/7/3
f 137/129/6 138/133/6 140/134/6 139/130/6
f 138/10/4 125/6/4 127/7/4 140/9/4
f 144/141/1 143/142/1 142/143/1 141/144/1
f 145/144/2 146/143/2 147/142/2 148/141/2
f 141/10/3 142/145/3 146/146/3 145/9/3
f 142/12/6 143/11/6 147/14/6 146/13/6
f 143/145/4 144/10/4 148/9/4 147/146/4
f 150/147/1 149/148/1 143/142/1 144/141/1
f 148/141/2 147/142/2 151/148/2 152/147/2
f 143/11/6 149/17/6 151/18/6 147/14/6
f 149/145/4 150/10/4 152/9/4 151/146/4
f 150/17/5 144/11/5 148/14/5 152/18/5
f 154/149/1 153/150/1 149/148/1 150/147/1
f 152/147/2 151/148/2 155/150/2 156/149/2
f 149/17/6 153/21/6 155/22/6 151/18/6
f 153/145/4 154/10/4 156/9/4 155/146/4
f 154/21/5 150/17/5 152/18/5 156/22/5
f 158/151/1 157/152/1 153/150/1 154/149/1
f 156/149/2 155/150/2 159/152/2 160/151/2
f 153/21/6 157/25/6 159/26/6 155/22/6
f 157/145/4 158/10/4 160/9/4 159/146/4
f 158/25/5 154/21/5 156/22/5 160/26/5
f 162/153/1 161/154/1 157/152/1 158/151/1
f 160/151/2 159/152/2 163/154/2 164/153/2
f 157/25/6 161/29/6 163/30/6 159/26/6
f 161/145/4 162/10/4 164/9/4 163/146/4
f 162/29/5 158/25/5 160/26/5 164/30/5
f 130/135/1 166/155/1 165/156/1 129/136/1
f 131/136/2 167/156/2 168/155/2 132/135/2
f 129/10/3 165/145/3 167/146/3 131/9/3
f 165/33/6 166/37/6 168/38/6 167/34/6
f 166/145/4 130/10/4 132/9/4 168/146/4
f 172/157/1 171/158/1 170/159/1 169/160/1
f 173/160/2 174/159/2 175/158/2 176/157/2
f 169/10/3 170/145/3 174/146/3 173/9/3
f 170/41/6 171/45/6 175/46/6 174/42/6
f 171/145/4 172/10/4 176/9/4 175/146/4
f 172/45/5 169/41/5 173/42/5 176/46/5
f 178/161/1 177/162/1 171/158/1 172/157/1
f 176/157/2 175/158/2 179/162/2 180/161/2
f 171/45/6 177/49/6 179/50/6 175/46/6
f 177/145/4 178/10/4 180/9/4 179/146/4
f 178/49/5 172/45/5 176/46/5 180/50/5
f 182/163/1 181/164/1 177/162/1 178/161/1
f 180/161/2 179/162/2 183/164/2 184/163/2
f 177/49/6 181/53/6 183/54/6 179/50/6
f 181/145/4 182/10/4 184/9/4 183/146/4
f 182/53/5 178/49/5 180/50/5 184/54/5
f 186/165/1 185/166/1 181/164/1 182/163/1
f 184/163/2 183/164/2 187/166/2 188/165/2
f 181/53/6 185/57/6 187/58/6 183/54/6
f 185/145/4 186/10/4 188/9/4 187/146/4
f 186/57/5 182/53/5 184/54/5 188/58/5
f 190/167/1 189/168/1 185/166/1 186/165/1
f 188/165/2 187/166/2 191/168/2 192/167/2
f 185/57/6 189/61/6 191/62/6 187/58/6
f 189/145/4 190/10/4 192/9/4 191/146/4
f 190/61/5 186/57/5 188/58/5 192/62/5
f 196/169/1 195/170/1 194/171/1 193/172/1
f 197/172/2 198/171/2 199/170/2 200/169/2
f 193/10/3 194/145/3 198/146/3 197/9/3
f 194/65/6 195/69/6 199/70/6 198/66/6
f 195/145/4 196/10/4 200/9/4 199/146/4
f 196/69/5 193/65/5 197/66/5 200/70/5
f 202/173/1 201/174/1 195/170/1 196/169/1
f 200/169/2 199/170/2 203/174/2 204/173/2
f 195/69/6 201/73/6 203/74/6 199/70/6
f 201/145/4 202/10/4 204/9/4 203/146/4
f 202/73/5 196/69/5 200/70/5 204/74/5
f 206/175/1 205/176/1 201/174/1 202/173/1
f 204/173/2 203/174/2 207/176/2 208/175/2
f 201/73/6 205/77/6 207/78/6 203/74/6
f 205/145/4 206/10/4 208/9/4 207/146/4
f 206/77/5 202/73/5 204/74/5 208/78/5
f 210/177/1 209/178/1 205/176/1 206/175/1
f 208/175/2 207/176/2 211/178/2 212/177/2
f 205/77/6 209/81/6 211/82/6 207/78/6
f 209/145/4 210/10/4 212/9/4 211/146/4
f 210/81/5 206/77/5 208/78/5 212/82/5
f 214/179/1 213/180/1 209/178/1 210/177/1
f 212/177/2 211/178/2 215/180/2 216/179/2
f 209/81/6 213/85/6 215/86/6 211/82/6
f 213/145/4 214/10/4 216/9/4 215/146/4
f 214/85/5 210/81/5 212/82/5 216/86/5
f 218/181/1 217/182/1 213/180/1 214/179/1
f 216/179/2 215/180/2 219/182/2 220/181/2
f 213/85/6 217/89/6 219/90/6 215/86/6
f 217/145/4 218/10/4 220/9/4 219/146/4
f 218/89/5 214/85/5 216/86/5 220/90/5
f 222/183/1 221/184/1 217/182/1 218/181/1
f 220/181/2 219/182/2 223/184/2 224/183/2
f 217/89/6 221/93/6 223/94/6 219/90/6
f 221/145/4 222/10/4 224/9/4 223/146/4
f 222/93/5 218/89/5 220/90/5 224/94/5
f 134/137/1 226/185/1 225/186/1 133/138/1
f 135/138/2 227/186/2 228/185/2 136/137/2
f 133/10/3 225/145/3 227/146/3 135/9/3
f 225/97/6 226/101/6 228/102/6 227/98/6
f 226/145/4 134/10/4 136/9/4 228/146/4
f 232/187/1 231/188/1 230/189/1 229/190/1
f 233/190/2 234/189/2 235/188/2 236/187/2
f 229/10/3 230/145/3 234/146/3 233/9/3
f 230/105/6 231/109/6 235/110/6 234/106/6
f 231/145/4 232/10/4 236/9/4 235/146/4
f 232/109/5 229/105/5 233/106/5 236/110/5
f 238/191/1 237/192/1 231/188/1 232/187/1
f 236/187/2 235/188/2 239/192/2 240/191/2
f 231/109/6 237/113/6 239/114/6 235/110/6
f 237/145/4 238/10/4 240/9/4 239/146/4
f 238/113/5 232/109/5 236/110/5 240/114/5
f 242/193/1 241/194/1 237/192/1 238/191/1
f 240/191/2 239/192/2 243/194/2 244/193/2
f 237/113/6 241/117/6 243/118/6 239/114/6
f 241/145/4 242/10/4 244/9/4 243/146/4
f 242/117/5 238/113/5 240/114/5 244/118/5
f 246/195/1 245/196/1 241/194/1 242/193/1
f 244/193/2 243/194/2 247/196/2 248/195/2
f 241/117/6 245/121/6 247/122/6 243/118/6
f 245/145/4 246/10/4 248/9/4 247/146/4
f 246/121/5 242/117/5 244/118/5 248/122/5
f 250/197/1 249/198/1 245/196/1 246/195/1
f 248/195/2 247/196/2 251/198/2 252/197/2
f 245/121/6 249/125/6 251/126/6 247/122/6
f 249/145/4 250/10/4 252/9/4 251/146/4
f 250/125/5 246/121/5 248/122/5 252/126/5
f 138/139/1 254/199/1 253/200/1 137/140/1
f 139/140/2 255/200/2 256/199/2 140/139/2
f 137/10/3 253/145/3 255/146/3 139/9/3
f 253/129/6 254/133/6 256/134/6 255/130/6
f 254/145/4 138/10/4 140/9/4 256/146/4
f 143/142/1 258/201/1 257/202/1 142/143/1
f 146/143/2 259/202/2 260/201/2 147/142/2
f 142/145/3 257/203/3 259/204/3 146/146/3
f 257/12/6 258/11/6 260/14/6 259/13/6
f 258/203/4 143/145/4 147/146/4 260/204/4
f 161/154/1 262/205/1 261/206/1 157/152/1
f 159/152/2 263/206/2 264/205/2 163/154/2
f 157/145/3 261/203/3 263/204/3 159/146/3
f 261/25/6 262/29/6 264/30/6 263/26/6
f 262/203/4 161/145/4 163/146/4 264/204/4
f 166/155/1 266/207/1 265/208/1 165/156/1
f 167/156/2 267/208/2 268/207/2 168/155/2
f 165/145/3 265/203/3 267/204/3 167/146/3
f 265/33/6 266/37/6 268/38/6 267/34/6
f 266/203/4 166/145/4 168/146/4 268/204/4
f 189/168/1 270/209/1 269/210/1 185/166/1
f 187/166/2 271/210/2 272/209/2 191/168/2
f 185/145/3 269/203/3 271/204/3 187/146/3
f 269/57/6 270/61/6 272/62/6 271/58/6
f 270/203/4 189/145/4 191/146/4 272/204/4
f 205/176/1 274/211/1 273/212/1 201/174/1
f 203/174/2 275/212/2 276/211/2 207/176/2
f 201/145/3 273/203/3 275/204/3 203/146/3
f 273/73/6 274/77/6 276/78/6 275/74/6
f 274/203/4 205/145/4 207/146/4 276/204/4
f 221/184/1 278/213/1 277/214/1 217/182/1
f 219/182/2 279/214/2 280/213/2 223/184/2
f 217/145/3 277/203/3 279/204/3 219/146/3
f 277/89/6 278/93/6 280/94/6 279/90/6
f 278/203/4 221/145/4 223/146/4 280/204/4
f 226/185/1 282/215/1 281/216/1 225/186/1
f 227/186/2 283/216/2 284/215/2 228/185/2
f 225/145/3 281/203/3 283/204/3 227/146/3
f 281/97/6 282/101/6 284/102/6 283/98/6
f 282/203/4 226/145/4 228/146/4 284/204/4
f 231/188/1 286/217/1 285/218/1 230/189/1
f 234/189/2 287/218/2 288/217/2 235/188/2
f 230/145/3 285/203/3 287/204/3 234/146/3
f 285/105/6 286/109/6 288/110/6 287/106/6
f 286/203/4 231/145/4 235/146/4 288/204/4
f 254/199/1 290/219/1 289/220/1 253/200/1
f 255/200/2 291/220/2 292/219/2 256/199/2
f 253/145/3 289/203/3 291/204/3 255/146/3
f 289/129/6 290/133/6 292/134/6 291/130/6
f 290/203/4 254/145/4 256/146/4 292/204/4
f 258/201/1 294/221/1 293/222/1 257/202/1
f 259/202/2 295/222/2 296/221/2 260/201/2
f 257/203/3 293/223/3 295/224/3 259/204/3
f 293/12/6 294/11/6 296/14/6 295/13/6
f 294/223/4 258/203/4 260/204/4 296/224/4
f 300/225/1 299/226/1 298/227/1 297/228/1
f 301/228/2 302/227/2 303/226/2 304/225/2
f 297/203/3 298/223/3 302/224/3 301/204/3
f 298/17/6 299/21/6 303/22/6 302/18/6
f 299/223/4 300/203/4 304/204/4 303/224/4
f 300/21/5 297/17/5 301/18/5 304/22/5
f 262/205/1 306/229/1 305/230/1 261/206/1
f 263/206/2 307/230/2 308/229/2 264/205/2
f 261/203/3 305/223/3 307/224/3 263/204/3
f 305/25/6 306/29/6 308/30/6 307/26/6
f 306/223/4 262/203/4 264/204/4 308/224/4
f 266/207/1 310/231/1 309/232/1 265/208/1
f 267/208/2 311/232/2 312/231/2 268/207/2
f 265/203/3 309/223/3 311/224/3 267/204/3
f 309/33/6 310/37/6 312/38/6 311/34/6
f 310/223/4 266/203/4 268/204/4 312/224/4
f 316/233/1 315/234/1 314/235/1 313/236/1
f 317/236/2 318/235/2 319/234/2 320/233/2
f 313/203/3 314/223/3 318/224/3 317/204/3
f 314/41/6 315/45/6 319/46/6 318/42/6
f 315/223/4 316/203/4 320/204/4 319/224/4
f 316/45/5 313/41/5 317/42/5 320/46/5
f 322/237/1 321/238/1 315/234/1 316/233/1
f 320/233/2 319/234/2 323/238/2 324/237/2
f 315/45/6 321/49/6 323/50/6 319/46/6
f 321/223/4 322/203/4 324/204/4 323/224/4
f 322/49/5 316/45/5 320/46/5 324/50/5
f 326/239/1 325/240/1 321/238/1 322/237/1
f 324/237/2 323/238/2 327/240/2 328/239/2
f 321/49/6 325/53/6 327/54/6 323/50/6
f 325/223/4 326/203/4 328/204/4 327/224/4
f 326/53/5 322/49/5 324/50/5 328/54/5
f 270/209/1 330/241/1 329/242/1 269/210/1
f 271/210/2 331/242/2 332/241/2 272/209/2
f 269/203/3 329/223/3 331/224/3 271/204/3
f 329/57/6 330/61/6 332/62/6 331/58/6
f 330/223/4 270/203/4 272/204/4 332/224/4
f 336/243/1 335/244/1 334/245/1 333/246/1
f 337/246/2 338/245/2 339/244/2 340/243/2
f 333/203/3 334/223/3 338/224/3 337/204/3
f 334/65/6 335/69/6 339/70/6 338/66/6
f 335/223/4 336/203/4 340/204/4 339/224/4
f 336/69/5 333/65/5 337/66/5 340/70/5
f 274/211/1 342/247/1 341/248/1 273/212/1
f 275/212/2 343/248/2 344/247/2 276/211/2
f 273/203/3 341/223/3 343/224/3 275/204/3
f 341/73/6 342/77/6 344/78/6 343/74/6
f 342/223/4 274/203/4 276/204/4 344/224/4
f 348/249/1 347/250/1 346/251/1 345/252/1
f 349/252/2 350/251/2 351/250/2 352/249/2
f 345/203/3 346/223/3 350/224/3 349/204/3
f 346/81/6 347/85/6 351/86/6 350/82/6
f 347/223/4 348/203/4 352/204/4 351/224/4
f 348/85/5 345/81/5 349/82/5 352/86/5
f 278/213/1 354/253/1 353/254/1 277/214/1
f 279/214/2 355/254/2 356/253/2 280/213/2
f 277/203/3 353/223/3 355/224/3 279/204/3
f 353/89/6 354/93/6 356/94/6 355/90/6
f 354/223/4 278/203/4 280/204/4 356/224/4
f 282/215/1 358/255/1 357/256/1 281/216/1
f 283/216/2 359/256/2 360/255/2 284/215/2
f 281/203/3 357/223/3 359/224/3 283/204/3
f 357/97/6 358/101/6 360/102/6 359/98/6
f 358/223/4 282/203/4 284/204/4 360/224/4
f 286/217/1 362/257/1 361/258/1 285/218/1
f 287/218/2 363/258/2 364/257/2 288/217/2
f 285/203/3 361/223/3 363/224/3 287/204/3
f 361/105/6 362/109/6 364/110/6 363/106/6
f 362/223/4 286/203/4 288/204/4 364/224/4
f 366/259/1 365/260/1 362/257/1 286/217/1
f 288/217/2 364/257/2 367/260/2 368/259/2
f 362/109/6 365/113/6 367/114/6 364/110/6
f 365/223/4 366/203/4 368/204/4 367/224/4
f 366/113/5 286/109/5 288/110/5 368/114/5
f 370/261/1 369/262/1 365/260/1 366/259/1
f 368/259/2 367/260/2 371/262/2 372/261/2
f 365/113/6 369/117/6 371/118/6 367/114/6
f 369/223/4 370/203/4 372/204/4 371/224/4
f 370/117/5 366/113/5 368/114/5 372/118/5
f 374/263/1 373/264/1 369/262/1 370/261/1
f 372/261/2 371/262/2 375/264/2 376/263/2
f 369/117/6 373/121/6 375/122/6 371/118/6
f 373/223/4 374/203/4 376/204/4 375/224/4
f 374/121/5 370/117/5 372/118/5 376/122/5
f 378/265/1 377/266/1 373/264/1 374/263/1
f 376/263/2 375/264/2 379/266/2 380/265/2
f 373/121/6 377/125/6 379/126/6 375/122/6
f 377/223/4 378/203/4 380/204/4 379/224/4
f 378/125/5 374/121/5 376/122/5 380/126/5
f 289/220/1 381/267/1 377/266/1 378/265/1
f 380/265/2 379/266/2 382/267/2 291/220/2
f 377/125/6 381/129/6 382/130/6 379/126/6
f 381/223/4 289/203/4 291/204/4 382/224/4
f 289/129/5 378/125/5 380/126/5 291/130/5
f 290/219/1 383/268/1 381/267/1 289/220/1
f 291/220/2 382/267/2 384/268/2 292/219/2
f 381/129/6 383/133/6 384/134/6 382/130/6
f 383/223/4 290/203/4 292/204/4 384/224/4
f 294/221/1 386/269/1 385/270/1 293/222/1
f 295/222/2 387/270/2 388/269/2 296/221/2
f 293/223/3 385/271/3 387/272/3 295/224/3
f 385/12/6 386/11/6 388/14/6 387/13/6
f 386/271/4 294/223/4 296/224/4 388/272/4
f 299/226/1 390/273/1 389/274/1 298/227/1
f 302/227/2 391/274/2 392/273/2 303/226/2
f 298/223/3 389/271/3 391/272/3 302/224/3
f 389/17/6 390/21/6 392/22/6 391/18/6
f 390/271/4 299/223/4 303/224/4 392/272/4
f 306/229/1 394/275/1 393/276/1 305/230/1
f 307/230/2 395/276/2 396/275/2 308/229/2
f 305/223/3 393/271/3 395/272/3 307/224/3
f 393/25/6 394/29/6 396/30/6 395/26/6
f 394/271/4 306/223/4 308/224/4 396/272/4
f 310/231/1 398/277/1 397/278/1 309/232/1
f 311/232/2 399/278/2 400/277/2 312/231/2
f 309/223/3 397/271/3 399/272/3 311/224/3
f 397/33/6 398/37/6 400/38/6 399/34/6
f 398/271/4 310/223/4 312/224/4 400/272/4
f 315/234/1 402/279/1 401/280/1 314/235/1
f 318/235/2 403/280/2 404/279/2 319/234/2
f 314/223/3 401/271/3 403/272/3 318/224/3
f 401/41/6 402/45/6 404/46/6 403/42/6
f 402/271/4 315/223/4 319/224/4 404/272/4
f 330/241/1 406/281/1 405/282/1 329/242/1
f 331/242/2 407/282/2 408/281/2 332/241/2
f 329/223/3 405/271/3 407/272/3 331/224/3
f 405/57/6 406/61/6 408/62/6 407/58/6
f 406/271/4 330/223/4 332/224/4 408/272/4
f 335/244/1 410/283/1 409/284/1 334/245/1
f 338/245/2 411/284/2 412/283/2 339/244/2
f 334/223/3 409/271/3 411/272/3 338/224/3
f 409/65/6 410/69/6 412/70/6 411/66/6
f 410/271/4 335/223/4 339/224/4 412/272/4
f 347/250/1 414/285/1 413/286/1 346/251/1
f 350/251/2 415/286/2 416/285/2 351/250/2
f 346/223/3 413/271/3 415/272/3 350/224/3
f 413/81/6 414/85/6 416/86/6 415/82/6
f 414/271/4 347/223/4 351/224/4 416/272/4
f 354/253/1 418/287/1 417/288/1 353/254/1
f 355/254/2 419/288/2 420/287/2 356/253/2
f 353/223/3 417/271/3 419/272/3 355/224/3
f 417/89/6 418/93/6 420/94/6 419/90/6
f 418/271/4 354/223/4 356/224/4 420/272/4
f 358/255/1 422/289/1 421/290/1 357/256/1
f 359/256/2 423/290/2 424/289/2 360/255/2
f 357/223/3 421/271/3 423/272/3 359/224/3
f 421/97/6 422/101/6 424/102/6 423/98/6
f 422/271/4 358/223/4 360/224/4 424/272/4
f 369/262/1 426/291/1 425/292/1 365/260/1
f 367/260/2 427/292/2 428/291/2 371/262/2
f 365/223/3 425/271/3 427/272/3 367/224/3
f 425/113/6 426/117/6 428/118/6 427/114/6
f 426/271/4 369/223/4 371/224/4 428/272/4
f 383/268/1 430/293/1 429/294/1 381/267/1
f 382/267/2 431/294/2 432/293/2 384/268/2
f 381/223/3 429/271/3 431/272/3 382/224/3
f 429/129/6 430/133/6 432/134/6 431/130/6
f 430/271/4 383/223/4 384/224/4 432/272/4
f 386/269/1 434/295/1 433/296/1 385/270/1
f 387/270/2 435/296/2 436/295/2 388/269/2
f 385/271/3 433/297/3 435/298/3 387/272/3
f 433/12/6 434/11/6 436/14/6 435/13/6
f 434/297/4 386/271/4 388/272/4 436/298/4
f 389/274/1 437/299/1 434/295/1 386/269/1
f 388/269/2 436/295/2 438/299/2 391/274/2
f 434/11/6 437/17/6 438/18/6 436/14/6
f 437/297/4 389/271/4 391/272/4 438/298/4
f 389/17/5 386/11/5 388/14/5 391/18/5
f 390/273/1 439/300/1 437/299/1 389/274/1
f 391/274/2 438/299/2 440/300/2 392/273/2
f 437/17/6 439/21/6 440/22/6 438/18/6
f 439/297/4 390/271/4 392/272/4 440/298/4
f 394/275/1 442/301/1 441/302/1 393/276/1
f 395/276/2 443/302/2 444/301/2 396/275/2
f 393/271/3 441/297/3 443/298/3 395/272/3
f 441/25/6 442/29/6 444/30/6 443/26/6
f 442/297/4 394/271/4 396/272/4 444/298/4
f 398/277/1 446/303/1 445/304/1 397/278/1
f 399/278/2 447/304/2 448/303/2 400/277/2
f 397/271/3 445/297/3 447/298/3 399/272/3
f 445/33/6 446/37/6 448/38/6 447/34/6
f 446/297/4 398/271/4 400/272/4 448/298/4
f 401/280/1 449/305/1 446/303/1 398/277/1
f 400/277/2 448/303/2 450/305/2 403/280/2
f 446/37/6 449/41/6 450/42/6 448/38/6
f 449/297/4 401/271/4 403/272/4 450/298/4
f 401/41/5 398/37/5 400/38/5 403/42/5
f 402/279/1 451/306/1 449/305/1 401/280/1
f 403/280/2 450/305/2 452/306/2 404/279/2
f 449/41/6 451/45/6 452/46/6 450/42/6
f 451/297/4 402/271/4 404/272/4 452/298/4
f 456/307/1 455/308/1 454/309/1 453/310/1
f 457/310/2 458/309/2 459/308/2 460/307/2
f 453/271/3 454/297/3 458/298/3 457/272/3
f 454/49/6 455/53/6 459/54/6 458/50/6
f 455/297/4 456/271/4 460/272/4 459/298/4
f 456/53/5 453/49/5 457/50/5 460/54/5
f 406/281/1 462/311/1 461/312/1 405/282/1
f 407/282/2 463/312/2 464/311/2 408/281/2
f 405/271/3 461/297/3 463/298/3 407/272/3
f 461/57/6 462/61/6 464/62/6 463/58/6
f 462/297/4 406/271/4 408/272/4 464/298/4
f 410/283/1 466/313/1 465/314/1 409/284/1
f 411/284/2 467/314/2 468/313/2 412/283/2
f 409/271/3 465/297/3 467/298/3 411/272/3
f 465/65/6 466/69/6 468/70/6 467/66/6
f 466/297/4 410/271/4 412/272/4 468/298/4
f 470/315/1 469/316/1 466/313/1 410/283/1
f 412/283/2 468/313/2 471/316/2 472/315/2
f 466/69/6 469/73/6 471/74/6 468/70/6
f 469/297/4 470/271/4 472/272/4 471/298/4
f 470/73/5 410/69/5 412/70/5 472/74/5
f 474/317/1 473/318/1 469/316/1 470/315/1
f 472/315/2 471/316/2 475/318/2 476/317/2
f 469/73/6 473/77/6 475/78/6 471/74/6
f 473/297/4 474/271/4 476/272/4 475/298/4
f 474/77/5 470/73/5 472/74/5 476/78/5
f 414/285/1 478/319/1 477/320/1 413/286/1
f 415/286/2 479/320/2 480/319/2 416/285/2
f 413/271/3 477/297/3 479/298/3 415/272/3
f 477/81/6 478/85/6 480/86/6 479/82/6
f 478/297/4 414/271/4 416/272/4 480/298/4
f 418/287/1 482/321/1 481/322/1 417/288/1
f 419/288/2 483/322/2 484/321/2 420/287/2
f 417/271/3 481/297/3 483/298/3 419/272/3
f 481/89/6 482/93/6 484/94/6 483/90/6
f 482/297/4 418/271/4 420/272/4 484/298/4
f 422/289/1 486/323/1 485/324/1 421/290/1
f 423/290/2 487/324/2 488/323/2 424/289/2
f 421/271/3 485/297/3 487/298/3 423/272/3
f 485/97/6 486/101/6 488/102/6 487/98/6
f 486/297/4 422/271/4 424/272/4 488/298/4
f 490/325/1 489/326/1 486/323/1 422/289/1
f 424/289/2 488/323/2 491/326/2 492/325/2
f 486/101/6 489/105/6 491/106/6 488/102/6
f 489/297/4 490/271/4 492/272/4 491/298/4
f 490/105/5 422/101/5 424/102/5 492/106/5
f 494/327/1 493/328/1 489/326/1 490/325/1
f 492/325/2 491/326/2 495/328/2 496/327/2
f 489/105/6 493/109/6 495/110/6 491/106/6
f 493/297/4 494/271/4 496/272/4 495/298/4
f 494/109/5 490/105/5 492/106/5 496/110/5
f 426/291/1 498/329/1 497/330/1 425/292/1
f 427/292/2 499/330/2 500/329/2 428/291/2
f 425/271/3 497/297/3 499/298/3 427/272/3
f 497/113/6 498/117/6 500/118/6 499/114/6
f 498/297/4 426/271/4 428/272/4 500/298/4
f 504/331/1 503/332/1 502/333/1 501/334/1
f 505/334/2 506/333/2 507/332/2 508/331/2
f 501/271/3 502/297/3 506/298/3 505/272/3
f 502/121/6 503/125/6 507/126/6 506/122/6
f 503/297/4 504/271/4 508/272/4 507/298/4
f 504/125/5 501/121/5 505/122/5 508/126/5
f 430/293/1 510/335/1 509/336/1 429/294/1
f 431/294/2 511/336/2 512/335/2 432/293/2
f 429/271/3 509/297/3 511/298/3 431/272/3
f 509/129/6 510/133/6 512/134/6 511/130/6
f 510/297/4 430/271/4 432/272/4 512/298/4
f 434/295/1 514/337/1 513/338/1 433/296/1
f 435/296/2 515/338/2 516/337/2 436/295/2
f 433/297/3 513/339/3 515/340/3 435/298/3
f 513/12/6 514/11/6 516/14/6 515/13/6
f 514/339/4 434/297/4 436/298/4 516/340/4
f 442/301/1 518/341/1 517/342/1 441/302/1
f 443/302/2 519/342/2 520/341/2 444/301/2
f 441/297/3 517/339/3 519/340/3 443/298/3
f 517/25/6 518/29/6 520/30/6 519/26/6
f 518/339/4 442/297/4 444/298/4 520/340/4
f 451/306/1 522/343/1 521/344/1 449/305/1
f 450/305/2 523/344/2 524/343/2 452/306/2
f 449/297/3 521/339/3 523/340/3 450/298/3
f 521/41/6 522/45/6 524/46/6 523/42/6
f 522/339/4 451/297/4 452/298/4 524/340/4
f 455/308/1 526/345/1 525/346/1 454/309/1
f 458/309/2 527/346/2 528/345/2 459/308/2
f 454/297/3 525/339/3 527/340/3 458/298/3
f 525/49/6 526/53/6 528/54/6 527/50/6
f 526/339/4 455/297/4 459/298/4 528/340/4
f 462/311/1 530/347/1 529/348/1 461/312/1
f 463/312/2 531/348/2 532/347/2 464/311/2
f 461/297/3 529/339/3 531/340/3 463/298/3
f 529/57/6 530/61/6 532/62/6 531/58/6
f 530/339/4 462/297/4 464/298/4 532/340/4
f 478/319/1 534/349/1 533/350/1 477/320/1
f 479/320/2 535/350/2 536/349/2 480/319/2
f 477/297/3 533/339/3 535/340/3 479/298/3
f 533/81/6 534/85/6 536/86/6 535/82/6
f 534/339/4 478/297/4 480/298/4 536/340/4
f 493/328/1 538/351/1 537/352/1 489/326/1
f 491/326/2 539/352/2 540/351/2 495/328/2
f 489/297/3 537/339/3 539/340/3 491/298/3
f 537/105/6 538/109/6 540/110/6 539/106/6
f 538/339/4 493/297/4 495/298/4 540/340/4
f 503/332/1 542/353/1 541/354/1 502/333/1
f 506/333/2 543/354/2 544/353/2 507/332/2
f 502/297/3 541/339/3 543/340/3 506/298/3
f 541/121/6 542/125/6 544/126/6 543/122/6
f 542/339/4 503/297/4 507/298/4 544/340/4
f 510/335/1 546/355/1 545/356/1 509/336/1
f 511/336/2 547/356/2 548/355/2 512/335/2
f 509/297/3 545/339/3 547/340/3 511/298/3
f 545/129/6 546/133/6 548/134/6 547/130/6
f 546/339/4 510/297/4 512/298/4 548/340/4
f 514/337/1 550/357/1 549/358/1 513/338/1
f 515/338/2 551/358/2 552/357/2 516/337/2
f 513/339/3 549/359/3 551/360/3 515/340/3
f 549/12/6 550/11/6 552/14/6 551/13/6
f 550/359/4 514/339/4 516/340/4 552/360/4
f 556/361/1 555/362/1 554/363/1 553/364/1
f 557/364/2 558/363/2 559/362/2 560/361/2
f 553/339/3 554/359/3 558/360/3 557/340/3
f 554/17/6 555/21/6 559/22/6 558/18/6
f 555/359/4 556/339/4 560/340/4 559/360/4
f 556/21/5 553/17/5 557/18/5 560/22/5
f 517/342/1 561/365/1 555/362/1 556/361/1
f 560/361/2 559/362/2 562/365/2 519/342/2
f 555/21/6 561/25/6 562/26/6 559/22/6
f 561/359/4 517/339/4 519/340/4 562/360/4
f 517/25/5 556/21/5 560/22/5 519/26/5
f 518/341/1 563/366/1 561/365/1 517/342/1
f 519/342/2 562/365/2 564/366/2 520/341/2
f 561/25/6 563/29/6 564/30/6 562/26/6
f 563/359/4 518/339/4 520/340/4 564/360/4
f 566/367/1 565/368/1 563/366/1 518/341/1
f 520/341/2 564/366/2 567/368/2 568/367/2
f 563/29/6 565/33/6 567/34/6 564/30/6
f 565/359/4 566/339/4 568/340/4 567/360/4
f 566/33/5 518/29/5 520/30/5 568/34/5
f 570/369/1 569/370/1 565/368/1 566/367/1
f 568/367/2 567/368/2 571/370/2 572/369/2
f 565/33/6 569/37/6 571/38/6 567/34/6
f 569/359/4 570/339/4 572/340/4 571/360/4
f 570/37/5 566/33/5 568/34/5 572/38/5
f 522/343/1 574/371/1 573/372/1 521/344/1
f 523/344/2 575/372/2 576/371/2 524/343/2
f 521/339/3 573/359/3 575/360/3 523/340/3
f 573/41/6 574/45/6 576/46/6 575/42/6
f 574/359/4 522/339/4 524/340/4 576/360/4
f 526/345/1 578/373/1 577/374/1 525/346/1
f 527/346/2 579/374/2 580/373/2 528/345/2
f 525/339/3 577/359/3 579/360/3 527/340/3
f 577/49/6 578/53/6 580/54/6 579/50/6
f 578/359/4 526/339/4 528/340/4 580/360/4
f 530/347/1 582/375/1 581/376/1 529/348/1
f 531/348/2 583/376/2 584/375/2 532/347/2
f 529/339/3 581/359/3 583/360/3 531/340/3
f 581/57/6 582/61/6 584/62/6 583/58/6
f 582/359/4 530/339/4 532/340/4 584/360/4
f 586/377/1 585/378/1 582/375/1 530/347/1
f 532/347/2 584/375/2 587/378/2 588/377/2
f 582/61/6 585/65/6 587/66/6 584/62/6
f 585/359/4 586/339/4 588/340/4 587/360/4
f 586/65/5 530/61/5 532/62/5 588/66/5
f 590/379/1 589/380/1 585/378/1 586/377/1
f 588/377/2 587/378/2 591/380/2 592/379/2
f 585/65/6 589/69/6 591/70/6 587/66/6
f 589/359/4 590/339/4 592/340/4 591/360/4
f 590/69/5 586/65/5 588/66/5 592/70/5
f 594/381/1 593/382/1 589/380/1 590/379/1
f 592/379/2 591/380/2 595/382/2 596/381/2
f 589/69/6 593/73/6 595/74/6 591/70/6
f 593/359/4 594/339/4 596/340/4 595/360/4
f 594/73/5 590/69/5 592/70/5 596/74/5
f 598/383/1 597/384/1 593/382/1 594/381/1
f 596/381/2 595/382/2 599/384/2 600/383/2
f 593/73/6 597/77/6 599/78/6 595/74/6
f 597/359/4 598/339/4 600/340/4 599/360/4
f 598/77/5 594/73/5 596/74/5 600/78/5
f 534/349/1 602/385/1 601/386/1 533/350/1
f 535/350/2 603/386/2 604/385/2 536/349/2
f 533/339/3 601/359/3 603/360/3 535/340/3
f 601/81/6 602/85/6 604/86/6 603/82/6
f 602/359/4 534/339/4 536/340/4 604/360/4
f 606/387/1 605/388/1 602/385/1 534/349/1
f 536/349/2 604/385/2 607/388/2 608/387/2
f 602/85/6 605/89/6 607/90/6 604/86/6
f 605/359/4 606/339/4 608/340/4 607/360/4
f 606/89/5 534/85/5 536/86/5 608/90/5
f 610/389/1 609/390/1 605/388/1 606/387/1
f 608/387/2 607/388/2 611/390/2 612/389/2
f 605/89/6 609/93/6 611/94/6 607/90/6
f 609/359/4 610/339/4 612/340/4 611/360/4
f 610/93/5 606/89/5 608/90/5 612/94/5
f 614/391/1 613/392/1 609/390/1 610/389/1
f 612/389/2 611/390/2 615/392/2 616/391/2
f 609/93/6 613/97/6 615/98/6 611/94/6
f 613/359/4 614/339/4 616/340/4 615/360/4
f 614/97/5 610/93/5 612/94/5 616/98/5
f 618/393/1 617/394/1 613/392/1 614/391/1
f 616/391/2 615/392/2 619/394/2 620/393/2
f 613/97/6 617/101/6 619/102/6 615/98/6
f 617/359/4 618/339/4 620/340/4 619/360/4
f 618/101/5 614/97/5 616/98/5 620/102/5
f 538/351/1 622/395/1 621/396/1 537/352/1
f 539/352/2 623/396/2 624/395/2 540/351/2
f 537/339/3 621/359/3 623/360/3 539/340/3
f 621/105/6 622/109/6 624/110/6 623/106/6
f 622/359/4 538/339/4 540/340/4 624/360/4
f 626/397/1 625/398/1 622/395/1 538/351/1
f 540/351/2 624/395/2 627/398/2 628/397/2
f 622/109/6 625/113/6 627/114/6 624/110/6
f 625/359/4 626/339/4 628/340/4 627/360/4
f 626/113/5 538/109/5 540/110/5 628/114/5
f 630/399/1 629/400/1 625/398/1 626/397/1
f 628/397/2 627/398/2 631/400/2 632/399/2
f 625/113/6 629/117/6 631/118/6 627/114/6
f 629/359/4 630/339/4 632/340/4 631/360/4
f 630/117/5 626/113/5 628/114/5 632/118/5
f 541/354/1 633/401/1 629/400/1 630/399/1
f 632/399/2 631/400/2 634/401/2 543/354/2
f 629/117/6 633/121/6 634/122/6 631/118/6
f 633/359/4 541/339/4 543/340/4 634/360/4
f 541/121/5 630/117/5 632/118/5 543/122/5
f 542/353/1 635/402/1 633/401/1 541/354/1
f 543/354/2 634/401/2 636/402/2 544/353/2
f 633/121/6 635/125/6 636/126/6 634/122/6
f 635/359/4 542/339/4 544/340/4 636/360/4
f 546/355/1 638/403/1 637/404/1 545/356/1
f 547/356/2 639/404/2 640/403/2 548/355/2
f 545/339/3 637/359/3 639/360/3 547/340/3
f 637/129/6 638/133/6 640/134/6 639/130/6
f 638/359/4 546/339/4 548/340/4 640/360/4
f 550/357/1 642/405/1 641/406/1 549/358/1
f 551/358/2 643/406/2 644/405/2 552/357/2
f 549/359/3 641/407/3 643/408/3 551/360/3
f 641/12/6 642/11/6 644/14/6 643/13/6
f 642/407/4 550/359/4 552/360/4 644/408/4
f 555/362/1 646/409/1 645/410/1 554/363/1
f 558/363/2 647/410/2 648/409/2 559/362/2
f 554/359/3 645/407/3 647/408/3 558/360/3
f 645/17/6 646/21/6 648/22/6 647/18/6
f 646/407/4 555/359/4 559/360/4 648/408/4
f 569/370/1 650/411/1 649/412/1 565/368/1
f 567/368/2 651/412/2 652/411/2 571/370/2
f 565/359/3 649/407/3 651/408/3 567/360/3
f 649/33/6 650/37/6 652/38/6 651/34/6
f 650/407/4 569/359/4 571/360/4 652/408/4
f 578/373/1 654/413/1 653/414/1 577/374/1
f 579/374/2 655/414/2 656/413/2 580/373/2
f 577/359/3 653/407/3 655/408/3 579/360/3
f 653/49/6 654/53/6 656/54/6 655/50/6
f 654/407/4 578/359/4 580/360/4 656/408/4
f 597/384/1 658/415/1 657/416/1 593/382/1
f 595/382/2 659/416/2 660/415/2 599/384/2
f 593/359/3 657/407/3 659/408/3 595/360/3
f 657/73/6 658/77/6 660/78/6 659/74/6
f 658/407/4 597/359/4 599/360/4 660/408/4
f 602/385/1 662/417/1 661/418/1 601/386/1
f 603/386/2 663/418/2 664/417/2 604/385/2
f 601/359/3 661/407/3 663/408/3 603/360/3
f 661/81/6 662/85/6 664/86/6 663/82/6
f 662/407/4 602/359/4 604/360/4 664/408/4
f 617/394/1 666/419/1 665/420/1 613/392/1
f 615/392/2 667/420/2 668/419/2 619/394/2
f 613/359/3 665/407/3 667/408/3 615/360/3
f 665/97/6 666/101/6 668/102/6 667/98/6
f 666/407/4 617/359/4 619/360/4 668/408/4
f 622/395/1 670/421/1 669/422/1 621/396/1
f 623/396/2 671/422/2 672/421/2 624/395/2
f 621/359/3 669/407/3 671/408/3 623/360/3
f 669/105/6 670/109/6 672/110/6 671/106/6
f 670/407/4 622/359/4 624/360/4 672/408/4
f 638/403/1 674/423/1 673/424/1 637/404/1
f 639/404/2 675/424/2 676/423/2 640/403/2
f 637/359/3 673/407/3 675/408/3 639/360/3
f 673/129/6 674/133/6 676/134/6 675/130/6
f 674/407/4 638/359/4 640/360/4 676/408/4
f 642/405/1 678/425/1 677/426/1 641/406/1
f 643/406/2 679/426/2 680/425/2 644/405/2
f 641/407/3 677/427/3 679/428/3 643/408/3
f 677/12/6 678/11/6 680/14/6 679/13/6
f 678/427/4 642/407/4 644/408/4 680/428/4
f 646/409/1 682/429/1 681/430/1 645/410/1
f 647/410/2 683/430/2 684/429/2 648/409/2
f 645/407/3 681/427/3 683/428/3 647/408/3
f 681/17/6 682/21/6 684/22/6 683/18/6
f 682/427/4 646/407/4 648/408/4 684/428/4
f 688/431/1 687/432/1 686/433/1 685/434/1
f 689/434/2 690/433/2 691/432/2 692/431/2
f 685/407/3 686/427/3 690/428/3 689/408/3
f 686/25/6 687/29/6 691/30/6 690/26/6
f 687/427/4 688/407/4 692/408/4 691/428/4
f 688/29/5 685/25/5 689/26/5 692/30/5
f 650/411/1 694/435/1 693/436/1 649/412/1
f 651/412/2 695/436/2 696/435/2 652/411/2
f 649/407/3 693/427/3 695/428/3 651/408/3
f 693/33/6 694/37/6 696/38/6 695/34/6
f 694/427/4 650/407/4 652/408/4 696/428/4
f 698/437/1 697/438/1 694/435/1 650/411/1
f 652/411/2 696/435/2 699/438/2 700/437/2
f 694/37/6 697/41/6 699/42/6 696/38/6
f 697/427/4 698/407/4 700/408/4 699/428/4
f 698/41/5 650/37/5 652/38/5 700/42/5
f 702/439/1 701/440/1 697/438/1 698/437/1
f 700/437/2 699/438/2 703/440/2 704/439/2
f 697/41/6 701/45/6 703/46/6 699/42/6
f 701/427/4 702/407/4 704/408/4 703/428/4
f 702/45/5 698/41/5 700/42/5 704/46/5
f 653/414/1 705/441/1 701/440/1 702/439/1
f 704/439/2 703/440/2 706/441/2 655/414/2
f 701/45/6 705/49/6 706/50/6 703/46/6
f 705/427/4 653/407/4 655/408/4 706/428/4
f 653/49/5 702/45/5 704/46/5 655/50/5
f 654/413/1 707/442/1 705/441/1 653/414/1
f 655/414/2 706/441/2 708/442/2 656/413/2
f 705/49/6 707/53/6 708/54/6 706/50/6
f 707/427/4 654/407/4 656/408/4 708/428/4
f 710/443/1 709/444/1 707/442/1 654/413/1
f 656/413/2 708/442/2 711/444/2 712/443/2
f 707/53/6 709/57/6 711/58/6 708/54/6
f 709/427/4 710/407/4 712/408/4 711/428/4
f 710/57/5 654/53/5 656/54/5 712/58/5
f 714/445/1 713/446/1 709/444/1 710/443/1
f 712/443/2 711/444/2 715/446/2 716/445/2
f 709/57/6 713/61/6 715/62/6 711/58/6
f 713/427/4 714/407/4 716/408/4 715/428/4
f 714/61/5 710/57/5 712/58/5 716/62/5
f 718/447/1 717/448/1 713/446/1 714/445/1
f 716/445/2 715/446/2 719/448/2 720/447/2
f 713/61/6 717/65/6 719/66/6 715/62/6
f 717/427/4 718/407/4 720/408/4 719/428/4
f 718/65/5 714/61/5 716/62/5 720/66/5
f 722/449/1 721/450/1 717/448/1 718/447/1
f 720/447/2 719/448/2 723/450/2 724/449/2
f 717/65/6 721/69/6 723/70/6 719/66/6
f 721/427/4 722/407/4 724/408/4 723/428/4
f 722/69/5 718/65/5 720/66/5 724/70/5
f 658/415/1 726/451/1 725/452/1 657/416/1
f 659/416/2 727/452/2 728/451/2 660/415/2
f 657/407/3 725/427/3 727/428/3 659/408/3
f 725/73/6 726/77/6 728/78/6 727/74/6
f 726/427/4 658/407/4 660/408/4 728/428/4
f 662/417/1 730/453/1 729/454/1 661/418/1
f 663/418/2 731/454/2 732/453/2 664/417/2
f 661/407/3 729/427/3 731/428/3 663/408/3
f 729/81/6 730/85/6 732/86/6 731/82/6
f 730/427/4 662/407/4 664/408/4 732/428/4
f 736/455/1 735/456/1 734/457/1 733/458/1
f 737/458/2 738/457/2 739/456/2 740/455/2
f 733/407/3 734/427/3 738/428/3 737/408/3
f 734/89/6 735/93/6 739/94/6 738/90/6
f 735/427/4 736/407/4 740/408/4 739/428/4
f 736/93/5 733/89/5 737/90/5 740/94/5
f 666/419/1 742/459/1 741/460/1 665/420/1
f 667/420/2 743/460/2 744/459/2 668/419/2
f 665/407/3 741/427/3 743/428/3 667/408/3
f 741/97/6 742/101/6 744/102/6 743/98/6
f 742/427/4 666/407/4 668/408/4 744/428/4
f 670/421/1 746/461/1 745/462/1 669/422/1
f 671/422/2 747/462/2 748/461/2 672/421/2
f 669/407/3 745/427/3 747/428/3 671/408/3
f 745/105/6 746/109/6 748/110/6 747/106/6
f 746/427/4 670/407/4 672/408/4 748/428/4
f 752/463/1 751/464/1 750/465/1 749/466/1
f 753/466/2 754/465/2 755/464/2 756/463/2
f 749/407/3 750/427/3 754/428/3 753/408/3
f 750/113/6 751/117/6 755/118/6 754/114/6
f 751/427/4 752/407/4 756/408/4 755/428/4
f 752/117/5 749/113/5 753/114/5 756/118/5
f 758/467/1 757/468/1 751/464/1 752/463/1
f 756/463/2 755/464/2 759/468/2 760/467/2
f 751/117/6 757/121/6 759/122/6 755/118/6
f 757/427/4 758/407/4 760/408/4 759/428/4
f 758/121/5 752/117/5 756/118/5 760/122/5
f 762/469/1 761/470/1 757/468/1 758/467/1
f 760/467/2 759/468/2 763/470/2 764/469/2
f 757/121/6 761/125/6 763/126/6 759/122/6
f 761/427/4 762/407/4 764/408/4 763/428/4
f 762/125/5 758/121/5 760/122/5 764/126/5
f 674/423/1 766/471/1 765/472/1 673/424/1
f 675/424/2 767/472/2 768/471/2 676/423/2
f 673/407/3 765/427/3 767/428/3 675/408/3
f 765/129/6 766/133/6 768/134/6 767/130/6
f 766/427/4 674/407/4 676/408/4 768/428/4
f 678/425/1 770/473/1 769/474/1 677/426/1
f 679/426/2 771/474/2 772/473/2 680/425/2
f 677/427/3 769/475/3 771/476/3 679/428/3
f 769/12/6 770/11/6 772/14/6 771/13/6
f 770/475/4 678/427/4 680/428/4 772/476/4
f 682/429/1 774/477/1 773/478/1 681/430/1
f 683/430/2 775/478/2 776/477/2 684/429/2
f 681/427/3 773/475/3 775/476/3 683/428/3
f 773/17/6 774/21/6 776/22/6 775/18/6
f 774/475/4 682/427/4 684/428/4 776/476/4
f 687/432/1 778/479/1 777/480/1 686/433/1
f 690/433/2 779/480/2 780/479/2 691/432/2
f 686/427/3 777/475/3 779/476/3 690/428/3
f 777/25/6 778/29/6 780/30/6 779/26/6
f 778/475/4 687/427/4 691/428/4 780/476/4
f 713/446/1 782/481/1 781/482/1 709/444/1
f 711/444/2 783/482/2 784/481/2 715/446/2
f 709/427/3 781/475/3 783/476/3 711/428/3
f 781/57/6 782/61/6 784/62/6 783/58/6
f 782/475/4 713/427/4 715/428/4 784/476/4
f 726/451/1 786/483/1 785/484/1 725/452/1
f 727/452/2 787/484/2 788/483/2 728/451/2
f 725/427/3 785/475/3 787/476/3 727/428/3
f 785/73/6 786/77/6 788/78/6 787/74/6
f 786/475/4 726/427/4 728/428/4 788/476/4
f 735/456/1 790/485/1 789/486/1 734/457/1
f 738/457/2 791/486/2 792/485/2 739/456/2
f 734/427/3 789/475/3 791/476/3 738/428/3
f 789/89/6 790/93/6 792/94/6 791/90/6
f 790/475/4 735/427/4 739/428/4 792/476/4
f 742/459/1 794/487/1 793/488/1 741/460/1
f 743/460/2 795/488/2 796/487/2 744/459/2
f 741/427/3 793/475/3 795/476/3 743/428/3
f 793/97/6 794/101/6 796/102/6 795/98/6
f 794/475/4 742/427/4 744/428/4 796/476/4
f 761/470/1 798/489/1 797/490/1 757/468/1
f 759/468/2 799/490/2 800/489/2 763/470/2
f 757/427/3 797/475/3 799/476/3 759/428/3
f 797/121/6 798/125/6 800/126/6 799/122/6
f 798/475/4 761/427/4 763/428/4 800/476/4
f 766/471/1 802/491/1 801/492/1 765/472/1
f 767/472/2 803/492/2 804/491/2 768/471/2
f 765/427/3 801/475/3 803/476/3 767/428/3
f 801/129/6 802/133/6 804/134/6 803/130/6
f 802/475/4 766/427/4 768/428/4 804/476/4
f 770/473/1 806/493/1 805/494/1 769/474/1
f 771/474/2 807/494/2 808/493/2 772/473/2
f 769/475/3 805/495/3 807/496/3 771/476/3
f 805/12/6 806/11/6 808/14/6 807/13/6
f 806/495/4 770/475/4 772/476/4 808/496/4
f 774/477/1 810/497/1 809/498/1 773/478/1
f 775/478/2 811/498/2 812/497/2 776/477/2
f 773/475/3 809/495/3 811/496/3 775/476/3
f 809/17/6 810/21/6 812/22/6 811/18/6
f 810/495/4 774/475/4 776/476/4 812/496/4
f 778/479/1 814/499/1 813/500/1 777/480/1
f 779/480/2 815/500/2 816/499/2 780/479/2
f 777/475/3 813/495/3 815/496/3 779/476/3
f 813/25/6 814/29/6 816/30/6 815/26/6
f 814/495/4 778/475/4 780/476/4 816/496/4
f 818/501/1 817/502/1 814/499/1 778/479/1
f 780/479/2 816/499/2 819/502/2 820/501/2
f 814/29/6 817/33/6 819/34/6 816/30/6
f 817/495/4 818/475/4 820/476/4 819/496/4
f 818/33/5 778/29/5 780/30/5 820/34/5
f 822/503/1 821/504/1 817/502/1 818/501/1
f 820/501/2 819/502/2 823/504/2 824/503/2
f 817/33/6 821/37/6 823/38/6 819/34/6
f 821/495/4 822/475/4 824/476/4 823/496/4
f 822/37/5 818/33/5 820/34/5 824/38/5
f 826/505/1 825/506/1 821/504/1 822/503/1
f 824/503/2 823/504/2 827/506/2 828/505/2
f 821/37/6 825/41/6 827/42/6 823/38/6
f 825/495/4 826/475/4 828/476/4 827/496/4
f 826/41/5 822/37/5 824/38/5 828/42/5
f 830/507/1 829/508/1 825/506/1 826/505/1
f 828/505/2 827/506/2 831/508/2 832/507/2
f 825/41/6 829/45/6 831/46/6 827/42/6
f 829/495/4 830/475/4 832/476/4 831/496/4
f 830/45/5 826/41/5 828/42/5 832/46/5
f 834/509/1 833/510/1 829/508/1 830/507/1
f 832/507/2 831/508/2 835/510/2 836/509/2
f 829/45/6 833/49/6 835/50/6 831/46/6
f 833/495/4 834/475/4 836/476/4 835/496/4
f 834/49/5 830/45/5 832/46/5 836/50/5
f 838/511/1 837/512/1 833/510/1 834/509/1
f 836/509/2 835/510/2 839/512/2 840/511/2
f 833/49/6 837/53/6 839/54/6 835/50/6
f 837/495/4 838/475/4 840/476/4 839/496/4
f 838/53/5 834/49/5 836/50/5 840/54/5
f 782/481/1 842/513/1 841/514/1 781/482/1
f 783/482/2 843/514/2 844/513/2 784/481/2
f 781/475/3 841/495/3 843/496/3 783/476/3
f 841/57/6 842/61/6 844/62/6 843/58/6
f 842/495/4 782/475/4 784/476/4 844/496/4
f 848/515/1 847/516/1 846/517/1 845/518/1
f 849/518/2 850/517/2 851/516/2 852/515/2
f 845/475/3 846/495/3 850/496/3 849/476/3
f 846/65/6 847/69/6 851/70/6 850/66/6
f 847/495/4 848/475/4 852/476/4 851/496/4
f 848/69/5 845/65/5 849/66/5 852/70/5
f 785/484/1 853/519/1 847/516/1 848/515/1
f 852/515/2 851/516/2 854/519/2 787/484/2
f 847/69/6 853/73/6 854/74/6 851/70/6
f 853/495/4 785/475/4 787/476/4 854/496/4
f 785/73/5 848/69/5 852/70/5 787/74/5
f 786/483/1 855/520/1 853/519/1 785/484/1
f 787/484/2 854/519/2 856/520/2 788/483/2
f 853/73/6 855/77/6 856/78/6 854/74/6
f 855/495/4 786/475/4 788/476/4 856/496/4
f 858/521/1 857/522/1 855/520/1 786/483/1
f 788/483/2 856/520/2 859/522/2 860/521/2
f 855/77/6 857/81/6 859/82/6 856/78/6
f 857/495/4 858/475/4 860/476/4 859/496/4
f 858/81/5 786/77/5 788/78/5 860/82/5
f 862/523/1 861/524/1 857/522/1 858/521/1
f 860/521/2 859/522/2 863/524/2 864/523/2
f 857/81/6 861/85/6 863/86/6 859/82/6
f 861/495/4 862/475/4 864/476/4 863/496/4
f 862/85/5 858/81/5 860/82/5 864/86/5
f 789/486/1 865/525/1 861/524/1 862/523/1
f 864/523/2 863/524/2 866/525/2 791/486/2
f 861/85/6 865/89/6 866/90/6 863/86/6
f 865/495/4 789/475/4 791/476/4 866/496/4
f 789/89/5 862/85/5 864/86/5 791/90/5
f 790/485/1 867/526/1 865/525/1 789/486/1
f 791/486/2 866/525/2 868/526/2 792/485/2
f 865/89/6 867/93/6 868/94/6 866/90/6
f 867/495/4 790/475/4 792/476/4 868/496/4
f 794/487/1 870/527/1 869/528/1 793/488/1
f 795/488/2 871/528/2 872/527/2 796/487/2
f 793/475/3 869/495/3 871/496/3 795/476/3
f 869/97/6 870/101/6 872/102/6 871/98/6
f 870/495/4 794/475/4 796/476/4 872/496/4
f 874/529/1 873/530/1 870/527/1 794/487/1
f 796/487/2 872/527/2 875/530/2 876/529/2
f 870/101/6 873/105/6 875/106/6 872/102/6
f 873/495/4 874/475/4 876/476/4 875/496/4
f 874/105/5 794/101/5 796/102/5 876/106/5
f 878/531/1 877/532/1 873/530/1 874/529/1
f 876/529/2 875/530/2 879/532/2 880/531/2
f 873/105/6 877/109/6 879/110/6 875/106/6
f 877/495/4 878/475/4 880/476/4 879/496/4
f 878/109/5 874/105/5 876/106/5 880/110/5
f 882/533/1 881/534/1 877/532/1 878/531/1
f 880/531/2 879/532/2 883/534/2 884/533/2
f 877/109/6 881/113/6 883/114/6 879/110/6
f 881/495/4 882/475/4 884/476/4 883/496/4
f 882/113/5 878/109/5 880/110/5 884/114/5
f 886/535/1 885/536/1 881/534/1 882/533/1
f 884/533/2 883/534/2 887/536/2 888/535/2
f 881/113/6 885/117/6 887/118/6 883/114/6
f 885/495/4 886/475/4 888/476/4 887/496/4
f 886/117/5 882/113/5 884/114/5 888/118/5
f 798/489/1 890/537/1 889/538/1 797/490/1
f 799/490/2 891/538/2 892/537/2 800/489/2
f 797/475/3 889/495/3 891/496/3 799/476/3
f 889/121/6 890/125/6 892/126/6 891/122/6
f 890/495/4 798/475/4 800/476/4 892/496/4
f 802/491/1 894/539/1 893/540/1 801/492/1
f 803/492/2 895/540/2 896/539/2 804/491/2
f 801/475/3 893/495/3 895/496/3 803/476/3
f 893/129/6 894/133/6 896/134/6 895/130/6
f 894/495/4 802/475/4 804/476/4 896/496/4
f 806/493/1 898/541/1 897/542/1 805/494/1
f 807/494/2 899/542/2 900/541/2 808/493/2
f 805/495/3 897/543/3 899/544/3 807/496/3
f 897/12/6 898/11/6 900/14/6 899/13/6
f 898/543/4 806/495/4 808/496/4 900/544/4
f 810/497/1 902/545/1 901/546/1 809/498/1
f 811/498/2 903/546/2 904/545/2 812/497/2
f 809/495/3 901/543/3 903/544/3 811/496/3
f 901/17/6 902/21/6 904/22/6 903/18/6
f 902/543/4 810/495/4 812/496/4 904/544/4
f 837/512/1 906/547/1 905/548/1 833/510/1
f 835/510/2 907/548/2 908/547/2 839/512/2
f 833/495/3 905/543/3 907/544/3 835/496/3
f 905/49/6 906/53/6 908/54/6 907/50/6
f 906/543/4 837/495/4 839/496/4 908/544/4
f 842/513/1 910/549/1 909/550/1 841/514/1
f 843/514/2 911/550/2 912/549/2 844/513/2
f 841/495/3 909/543/3 911/544/3 843/496/3
f 909/57/6 910/61/6 912/62/6 911/58/6
f 910/543/4 842/495/4 844/496/4 912/544/4
f 855/520/1 914/551/1 913/552/1 853/519/1
f 854/519/2 915/552/2 916/551/2 856/520/2
f 853/495/3 913/543/3 915/544/3 854/496/3
f 913/73/6 914/77/6 916/78/6 915/74/6
f 914/543/4 855/495/4 856/496/4 916/544/4
f 867/526/1 918/553/1 917/554/1 865/525/1
f 866/525/2 919/554/2 920/553/2 868/526/2
f 865/495/3 917/543/3 919/544/3 866/496/3
f 917/89/6 918/93/6 920/94/6 919/90/6
f 918/543/4 867/495/4 868/496/4 920/544/4
f 877/532/1 922/555/1 921/556/1 873/530/1
f 875/530/2 923/556/2 924/555/2 879/532/2
f 873/495/3 921/543/3 923/544/3 875/496/3
f 921/105/6 922/109/6 924/110/6 923/106/6
f 922/543/4 877/495/4 879/496/4 924/544/4
f 890/537/1 926/557/1 925/558/1 889/538/1
f 891/538/2 927/558/2 928/557/2 892/537/2
f 889/495/3 925/543/3 927/544/3 891/496/3
f 925/121/6 926/125/6 928/126/6 927/122/6
f 926/543/4 890/495/4 892/496/4 928/544/4
f 894/539/1 930/559/1 929/560/1 893/540/1
f 895/540/2 931/560/2 932/559/2 896/539/2
f 893/495/3 929/543/3 931/544/3 895/496/3
f 929/129/6 930/133/6 932/134/6 931/130/6
f 930/543/4 894/495/4 896/496/4 932/544/4
f 898/541/1 934/561/1 933/562/1 897/542/1
f 899/542/2 935/562/2 936/561/2 900/541/2
f 897/543/3 933/563/3 935/564/3 899/544/3
f 933/12/6 934/11/6 936/14/6 935/13/6
f 934/563/4 898/543/4 900/544/4 936/564/4
f 902/545/1 938/565/1 937/566/1 901/546/1
f 903/546/2 939/566/2 940/565/2 904/545/2
f 901/543/3 937/563/3 939/564/3 903/544/3
f 937/17/6 938/21/6 940/22/6 939/18/6
f 938/563/4 902/543/4 904/544/4 940/564/4
f 942/567/1 941/568/1 938/565/1 902/545/1
f 904/545/2 940/565/2 943/568/2 944/567/2
f 938/21/6 941/25/6 943/26/6 940/22/6
f 941/563/4 942/543/4 944/544/4 943/564/4
f 942/25/5 902/21/5 904/22/5 944/26/5
f 946/569/1 945/570/1 941/568/1 942/567/1
f 944/567/2 943/568/2 947/570/2 948/569/2
f 941/25/6 945/29/6 947/30/6 943/26/6
f 945/563/4 946/543/4 948/544/4 947/564/4
f 946/29/5 942/25/5 944/26/5 948/30/5
f 950/571/1 949/572/1 945/570/1 946/569/1
f 948/569/2 947/570/2 951/572/2 952/571/2
f 945/29/6 949/33/6 951/34/6 947/30/6
f 949/563/4 950/543/4 952/544/4 951/564/4
f 950/33/5 946/29/5 948/30/5 952/34/5
f 954/573/1 953/574/1 949/572/1 950/571/1
f 952/571/2 951/572/2 955/574/2 956/573/2
f 949/33/6 953/37/6 955/38/6 951/34/6
f 953/563/4 954/543/4 956/544/4 955/564/4
f 954/37/5 950/33/5 952/34/5 956/38/5
f 958/575/1 957/576/1 953/574/1 954/573/1
f 956/573/2 955/574/2 959/576/2 960/575/2
f 953/37/6 957/41/6 959/42/6 955/38/6
f 957/563/4 958/543/4 960/544/4 959/564/4
f 958/41/5 954/37/5 956/38/5 960/42/5
f 962/577/1 961/578/1 957/576/1 958/575/1
f 960/575/2 959/576/2 963/578/2 964/577/2
f 957/41/6 961/45/6 963/46/6 959/42/6
f 961/563/4 962/543/4 964/544/4 963/564/4
f 962/45/5 958/41/5 960/42/5 964/46/5
f 906/547/1 966/579/1 965/580/1 905/548/1
f 907/548/2 967/580/2 968/579/2 908/547/2
f 905/543/3 965/563/3 967/564/3 907/544/3
f 965/49/6 966/53/6 968/54/6 967/50/6
f 966/563/4 906/543/4 908/544/4 968/564/4
f 910/549/1 970/581/1 969/582/1 909/550/1
f 911/550/2 971/582/2 972/581/2 912/549/2
f 909/543/3 969/563/3 971/564/3 911/544/3
f 969/57/6 970/61/6 972/62/6 971/58/6
f 970/563/4 910/543/4 912/544/4 972/564/4
f 974/583/1 973/584/1 970/581/1 910/549/1
f 912/549/2 972/581/2 975/584/2 976/583/2
f 970/61/6 973/65/6 975/66/6 972/62/6
f 973/563/4 974/543/4 976/544/4 975/564/4
f 974/65/5 910/61/5 912/62/5 976/66/5
f 978/585/1 977/586/1 973/584/1 974/583/1
f 976/583/2 975/584/2 979/586/2 980/585/2
f 973/65/6 977/69/6 979/70/6 975/66/6
f 977/563/4 978/543/4 980/544/4 979/564/4
f 978/69/5 974/65/5 976/66/5 980/70/5
f 914/551/1 982/587/1 981/588/1 913/552/1
f 915/552/2 983/588/2 984/587/2 916/551/2
f 913/543/3 981/563/3 983/564/3 915/544/3
f 981/73/6 982/77/6 984/78/6 983/74/6
f 982/563/4 914/543/4 916/544/4 984/564/4
f 988/589/1 987/590/1 986/591/1 985/592/1
f 989/592/2 990/591/2 991/590/2 992/589/2
f 985/543/3 986/563/3 990/564/3 989/544/3
f 986/81/6 987/85/6 991/86/6 990/82/6
f 987/563/4 988/543/4 992/544/4 991/564/4
f 988/85/5 985/81/5 989/82/5 992/86/5
f 918/553/1 994/593/1 993/594/1 917/554/1
f 919/554/2 995/594/2 996/593/2 920/553/2
f 917/543/3 993/563/3 995/564/3 919/544/3
f 993/89/6 994/93/6 996/94/6 995/90/6
f 994/563/4 918/543/4 920/544/4 996/564/4
f 998/595/1 997/596/1 994/593/1 918/553/1
f 920/553/2 996/593/2 999/596/2 1000/595/2
f 994/93/6 997/97/6 999/98/6 996/94/6
f 997/563/4 998/543/4 1000/544/4 999/564/4
f 998/97/5 918/93/5 920/94/5 1000/98/5
f 1002/597/1 1001/598/1 997/596/1 998/595/1
f 1000/595/2 999/596/2 1003/598/2 1004/597/2
f 997/97/6 1001/101/6 1003/102/6 999/98/6
f 1001/563/4 1002/543/4 1004/544/4 1003/564/4
f 1002/101/5 998/97/5 1000/98/5 1004/102/5
f 922/555/1 1006/599/1 1005/600/1 921/556/1
f 923/556/2 1007/600/2 1008/599/2 924/555/2
f 921/543/3 1005/563/3 1007/564/3 923/544/3
f 1005/105/6 1006/109/6 1008/110/6 1007/106/6
f 1006/563/4 922/543/4 924/544/4 1008/564/4
f 1012/601/1 1011/602/1 1010/603/1 1009/604/1
f 1013/604/2 1014/603/2 1015/602/2 1016/601/2
f 1009/543/3 1010/563/3 1014/564/3 1013/544/3
f 1010/113/6 1011/117/6 1015/118/6 1014/114/6
f 1011/563/4 1012/543/4 1016/544/4 1015/564/4
f 1012/117/5 1009/113/5 1013/114/5 1016/118/5
f 926/557/1 1018/605/1 1017/606/1 925/558/1
f 927/558/2 1019/606/2 1020/605/2 928/557/2
f 925/543/3 1017/563/3 1019/564/3 927/544/3
f 1017/121/6 1018/125/6 1020/126/6 1019/122/6
f 1018/563/4 926/543/4 928/544/4 1020/564/4
f 930/559/1 1022/607/1 1021/608/1 929/560/1
f 931/560/2 1023/608/2 1024/607/2 932/559/2
f 929/543/3 1021/563/3 1023/564/3 931/544/3
f 1021/129/6 1022/133/6 1024/134/6 1023/130/6
f 1022/563/4 930/543/4 932/544/4 1024/564/4
f 934/561/1 1026/609/1 1025/610/1 933/562/1
f 935/562/2 1027/610/2 1028/609/2 936/561/2
f 933/563/3 1025/611/3 1027/612/3 935/564/3
f 1025/12/6 1026/11/6 1028/14/6 1027/13/6
f 1026/611/4 934/563/4 936/564/4 1028/612/4
f 953/574/1 1030/613/1 1029/614/1 949/572/1
f 951/572/2 1031/614/2 1032/613/2 955/574/2
f 949/563/3 1029/611/3 1031/612/3 951/564/3
f 1029/33/6 1030/37/6 1032/38/6 1031/34/6
f 1030/611/4 953/563/4 955/564/4 1032/612/4
f 966/579/1 1034/615/1 1033/616/1 965/580/1
f 967/580/2 1035/616/2 1036/615/2 968/579/2
f 965/563/3 1033/611/3 1035/612/3 967/564/3
f 1033/49/6 1034/53/6 1036/54/6 1035/50/6
f 1034/611/4 966/563/4 968/564/4 1036/612/4
f 977/586/1 1038/617/1 1037/618/1 973/584/1
f 975/584/2 1039/618/2 1040/617/2 979/586/2
f 973/563/3 1037/611/3 1039/612/3 975/564/3
f 1037/65/6 1038/69/6 1040/70/6 1039/66/6
f 1038/611/4 977/563/4 979/564/4 1040/612/4
f 987/590/1 1042/619/1 1041/620/1 986/591/1
f 990/591/2 1043/620/2 1044/619/2 991/590/2
f 986/563/3 1041/611/3 1043/612/3 990/564/3
f 1041/81/6 1042/85/6 1044/86/6 1043/82/6
f 1042/611/4 987/563/4 991/564/4 1044/612/4
f 1006/599/1 1046/621/1 1045/622/1 1005/600/1
f 1007/600/2 1047/622/2 1048/621/2 1008/599/2
f 1005/563/3 1045/611/3 1047/612/3 1007/564/3
f 1045/105/6 1046/109/6 1048/110/6 1047/106/6
f 1046/611/4 1006/563/4 1008/564/4 1048/612/4
f 1011/602/1 1050/623/1 1049/624/1 1010/603/1
f 1014/603/2 1051/624/2 1052/623/2 1015/602/2
f 1010/563/3 1049/611/3 1051/612/3 1014/564/3
f 1049/113/6 1050/117/6 1052/118/6 1051/114/6
f 1050/611/4 1011/563/4 1015/564/4 1052/612/4
f 1018/605/1 1054/625/1 1053/626/1 1017/606/1
f 1019/606/2 1055/626/2 1056/625/2 1020/605/2
f 1017/563/3 1053/611/3 1055/612/3 1019/564/3
f 1053/121/6 1054/125/6 1056/126/6 1055/122/6
f 1054/611/4 1018/563/4 1020/564/4 1056/612/4
f 1022/607/1 1058/627/1 1057/628/1 1021/608/1
f 1023/608/2 1059/628/2 1060/627/2 1024/607/2
f 1021/563/3 1057/611/3 1059/612/3 1023/564/3
f 1057/129/6 1058/133/6 1060/134/6 1059/130/6
f 1058/611/4 1022/563/4 1024/564/4 1060/612/4
f 1026/609/1 1062/629/1 1061/630/1 1025/610/1
f 1027/610/2 1063/630/2 1064/629/2 1028/609/2
f 1025/611/3 1061/631/3 1063/632/3 1027/612/3
f 1061/12/6 1062/11/6 1064/14/6 1063/13/6
f 1062/631/4 1026/611/4 1028/612/4 1064/632/4
f 1068/633/1 1067/634/1 1066/635/1 1065/636/1
f 1069/636/2 1070/635/2 1071/634/2 1072/633/2
f 1065/611/3 1066/631/3 1070/632/3 1069/612/3
f 1066/17/6 1067/21/6 1071/22/6 1070/18/6
f 1067/631/4 1068/611/4 1072/612/4 1071/632/4
f 1068/21/5 1065/17/5 1069/18/5 1072/22/5
f 1074/637/1 1073/638/1 1067/634/1 1068/633/1
f 1072/633/2 1071/634/2 1075/638/2 1076/637/2
f 1067/21/6 1073/25/6 1075/26/6 1071/22/6
f 1073/631/4 1074/611/4 1076/612/4 1075/632/4
f 1074/25/5 1068/21/5 1072/22/5 1076/26/5
f 1078/639/1 1077/640/1 1073/638/1 1074/637/1
f 1076/637/2 1075/638/2 1079/640/2 1080/639/2
f 1073/25/6 1077/29/6 1079/30/6 1075/26/6
f 1077/631/4 1078/611/4 1080/612/4 1079/632/4
f 1078/29/5 1074/25/5 1076/26/5 1080/30/5
f 1030/613/1 1082/641/1 1081/642/1 1029/614/1
f 1031/614/2 1083/642/2 1084/641/2 1032/613/2
f 1029/611/3 1081/631/3 1083/632/3 1031/612/3
f 1081/33/6 1082/37/6 1084/38/6 1083/34/6
f 1082/631/4 1030/611/4 1032/612/4 1084/632/4
f 1088/643/1 1087/644/1 1086/645/1 1085/646/1
f 1089/646/2 1090/645/2 1091/644/2 1092/643/2
f 1085/611/3 1086/631/3 1090/632/3 1089/612/3
f 1086/41/6 1087/45/6 1091/46/6 1090/42/6
f 1087/631/4 1088/611/4 1092/612/4 1091/632/4
f 1088/45/5 1085/41/5 1089/42/5 1092/46/5
f 1033/616/1 1093/647/1 1087/644/1 1088/643/1
f 1092/643/2 1091/644/2 1094/647/2 1035/616/2
f 1087/45/6 1093/49/6 1094/50/6 1091/46/6
f 1093/631/4 1033/611/4 1035/612/4 1094/632/4
f 1033/49/5 1088/45/5 1092/46/5 1035/50/5
f 1034/615/1 1095/648/1 1093/647/1 1033/616/1
f 1035/616/2 1094/647/2 1096/648/2 1036/615/2
f 1093/49/6 1095/53/6 1096/54/6 1094/50/6
f 1095/631/4 1034/611/4 1036/612/4 1096/632/4
f 1098/649/1 1097/650/1 1095/648/1 1034/615/1
f 1036/615/2 1096/648/2 1099/650/2 1100/649/2
f 1095/53/6 1097/57/6 1099/58/6 1096/54/6
f 1097/631/4 1098/611/4 1100/612/4 1099/632/4
f 1098/57/5 1034/53/5 1036/54/5 1100/58/5
f 1102/651/1 1101/652/1 1097/650/1 1098/649/1
f 1100/649/2 1099/650/2 1103/652/2 1104/651/2
f 1097/57/6 1101/61/6 1103/62/6 1099/58/6
f 1101/631/4 1102/611/4 1104/612/4 1103/632/4
f 1102/61/5 1098/57/5 1100/58/5 1104/62/5
f 1038/617/1 1106/653/1 1105/654/1 1037/618/1
f 1039/618/2 1107/654/2 1108/653/2 1040/617/2
f 1037/611/3 1105/631/3 1107/632/3 1039/612/3
f 1105/65/6 1106/69/6 1108/70/6 1107/66/6
f 1106/631/4 1038/611/4 1040/612/4 1108/632/4
f 1110/655/1 1109/656/1 1106/653/1 1038/617/1
f 1040/617/2 1108/653/2 1111/656/2 1112/655/2
f 1106/69/6 1109/73/6 1111/74/6 1108/70/6
f 1109/631/4 1110/611/4 1112/612/4 1111/632/4
f 1110/73/5 1038/69/5 1040/70/5 1112/74/5
f 1114/657/1 1113/658/1 1109/656/1 1110/655/1
f 1112/655/2 1111/656/2 1115/658/2 1116/657/2
f 1109/73/6 1113/77/6 1115/78/6 1111/74/6
f 1113/631/4 1114/611/4 1116/612/4 1115/632/4
f 1114/77/5 1110/73/5 1112/74/5 1116/78/5
f 1041/620/1 1117/659/1 1113/658/1 1114/657/1
f 1116/657/2 1115/658/2 1118/659/2 1043/620/2
f 1113/77/6 1117/81/6 1118/82/6 1115/78/6
f 1117/631/4 1041/611/4 1043/612/4 1118/632/4
f 1041/81/5 1114/77/5 1116/78/5 1043/82/5
f 1042/619/1 1119/660/1 1117/659/1 1041/620/1
f 1043/620/2 1118/659/2 1120/660/2 1044/619/2
f 1117/81/6 1119/85/6 1120/86/6 1118/82/6
f 1119/631/4 1042/611/4 1044/612/4 1120/632/4
f 1122/661/1 1121/662/1 1119/660/1 1042/619/1
f 1044/619/2 1120/660/2 1123/662/2 1124/661/2
f 1119/85/6 1121/89/6 1123/90/6 1120/86/6
f 1121/631/4 1122/611/4 1124/612/4 1123/632/4
f 1122/89/5 1042/85/5 1044/86/5 1124/90/5
f 1126/663/1 1125/664/1 1121/662/1 1122/661/1
f 1124/661/2 1123/662/2 1127/664/2 1128/663/2
f 1121/89/6 1125/93/6 1127/94/6 1123/90/6
f 1125/631/4 1126/611/4 1128/612/4 1127/632/4
f 1126/93/5 1122/89/5 1124/90/5 1128/94/5
f 1130/665/1 1129/666/1 1125/664/1 1126/663/1
f 1128/663/2 1127/664/2 1131/666/2 1132/665/2
f 1125/93/6 1129/97/6 1131/98/6 1127/94/6
f 1129/631/4 1130/611/4 1132/612/4 1131/632/4
f 1130/97/5 1126/93/5 1128/94/5 1132/98/5
f 1134/667/1 1133/668/1 1129/666/1 1130/665/1
f 1132/665/2 1131/666/2 1135/668/2 1136/667/2
f 1129/97/6 1133/101/6 1135/102/6 1131/98/6
f 1133/631/4 1134/611/4 1136/612/4 1135/632/4
f 1134/101/5 1130/97/5 1132/98/5 1136/102/5
f 1045/622/1 1137/669/1 1133/668/1 1134/667/1
f 1136/667/2 1135/668/2 1138/669/2 1047/622/2
f 1133/101/6 1137/105/6 1138/106/6 1135/102/6
f 1137/631/4 1045/611/4 1047/612/4 1138/632/4
f 1045/105/5 1134/101/5 1136/102/5 1047/106/5
f 1046/621/1 1139/670/1 1137/669/1 1045/622/1
f 1047/622/2 1138/669/2 1140/670/2 1048/621/2
f 1137/105/6 1139/109/6 1140/110/6 1138/106/6
f 1139/631/4 1046/611/4 1048/612/4 1140/632/4
f 1050/623/1 1142/671/1 1141/672/1 1049/624/1
f 1051/624/2 1143/672/2 1144/671/2 1052/623/2
f 1049/611/3 1141/631/3 1143/632/3 1051/612/3
f 1141/113/6 1142/117/6 1144/118/6 1143/114/6
f 1142/631/4 1050/611/4 1052/612/4 1144/632/4
f 1053/626/1 1145/673/1 1142/671/1 1050/623/1
f 1052/623/2 1144/671/2 1146/673/2 1055/626/2
f 1142/117/6 1145/121/6 1146/122/6 1144/118/6
f 1145/631/4 1053/611/4 1055/612/4 1146/632/4
f 1053/121/5 1050/117/5 1052/118/5 1055/122/5
f 1054/625/1 1147/674/1 1145/673/1 1053/626/1
f 1055/626/2 1146/673/2 1148/674/2 1056/625/2
f 1145/121/6 1147/125/6 1148/126/6 1146/122/6
f 1147/631/4 1054/611/4 1056/612/4 1148/632/4
f 1058/627/1 1150/675/1 1149/676/1 1057/628/1
f 1059/628/2 1151/676/2 1152/675/2 1060/627/2
f 1057/611/3 1149/631/3 1151/632/3 1059/612/3
f 1149/129/6 1150/133/6 1152/134/6 1151/130/6
f 1150/631/4 1058/611/4 1060/612/4 1152/632/4
f 1062/629/1 1154/677/1 1153/678/1 1061/630/1
f 1063/630/2 1155/678/2 1156/677/2 1064/629/2
f 1061/631/3 1153/679/3 1155/680/3 1063/632/3
f 1153/12/6 1154/11/6 1156/14/6 1155/13/6
f 1154/679/4 1062/631/4 1064/632/4 1156/680/4
f 1077/640/1 1158/681/1 1157/682/1 1073/638/1
f 1075/638/2 1159/682/2 1160/681/2 1079/640/2
f 1073/631/3 1157/679/3 1159/680/3 1075/632/3
f 1157/25/6 1158/29/6 1160/30/6 1159/26/6
f 1158/679/4 1077/631/4 1079/632/4 1160/680/4
f 1087/644/1 1162/683/1 1161/684/1 1086/645/1
f 1090/645/2 1163/684/2 1164/683/2 1091/644/2
f 1086/631/3 1161/679/3 1163/680/3 1090/632/3
f 1161/41/6 1162/45/6 1164/46/6 1163/42/6
f 1162/679/4 1087/631/4 1091/632/4 1164/680/4
f 1142/671/1 1166/685/1 1165/686/1 1141/672/1
f 1143/672/2 1167/686/2 1168/685/2 1144/671/2
f 1141/631/3 1165/679/3 1167/680/3 1143/632/3
f 1165/113/6 1166/117/6 1168/118/6 1167/114/6
f 1166/679/4 1142/631/4 1144/632/4 1168/680/4
f 1150/675/1 1170/687/1 1169/688/1 1149/676/1
f 1151/676/2 1171/688/2 1172/687/2 1152/675/2
f 1149/631/3 1169/679/3 1171/680/3 1151/632/3
f 1169/129/6 1170/133/6 1172/134/6 1171/130/6
f 1170/679/4 1150/631/4 1152/632/4 1172/680/4
f 1154/677/1 1174/689/1 1173/690/1 1153/678/1
f 1155/678/2 1175/690/2 1176/689/2 1156/677/2
f 1153/679/3 1173/691/3 1175/692/3 1155/680/3
f 1173/12/6 1174/11/6 1176/14/6 1175/13/6
f 1174/691/4 1154/679/4 1156/680/4 1176/692/4
f 1178/693/1 1177/694/1 1174/689/1 1154/677/1
f 1156/677/2 1176/689/2 1179/694/2 1180/693/2
f 1174/11/6 1177/17/6 1179/18/6 1176/14/6
f 1177/691/4 1178/679/4 1180/680/4 1179/692/4
f 1178/17/5 1154/11/5 1156/14/5 1180/18/5
f 1182/695/1 1181/696/1 1177/694/1 1178/693/1
f 1180/693/2 1179/694/2 1183/696/2 1184/695/2
f 1177/17/6 1181/21/6 1183/22/6 1179/18/6
f 1181/691/4 1182/679/4 1184/680/4 1183/692/4
f 1182/21/5 1178/17/5 1180/18/5 1184/22/5
f 1158/681/1 1186/697/1 1185/698/1 1157/682/1
f 1159/682/2 1187/698/2 1188/697/2 1160/681/2
f 1157/679/3 1185/691/3 1187/692/3 1159/680/3
f 1185/25/6 1186/29/6 1188/30/6 1187/26/6
f 1186/691/4 1158/679/4 1160/680/4 1188/692/4
f 1190/699/1 1189/700/1 1186/697/1 1158/681/1
f 1160/681/2 1188/697/2 1191/700/2 1192/699/2
f 1186/29/6 1189/33/6 1191/34/6 1188/30/6
f 1189/691/4 1190/679/4 1192/680/4 1191/692/4
f 1190/33/5 1158/29/5 1160/30/5 1192/34/5
f 1194/701/1 1193/702/1 1189/700/1 1190/699/1
f 1192/699/2 1191/700/2 1195/702/2 1196/701/2
f 1189/33/6 1193/37/6 1195/38/6 1191/34/6
f 1193/691/4 1194/679/4 1196/680/4 1195/692/4
f 1194/37/5 1190/33/5 1192/34/5 1196/38/5
f 1161/684/1 1197/703/1 1193/702/1 1194/701/1
f 1196/701/2 1195/702/2 1198/703/2 1163/684/2
f 1193/37/6 1197/41/6 1198/42/6 1195/38/6
f 1197/691/4 1161/679/4 1163/680/4 1198/692/4
f 1161/41/5 1194/37/5 1196/38/5 1163/42/5
f 1162/683/1 1199/704/1 1197/703/1 1161/684/1
f 1163/684/2 1198/703/2 1200/704/2 1164/683/2
f 1197/41/6 1199/45/6 1200/46/6 1198/42/6
f 1199/691/4 1162/679/4 1164/680/4 1200/692/4
f 1204/705/1 1203/706/1 1202/707/1 1201/708/1
f 1205/708/2 1206/707/2 1207/706/2 1208/705/2
f 1201/679/3 1202/691/3 1206/692/3 1205/680/3
f 1202/49/6 1203/53/6 1207/54/6 1206/50/6
f 1203/691/4 1204/679/4 1208/680/4 1207/692/4
f 1204/53/5 1201/49/5 1205/50/5 1208/54/5
f 1210/709/1 1209/710/1 1203/706/1 1204/705/1
f 1208/705/2 1207/706/2 1211/710/2 1212/709/2
f 1203/53/6 1209/57/6 1211/58/6 1207/54/6
f 1209/691/4 1210/679/4 1212/680/4 1211/692/4
f 1210/57/5 1204/53/5 1208/54/5 1212/58/5
f 1214/711/1 1213/712/1 1209/710/1 1210/709/1
f 1212/709/2 1211/710/2 1215/712/2 1216/711/2
f 1209/57/6 1213/61/6 1215/62/6 1211/58/6
f 1213/691/4 1214/679/4 1216/680/4 1215/692/4
f 1214/61/5 1210/57/5 1212/58/5 1216/62/5
f 1218/713/1 1217/714/1 1213/712/1 1214/711/1
f 1216/711/2 1215/712/2 1219/714/2 1220/713/2
f 1213/61/6 1217/65/6 1219/66/6 1215/62/6
f 1217/691/4 1218/679/4 1220/680/4 1219/692/4
f 1218/65/5 1214/61/5 1216/62/5 1220/66/5
f 1222/715/1 1221/716/1 1217/714/1 1218/713/1
f 1220/713/2 1219/714/2 1223/716/2 1224/715/2
f 1217/65/6 1221/69/6 1223/70/6 1219/66/6
f 1221/691/4 1222/679/4 1224/680/4 1223/692/4
f 1222/69/5 1218/65/5 1220/66/5 1224/70/5
f 1228/717/1 1227/718/1 1226/719/1 1225/720/1
f 1229/720/2 1230/719/2 1231/718/2 1232/717/2
f 1225/679/3 1226/691/3 1230/692/3 1229/680/3
f 1226/73/6 1227/77/6 1231/78/6 1230/74/6
f 1227/691/4 1228/679/4 1232/680/4 1231/692/4
f 1228/77/5 1225/73/5 1229/74/5 1232/78/5
f 1234/721/1 1233/722/1 1227/718/1 1228/717/1
f 1232/717/2 1231/718/2 1235/722/2 1236/721/2
f 1227/77/6 1233/81/6 1235/82/6 1231/78/6
f 1233/691/4 1234/679/4 1236/680/4 1235/692/4
f 1234/81/5 1228/77/5 1232/78/5 1236/82/5
f 1238/723/1 1237/724/1 1233/722/1 1234/721/1
f 1236/721/2 1235/722/2 1239/724/2 1240/723/2
f 1233/81/6 1237/85/6 1239/86/6 1235/82/6
f 1237/691/4 1238/679/4 1240/680/4 1239/692/4
f 1238/85/5 1234/81/5 1236/82/5 1240/86/5
f 1244/725/1 1243/726/1 1242/727/1 1241/728/1
f 1245/728/2 1246/727/2 1247/726/2 1248/725/2
f 1241/679/3 1242/691/3 1246/692/3 1245/680/3
f 1242/89/6 1243/93/6 1247/94/6 1246/90/6
f 1243/691/4 1244/679/4 1248/680/4 1247/692/4
f 1244/93/5 1241/89/5 1245/90/5 1248/94/5
f 1250/729/1 1249/730/1 1243/726/1 1244/725/1
f 1248/725/2 1247/726/2 1251/730/2 1252/729/2
f 1243/93/6 1249/97/6 1251/98/6 1247/94/6
f 1249/691/4 1250/679/4 1252/680/4 1251/692/4
f 1250/97/5 1244/93/5 1248/94/5 1252/98/5
f 1254/731/1 1253/732/1 1249/730/1 1250/729/1
f 1252/729/2 1251/730/2 1255/732/2 1256/731/2
f 1249/97/6 1253/101/6 1255/102/6 1251/98/6
f 1253/691/4 1254/679/4 1256/680/4 1255/692/4
f 1254/101/5 1250/97/5 1252/98/5 1256/102/5
f 1260/733/1 1259/734/1 1258/735/1 1257/736/1
f 1261/736/2 1262/735/2 1263/734/2 1264/733/2
f 1257/679/3 1258/691/3 1262/692/3 1261/680/3
f 1258/105/6 1259/109/6 1263/110/6 1262/106/6
f 1259/691/4 1260/679/4 1264/680/4 1263/692/4
f 1260/109/5 1257/105/5 1261/106/5 1264/110/5
f 1165/686/1 1265/737/1 1259/734/1 1260/733/1
f 1264/733/2 1263/734/2 1266/737/2 1167/686/2
f 1259/109/6 1265/113/6 1266/114/6 1263/110/6
f 1265/691/4 1165/679/4 1167/680/4 1266/692/4
f 1165/113/5 1260/109/5 1264/110/5 1167/114/5
f 1166/685/1 1267/738/1 1265/737/1 1165/686/1
f 1167/686/2 1266/737/2 1268/738/2 1168/685/2
f 1265/113/6 1267/117/6 1268/118/6 1266/114/6
f 1267/691/4 1166/679/4 1168/680/4 1268/692/4
f 1272/739/1 1271/740/1 1270/741/1 1269/742/1
f 1273/742/2 1274/741/2 1275/740/2 1276/739/2
f 1269/679/3 1270/691/3 1274/692/3 1273/680/3
f 1270/121/6 1271/125/6 1275/126/6 1274/122/6
f 1271/691/4 1272/679/4 1276/680/4 1275/692/4
f 1272/125/5 1269/121/5 1273/122/5 1276/126/5
f 1169/688/1 1277/743/1 1271/740/1 1272/739/1
f 1276/739/2 1275/740/2 1278/743/2 1171/688/2
f 1271/125/6 1277/129/6 1278/130/6 1275/126/6
f 1277/691/4 1169/679/4 1171/680/4 1278/692/4
f 1169/129/5 1272/125/5 1276/126/5 1171/130/5
f 1170/687/1 1279/744/1 1277/743/1 1169/688/1
f 1171/688/2 1278/743/2 1280/744/2 1172/687/2
f 1277/129/6 1279/133/6 1280/134/6 1278/130/6
f 1279/691/4 1170/679/4 1172/680/4 1280/692/4
f 1174/689/1 1282/745/1 1281/746/1 1173/690/1
f 1175/690/2 1283/746/2 1284/745/2 1176/689/2
f 1173/691/3 1281/747/3 1283/748/3 1175/692/3
f 1281/12/6 1282/11/6 1284/14/6 1283/13/6
f 1282/747/4 1174/691/4 1176/692/4 1284/748/4
f 1181/696/1 1286/749/1 1285/750/1 1177/694/1
f 1179/694/2 1287/750/2 1288/749/2 1183/696/2
f 1177/691/3 1285/747/3 1287/748/3 1179/692/3
f 1285/17/6 1286/21/6 1288/22/6 1287/18/6
f 1286/747/4 1181/691/4 1183/692/4 1288/748/4
f 1186/697/1 1290/751/1 1289/752/1 1185/698/1
f 1187/698/2 1291/752/2 1292/751/2 1188/697/2
f 1185/691/3 1289/747/3 1291/748/3 1187/692/3
f 1289/25/6 1290/29/6 1292/30/6 1291/26/6
f 1290/747/4 1186/691/4 1188/692/4 1292/748/4
f 1199/704/1 1294/753/1 1293/754/1 1197/703/1
f 1198/703/2 1295/754/2 1296/753/2 1200/704/2
f 1197/691/3 1293/747/3 1295/748/3 1198/692/3
f 1293/41/6 1294/45/6 1296/46/6 1295/42/6
f 1294/747/4 1199/691/4 1200/692/4 1296/748/4
f 1203/706/1 1298/755/1 1297/756/1 1202/707/1
f 1206/707/2 1299/756/2 1300/755/2 1207/706/2
f 1202/691/3 1297/747/3 1299/748/3 1206/692/3
f 1297/49/6 1298/53/6 1300/54/6 1299/50/6
f 1298/747/4 1203/691/4 1207/692/4 1300/748/4
f 1227/718/1 1302/757/1 1301/758/1 1226/719/1
f 1230/719/2 1303/758/2 1304/757/2 1231/718/2
f 1226/691/3 1301/747/3 1303/748/3 1230/692/3
f 1301/73/6 1302/77/6 1304/78/6 1303/74/6
f 1302/747/4 1227/691/4 1231/692/4 1304/748/4
f 1243/726/1 1306/759/1 1305/760/1 1242/727/1
f 1246/727/2 1307/760/2 1308/759/2 1247/726/2
f 1242/691/3 1305/747/3 1307/748/3 1246/692/3
f 1305/89/6 1306/93/6 1308/94/6 1307/90/6
f 1306/747/4 1243/691/4 1247/692/4 1308/748/4
f 1253/732/1 1310/761/1 1309/762/1 1249/730/1
f 1251/730/2 1311/762/2 1312/761/2 1255/732/2
f 1249/691/3 1309/747/3 1311/748/3 1251/692/3
f 1309/97/6 1310/101/6 1312/102/6 1311/98/6
f 1310/747/4 1253/691/4 1255/692/4 1312/748/4
f 1267/738/1 1314/763/1 1313/764/1 1265/737/1
f 1266/737/2 1315/764/2 1316/763/2 1268/738/2
f 1265/691/3 1313/747/3 1315/748/3 1266/692/3
f 1313/113/6 1314/117/6 1316/118/6 1315/114/6
f 1314/747/4 1267/691/4 1268/692/4 1316/748/4
f 1271/740/1 1318/765/1 1317/766/1 1270/741/1
f 1274/741/2 1319/766/2 1320/765/2 1275/740/2
f 1270/691/3 1317/747/3 1319/748/3 1274/692/3
f 1317/121/6 1318/125/6 1320/126/6 1319/122/6
f 1318/747/4 1271/691/4 1275/692/4 1320/748/4
f 1279/744/1 1322/767/1 1321/768/1 1277/743/1
f 1278/743/2 1323/768/2 1324/767/2 1280/744/2
f 1277/691/3 1321/747/3 1323/748/3 1278/692/3
f 1321/129/6 1322/133/6 1324/134/6 1323/130/6
f 1322/747/4 1279/691/4 1280/692/4 1324/748/4
f 1282/745/1 1326/769/1 1325/770/1 1281/746/1
f 1283/746/2 1327/770/2 1328/769/2 1284/745/2
f 1281/747/3 1325/771/3 1327/772/3 1283/748/3
f 1325/12/6 1326/11/6 1328/14/6 1327/13/6
f 1326/771/4 1282/747/4 1284/748/4 1328/772/4
f 1286/749/1 1330/773/1 1329/774/1 1285/750/1
f 1287/750/2 1331/774/2 1332/773/2 1288/749/2
f 1285/747/3 1329/771/3 1331/772/3 1287/748/3
f 1329/17/6 1330/21/6 1332/22/6 1331/18/6
f 1330/771/4 1286/747/4 1288/748/4 1332/772/4
f 1290/751/1 1334/775/1 1333/776/1 1289/752/1
f 1291/752/2 1335/776/2 1336/775/2 1292/751/2
f 1289/747/3 1333/771/3 1335/772/3 1291/748/3
f 1333/25/6 1334/29/6 1336/30/6 1335/26/6
f 1334/771/4 1290/747/4 1292/748/4 1336/772/4
f 1338/777/1 1337/778/1 1334/775/1 1290/751/1
f 1292/751/2 1336/775/2 1339/778/2 1340/777/2
f 1334/29/6 1337/33/6 1339/34/6 1336/30/6
f 1337/771/4 1338/747/4 1340/748/4 1339/772/4
f 1338/33/5 1290/29/5 1292/30/5 1340/34/5
f 1342/779/1 1341/780/1 1337/778/1 1338/777/1
f 1340/777/2 1339/778/2 1343/780/2 1344/779/2
f 1337/33/6 1341/37/6 1343/38/6 1339/34/6
f 1341/771/4 1342/747/4 1344/748/4 1343/772/4
f 1342/37/5 1338/33/5 1340/34/5 1344/38/5
f 1294/753/1 1346/781/1 1345/782/1 1293/754/1
f 1295/754/2 1347/782/2 1348/781/2 1296/753/2
f 1293/747/3 1345/771/3 1347/772/3 1295/748/3
f 1345/41/6 1346/45/6 1348/46/6 1347/42/6
f 1346/771/4 1294/747/4 1296/748/4 1348/772/4
f 1298/755/1 1350/783/1 1349/784/1 1297/756/1
f 1299/756/2 1351/784/2 1352/783/2 1300/755/2
f 1297/747/3 1349/771/3 1351/772/3 1299/748/3
f 1349/49/6 1350/53/6 1352/54/6 1351/50/6
f 1350/771/4 1298/747/4 1300/748/4 1352/772/4
f 1356/785/1 1355/786/1 1354/787/1 1353/788/1
f 1357/788/2 1358/787/2 1359/786/2 1360/785/2
f 1353/747/3 1354/771/3 1358/772/3 1357/748/3
f 1354/57/6 1355/61/6 1359/62/6 1358/58/6
f 1355/771/4 1356/747/4 1360/748/4 1359/772/4
f 1356/61/5 1353/57/5 1357/58/5 1360/62/5
f 1362/789/1 1361/790/1 1355/786/1 1356/785/1
f 1360/785/2 1359/786/2 1363/790/2 1364/789/2
f 1355/61/6 1361/65/6 1363/66/6 1359/62/6
f 1361/771/4 1362/747/4 1364/748/4 1363/772/4
f 1362/65/5 1356/61/5 1360/62/5 1364/66/5
f 1366/791/1 1365/792/1 1361/790/1 1362/789/1
f 1364/789/2 1363/790/2 1367/792/2 1368/791/2
f 1361/65/6 1365/69/6 1367/70/6 1363/66/6
f 1365/771/4 1366/747/4 1368/748/4 1367/772/4
f 1366/69/5 1362/65/5 1364/66/5 1368/70/5
f 1301/758/1 1369/793/1 1365/792/1 1366/791/1
f 1368/791/2 1367/792/2 1370/793/2 1303/758/2
f 1365/69/6 1369/73/6 1370/74/6 1367/70/6
f 1369/771/4 1301/747/4 1303/748/4 1370/772/4
f 1301/73/5 1366/69/5 1368/70/5 1303/74/5
f 1302/757/1 1371/794/1 1369/793/1 1301/758/1
f 1303/758/2 1370/793/2 1372/794/2 1304/757/2
f 1369/73/6 1371/77/6 1372/78/6 1370/74/6
f 1371/771/4 1302/747/4 1304/748/4 1372/772/4
f 1376/795/1 1375/796/1 1374/797/1 1373/798/1
f 1377/798/2 1378/797/2 1379/796/2 1380/795/2
f 1373/747/3 1374/771/3 1378/772/3 1377/748/3
f 1374/81/6 1375/85/6 1379/86/6 1378/82/6
f 1375/771/4 1376/747/4 1380/748/4 1379/772/4
f 1376/85/5 1373/81/5 1377/82/5 1380/86/5
f 1305/760/1 1381/799/1 1375/796/1 1376/795/1
f 1380/795/2 1379/796/2 1382/799/2 1307/760/2
f 1375/85/6 1381/89/6 1382/90/6 1379/86/6
f 1381/771/4 1305/747/4 1307/748/4 1382/772/4
f 1305/89/5 1376/85/5 1380/86/5 1307/90/5
f 1306/759/1 1383/800/1 1381/799/1 1305/760/1
f 1307/760/2 1382/799/2 1384/800/2 1308/759/2
f 1381/89/6 1383/93/6 1384/94/6 1382/90/6
f 1383/771/4 1306/747/4 1308/748/4 1384/772/4
f 1310/761/1 1386/801/1 1385/802/1 1309/762/1
f 1311/762/2 1387/802/2 1388/801/2 1312/761/2
f 1309/747/3 1385/771/3 1387/772/3 1311/748/3
f 1385/97/6 1386/101/6 1388/102/6 1387/98/6
f 1386/771/4 1310/747/4 1312/748/4 1388/772/4
f 1390/803/1 1389/804/1 1386/801/1 1310/761/1
f 1312/761/2 1388/801/2 1391/804/2 1392/803/2
f 1386/101/6 1389/105/6 1391/106/6 1388/102/6
f 1389/771/4 1390/747/4 1392/748/4 1391/772/4
f 1390/105/5 1310/101/5 1312/102/5 1392/106/5
f 1394/805/1 1393/806/1 1389/804/1 1390/803/1
f 1392/803/2 1391/804/2 1395/806/2 1396/805/2
f 1389/105/6 1393/109/6 1395/110/6 1391/106/6
f 1393/771/4 1394/747/4 1396/748/4 1395/772/4
f 1394/109/5 1390/105/5 1392/106/5 1396/110/5
f 1314/763/1 1398/807/1 1397/808/1 1313/764/1
f 1315/764/2 1399/808/2 1400/807/2 1316/763/2
f 1313/747/3 1397/771/3 1399/772/3 1315/748/3
f 1397/113/6 1398/117/6 1400/118/6 1399/114/6
f 1398/771/4 1314/747/4 1316/748/4 1400/772/4
f 1318/765/1 1402/809/1 1401/810/1 1317/766/1
f 1319/766/2 1403/810/2 1404/809/2 1320/765/2
f 1317/747/3 1401/771/3 1403/772/3 1319/748/3
f 1401/121/6 1402/125/6 1404/126/6 1403/122/6
f 1402/771/4 1318/747/4 1320/748/4 1404/772/4
f 1322/767/1 1406/811/1 1405/812/1 1321/768/1
f 1323/768/2 1407/812/2 1408/811/2 1324/767/2
f 1321/747/3 1405/771/3 1407/772/3 1323/748/3
f 1405/129/6 1406/133/6 1408/134/6 1407/130/6
f 1406/771/4 1322/747/4 1324/748/4 1408/772/4
f 1326/769/1 1410/813/1 1409/814/1 1325/770/1
f 1327/770/2 1411/814/2 1412/813/2 1328/769/2
f 1325/771/3 1409/815/3 1411/816/3 1327/772/3
f 1409/12/6 1410/11/6 1412/14/6 1411/13/6
f 1410/815/4 1326/771/4 1328/772/4 1412/816/4
f 1334/775/1 1414/817/1 1413/818/1 1333/776/1
f 1335/776/2 1415/818/2 1416/817/2 1336/775/2
f 1333/771/3 1413/815/3 1415/816/3 1335/772/3
f 1413/25/6 1414/29/6 1416/30/6 1415/26/6
f 1414/815/4 1334/771/4 1336/772/4 1416/816/4
f 1346/781/1 1418/819/1 1417/820/1 1345/782/1
f 1347/782/2 1419/820/2 1420/819/2 1348/781/2
f 1345/771/3 1417/815/3 1419/816/3 1347/772/3
f 1417/41/6 1418/45/6 1420/46/6 1419/42/6
f 1418/815/4 1346/771/4 1348/772/4 1420/816/4
f 1355/786/1 1422/821/1 1421/822/1 1354/787/1
f 1358/787/2 1423/822/2 1424/821/2 1359/786/2
f 1354/771/3 1421/815/3 1423/816/3 1358/772/3
f 1421/57/6 1422/61/6 1424/62/6 1423/58/6
f 1422/815/4 1355/771/4 1359/772/4 1424/816/4
f 1375/796/1 1426/823/1 1425/824/1 1374/797/1
f 1378/797/2 1427/824/2 1428/823/2 1379/796/2
f 1374/771/3 1425/815/3 1427/816/3 1378/772/3
f 1425/81/6 1426/85/6 1428/86/6 1427/82/6
f 1426/815/4 1375/771/4 1379/772/4 1428/816/4
f 1393/806/1 1430/825/1 1429/826/1 1389/804/1
f 1391/804/2 1431/826/2 1432/825/2 1395/806/2
f 1389/771/3 1429/815/3 1431/816/3 1391/772/3
f 1429/105/6 1430/109/6 1432/110/6 1431/106/6
f 1430/815/4 1393/771/4 1395/772/4 1432/816/4
f 1402/809/1 1434/827/1 1433/828/1 1401/810/1
f 1403/810/2 1435/828/2 1436/827/2 1404/809/2
f 1401/771/3 1433/815/3 1435/816/3 1403/772/3
f 1433/121/6 1434/125/6 1436/126/6 1435/122/6
f 1434/815/4 1402/771/4 1404/772/4 1436/816/4
f 1406/811/1 1438/829/1 1437/830/1 1405/812/1
f 1407/812/2 1439/830/2 1440/829/2 1408/811/2
f 1405/771/3 1437/815/3 1439/816/3 1407/772/3
f 1437/129/6 1438/133/6 1440/134/6 1439/130/6
f 1438/815/4 1406/771/4 1408/772/4 1440/816/4
f 1410/813/1 1442/831/1 1441/832/1 1409/814/1
f 1411/814/2 1443/832/2 1444/831/2 1412/813/2
f 1409/815/3 1441/833/3 1443/834/3 1411/816/3
f 1441/12/6 1442/11/6 1444/14/6 1443/13/6
f 1442/833/4 1410/815/4 1412/816/4 1444/834/4
f 1448/835/1 1447/836/1 1446/837/1 1445/838/1
f 1449/838/2 1450/837/2 1451/836/2 1452/835/2
f 1445/815/3 1446/833/3 1450/834/3 1449/816/3
f 1446/17/6 1447/21/6 1451/22/6 1450/18/6
f 1447/833/4 1448/815/4 1452/816/4 1451/834/4
f 1448/21/5 1445/17/5 1449/18/5 1452/22/5
f 1413/818/1 1453/839/1 1447/836/1 1448/835/1
f 1452/835/2 1451/836/2 1454/839/2 1415/818/2
f 1447/21/6 1453/25/6 1454/26/6 1451/22/6
f 1453/833/4 1413/815/4 1415/816/4 1454/834/4
f 1413/25/5 1448/21/5 1452/22/5 1415/26/5
f 1414/817/1 1455/840/1 1453/839/1 1413/818/1
f 1415/818/2 1454/839/2 1456/840/2 1416/817/2
f 1453/25/6 1455/29/6 1456/30/6 1454/26/6
f 1455/833/4 1414/815/4 1416/816/4 1456/834/4
f 1460/841/1 1459/842/1 1458/843/1 1457/844/1
f 1461/844/2 1462/843/2 1463/842/2 1464/841/2
f 1457/815/3 1458/833/3 1462/834/3 1461/816/3
f 1458/33/6 1459/37/6 1463/38/6 1462/34/6
f 1459/833/4 1460/815/4 1464/816/4 1463/834/4
f 1460/37/5 1457/33/5 1461/34/5 1464/38/5
f 1418/819/1 1466/845/1 1465/846/1 1417/820/1
f 1419/820/2 1467/846/2 1468/845/2 1420/819/2
f 1417/815/3 1465/833/3 1467/834/3 1419/816/3
f 1465/41/6 1466/45/6 1468/46/6 1467/42/6
f 1466/833/4 1418/815/4 1420/816/4 1468/834/4
f 1470/847/1 1469/848/1 1466/845/1 1418/819/1
f 1420/819/2 1468/845/2 1471/848/2 1472/847/2
f 1466/45/6 1469/49/6 1471/50/6 1468/46/6
f 1469/833/4 1470/815/4 1472/816/4 1471/834/4
f 1470/49/5 1418/45/5 1420/46/5 1472/50/5
f 1474/849/1 1473/850/1 1469/848/1 1470/847/1
f 1472/847/2 1471/848/2 1475/850/2 1476/849/2
f 1469/49/6 1473/53/6 1475/54/6 1471/50/6
f 1473/833/4 1474/815/4 1476/816/4 1475/834/4
f 1474/53/5 1470/49/5 1472/50/5 1476/54/5
f 1422/821/1 1478/851/1 1477/852/1 1421/822/1
f 1423/822/2 1479/852/2 1480/851/2 1424/821/2
f 1421/815/3 1477/833/3 1479/834/3 1423/816/3
f 1477/57/6 1478/61/6 1480/62/6 1479/58/6
f 1478/833/4 1422/815/4 1424/816/4 1480/834/4
f 1484/853/1 1483/854/1 1482/855/1 1481/856/1
f 1485/856/2 1486/855/2 1487/854/2 1488/853/2
f 1481/815/3 1482/833/3 1486/834/3 1485/816/3
f 1482/65/6 1483/69/6 1487/70/6 1486/66/6
f 1483/833/4 1484/815/4 1488/816/4 1487/834/4
f 1484/69/5 1481/65/5 1485/66/5 1488/70/5
f 1490/857/1 1489/858/1 1483/854/1 1484/853/1
f 1488/853/2 1487/854/2 1491/858/2 1492/857/2
f 1483/69/6 1489/73/6 1491/74/6 1487/70/6
f 1489/833/4 1490/815/4 1492/816/4 1491/834/4
f 1490/73/5 1484/69/5 1488/70/5 1492/74/5
f 1494/859/1 1493/860/1 1489/858/1 1490/857/1
f 1492/857/2 1491/858/2 1495/860/2 1496/859/2
f 1489/73/6 1493/77/6 1495/78/6 1491/74/6
f 1493/833/4 1494/815/4 1496/816/4 1495/834/4
f 1494/77/5 1490/73/5 1492/74/5 1496/78/5
f 1425/824/1 1497/861/1 1493/860/1 1494/859/1
f 1496/859/2 1495/860/2 1498/861/2 1427/824/2
f 1493/77/6 1497/81/6 1498/82/6 1495/78/6
f 1497/833/4 1425/815/4 1427/816/4 1498/834/4
f 1425/81/5 1494/77/5 1496/78/5 1427/82/5
f 1426/823/1 1499/862/1 1497/861/1 1425/824/1
f 1427/824/2 1498/861/2 1500/862/2 1428/823/2
f 1497/81/6 1499/85/6 1500/86/6 1498/82/6
f 1499/833/4 1426/815/4 1428/816/4 1500/834/4
f 1502/863/1 1501/864/1 1499/862/1 1426/823/1
f 1428/823/2 1500/862/2 1503/864/2 1504/863/2
f 1499/85/6 1501/89/6 1503/90/6 1500/86/6
f 1501/833/4 1502/815/4 1504/816/4 1503/834/4
f 1502/89/5 1426/85/5 1428/86/5 1504/90/5
f 1506/865/1 1505/866/1 1501/864/1 1502/863/1
f 1504/863/2 1503/864/2 1507/866/2 1508/865/2
f 1501/89/6 1505/93/6 1507/94/6 1503/90/6
f 1505/833/4 1506/815/4 1508/816/4 1507/834/4
f 1506/93/5 1502/89/5 1504/90/5 1508/94/5
f 1510/867/1 1509/868/1 1505/866/1 1506/865/1
f 1508/865/2 1507/866/2 1511/868/2 1512/867/2
f 1505/93/6 1509/97/6 1511/98/6 1507/94/6
f 1509/833/4 1510/815/4 1512/816/4 1511/834/4
f 1510/97/5 1506/93/5 1508/94/5 1512/98/5
f 1514/869/1 1513/870/1 1509/868/1 1510/867/1
f 1512/867/2 1511/868/2 1515/870/2 1516/869/2
f 1509/97/6 1513/101/6 1515/102/6 1511/98/6
f 1513/833/4 1514/815/4 1516/816/4 1515/834/4
f 1514/101/5 1510/97/5 1512/98/5 1516/102/5
f 1430/825/1 1518/871/1 1517/872/1 1429/826/1
f 1431/826/2 1519/872/2 1520/871/2 1432/825/2
f 1429/815/3 1517/833/3 1519/834/3 1431/816/3
f 1517/105/6 1518/109/6 1520/110/6 1519/106/6
f 1518/833/4 1430/815/4 1432/816/4 1520/834/4
f 1522/873/1 1521/874/1 1518/871/1 1430/825/1
f 1432/825/2 1520/871/2 1523/874/2 1524/873/2
f 1518/109/6 1521/113/6 1523/114/6 1520/110/6
f 1521/833/4 1522/815/4 1524/816/4 1523/834/4
f 1522/113/5 1430/109/5 1432/110/5 1524/114/5
f 1526/875/1 1525/876/1 1521/874/1 1522/873/1
f 1524/873/2 1523/874/2 1527/876/2 1528/875/2
f 1521/113/6 1525/117/6 1527/118/6 1523/114/6
f 1525/833/4 1526/815/4 1528/816/4 1527/834/4
f 1526/117/5 1522/113/5 1524/114/5 1528/118/5
f 1433/828/1 1529/877/1 1525/876/1 1526/875/1
f 1528/875/2 1527/876/2 1530/877/2 1435/828/2
f 1525/117/6 1529/121/6 1530/122/6 1527/118/6
f 1529/833/4 1433/815/4 1435/816/4 1530/834/4
f 1433/121/5 1526/117/5 1528/118/5 1435/122/5
f 1434/827/1 1531/878/1 1529/877/1 1433/828/1
f 1435/828/2 1530/877/2 1532/878/2 1436/827/2
f 1529/121/6 1531/125/6 1532/126/6 1530/122/6
f 1531/833/4 1434/815/4 1436/816/4 1532/834/4
f 1438/829/1 1534/879/1 1533/880/1 1437/830/1
f 1439/830/2 1535/880/2 1536/879/2 1440/829/2
f 1437/815/3 1533/833/3 1535/834/3 1439/816/3
f 1533/129/6 1534/133/6 1536/134/6 1535/130/6
f 1534/833/4 1438/815/4 1440/816/4 1536/834/4
f 1442/831/1 1538/881/1 1537/882/1 1441/832/1
f 1443/832/2 1539/882/2 1540/881/2 1444/831/2
f 1441/833/3 1537/883/3 1539/884/3 1443/834/3
f 1537/12/6 1538/11/6 1540/14/6 1539/13/6
f 1538/883/4 1442/833/4 1444/834/4 1540/884/4
f 1447/836/1 1542/885/1 1541/886/1 1446/837/1
f 1450/837/2 1543/886/2 1544/885/2 1451/836/2
f 1446/833/3 1541/883/3 1543/884/3 1450/834/3
f 1541/17/6 1542/21/6 1544/22/6 1543/18/6
f 1542/883/4 1447/833/4 1451/834/4 1544/884/4
f 1459/842/1 1546/887/1 1545/888/1 1458/843/1
f 1462/843/2 1547/888/2 1548/887/2 1463/842/2
f 1458/833/3 1545/883/3 1547/884/3 1462/834/3
f 1545/33/6 1546/37/6 1548/38/6 1547/34/6
f 1546/883/4 1459/833/4 1463/834/4 1548/884/4
f 1466/845/1 1550/889/1 1549/890/1 1465/846/1
f 1467/846/2 1551/890/2 1552/889/2 1468/845/2
f 1465/833/3 1549/883/3 1551/884/3 1467/834/3
f 1549/41/6 1550/45/6 1552/46/6 1551/42/6
f 1550/883/4 1466/833/4 1468/834/4 1552/884/4
f 1473/850/1 1554/891/1 1553/892/1 1469/848/1
f 1471/848/2 1555/892/2 1556/891/2 1475/850/2
f 1469/833/3 1553/883/3 1555/884/3 1471/834/3
f 1553/49/6 1554/53/6 1556/54/6 1555/50/6
f 1554/883/4 1473/833/4 1475/834/4 1556/884/4
f 1483/854/1 1558/893/1 1557/894/1 1482/855/1
f 1486/855/2 1559/894/2 1560/893/2 1487/854/2
f 1482/833/3 1557/883/3 1559/884/3 1486/834/3
f 1557/65/6 1558/69/6 1560/70/6 1559/66/6
f 1558/883/4 1483/833/4 1487/834/4 1560/884/4
f 1525/876/1 1562/895/1 1561/896/1 1521/874/1
f 1523/874/2 1563/896/2 1564/895/2 1527/876/2
f 1521/833/3 1561/883/3 1563/884/3 1523/834/3
f 1561/113/6 1562/117/6 1564/118/6 1563/114/6
f 1562/883/4 1525/833/4 1527/834/4 1564/884/4
f 1534/879/1 1566/897/1 1565/898/1 1533/880/1
f 1535/880/2 1567/898/2 1568/897/2 1536/879/2
f 1533/833/3 1565/883/3 1567/884/3 1535/834/3
f 1565/129/6 1566/133/6 1568/134/6 1567/130/6
f 1566/883/4 1534/833/4 1536/834/4 1568/884/4
f 1538/881/1 1570/899/1 1569/900/1 1537/882/1
f 1539/882/2 1571/900/2 1572/899/2 1540/881/2
f 1537/883/3 1569/901/3 1571/902/3 1539/884/3
f 1569/12/6 1570/11/6 1572/14/6 1571/13/6
f 1570/901/4 1538/883/4 1540/884/4 1572/902/4
f 1542/885/1 1574/903/1 1573/904/1 1541/886/1
f 1543/886/2 1575/904/2 1576/903/2 1544/885/2
f 1541/883/3 1573/901/3 1575/902/3 1543/884/3
f 1573/17/6 1574/21/6 1576/22/6 1575/18/6
f 1574/901/4 1542/883/4 1544/884/4 1576/902/4
f 1578/905/1 1577/906/1 1574/903/1 1542/885/1
f 1544/885/2 1576/903/2 1579/906/2 1580/905/2
f 1574/21/6 1577/25/6 1579/26/6 1576/22/6
f 1577/901/4 1578/883/4 1580/884/4 1579/902/4
f 1578/25/5 1542/21/5 1544/22/5 1580/26/5
f 1582/907/1 1581/908/1 1577/906/1 1578/905/1
f 1580/905/2 1579/906/2 1583/908/2 1584/907/2
f 1577/25/6 1581/29/6 1583/30/6 1579/26/6
f 1581/901/4 1582/883/4 1584/884/4 1583/902/4
f 1582/29/5 1578/25/5 1580/26/5 1584/30/5
f 1546/887/1 1586/909/1 1585/910/1 1545/888/1
f 1547/888/2 1587/910/2 1588/909/2 1548/887/2
f 1545/883/3 1585/901/3 1587/902/3 1547/884/3
f 1585/33/6 1586/37/6 1588/38/6 1587/34/6
f 1586/901/4 1546/883/4 1548/884/4 1588/902/4
f 1550/889/1 1590/911/1 1589/912/1 1549/890/1
f 1551/890/2 1591/912/2 1592/911/2 1552/889/2
f 1549/883/3 1589/901/3 1591/902/3 1551/884/3
f 1589/41/6 1590/45/6 1592/46/6 1591/42/6
f 1590/901/4 1550/883/4 1552/884/4 1592/902/4
f 1554/891/1 1594/913/1 1593/914/1 1553/892/1
f 1555/892/2 1595/914/2 1596/913/2 1556/891/2
f 1553/883/3 1593/901/3 1595/902/3 1555/884/3
f 1593/49/6 1594/53/6 1596/54/6 1595/50/6
f 1594/901/4 1554/883/4 1556/884/4 1596/902/4
f 1598/915/1 1597/916/1 1594/913/1 1554/891/1
f 1556/891/2 1596/913/2 1599/916/2 1600/915/2
f 1594/53/6 1597/57/6 1599/58/6 1596/54/6
f 1597/901/4 1598/883/4 1600/884/4 1599/902/4
f 1598/57/5 1554/53/5 1556/54/5 1600/58/5
f 1602/917/1 1601/918/1 1597/916/1 1598/915/1
f 1600/915/2 1599/916/2 1603/918/2 1604/917/2
f 1597/57/6 1601/61/6 1603/62/6 1599/58/6
f 1601/901/4 1602/883/4 1604/884/4 1603/902/4
f 1602/61/5 1598/57/5 1600/58/5 1604/62/5
f 1557/894/1 1605/919/1 1601/918/1 1602/917/1
f 1604/917/2 1603/918/2 1606/919/2 1559/894/2
f 1601/61/6 1605/65/6 1606/66/6 1603/62/6
f 1605/901/4 1557/883/4 1559/884/4 1606/902/4
f 1557/65/5 1602/61/5 1604/62/5 1559/66/5
f 1558/893/1 1607/920/1 1605/919/1 1557/894/1
f 1559/894/2 1606/919/2 1608/920/2 1560/893/2
f 1605/65/6 1607/69/6 1608/70/6 1606/66/6
f 1607/901/4 1558/883/4 1560/884/4 1608/902/4
f 1612/921/1 1611/922/1 1610/923/1 1609/924/1
f 1613/924/2 1614/923/2 1615/922/2 1616/921/2
f 1609/883/3 1610/901/3 1614/902/3 1613/884/3
f 1610/73/6 1611/77/6 1615/78/6 1614/74/6
f 1611/901/4 1612/883/4 1616/884/4 1615/902/4
f 1612/77/5 1609/73/5 1613/74/5 1616/78/5
f 1618/925/1 1617/926/1 1611/922/1 1612/921/1
f 1616/921/2 1615/922/2 1619/926/2 1620/925/2
f 1611/77/6 1617/81/6 1619/82/6 1615/78/6
f 1617/901/4 1618/883/4 1620/884/4 1619/902/4
f 1618/81/5 1612/77/5 1616/78/5 1620/82/5
f 1622/927/1 1621/928/1 1617/926/1 1618/925/1
f 1620/925/2 1619/926/2 1623/928/2 1624/927/2
f 1617/81/6 1621/85/6 1623/86/6 1619/82/6
f 1621/901/4 1622/883/4 1624/884/4 1623/902/4
f 1622/85/5 1618/81/5 1620/82/5 1624/86/5
f 1626/929/1 1625/930/1 1621/928/1 1622/927/1
f 1624/927/2 1623/928/2 1627/930/2 1628/929/2
f 1621/85/6 1625/89/6 1627/90/6 1623/86/6
f 1625/901/4 1626/883/4 1628/884/4 1627/902/4
f 1626/89/5 1622/85/5 1624/86/5 1628/90/5
f 1630/931/1 1629/932/1 1625/930/1 1626/929/1
f 1628/929/2 1627/930/2 1631/932/2 1632/931/2
f 1625/89/6 1629/93/6 1631/94/6 1627/90/6
f 1629/901/4 1630/883/4 1632/884/4 1631/902/4
f 1630/93/5 1626/89/5 1628/90/5 1632/94/5
f 1634/933/1 1633/934/1 1629/932/1 1630/931/1
f 1632/931/2 1631/932/2 1635/934/2 1636/933/2
f 1629/93/6 1633/97/6 1635/98/6 1631/94/6
f 1633/901/4 1634/883/4 1636/884/4 1635/902/4
f 1634/97/5 1630/93/5 1632/94/5 1636/98/5
f 1638/935/1 1637/936/1 1633/934/1 1634/933/1
f 1636/933/2 1635/934/2 1639/936/2 1640/935/2
f 1633/97/6 1637/101/6 1639/102/6 1635/98/6
f 1637/901/4 1638/883/4 1640/884/4 1639/902/4
f 1638/101/5 1634/97/5 1636/98/5 1640/102/5
f 1642/937/1 1641/938/1 1637/936/1 1638/935/1
f 1640/935/2 1639/936/2 1643/938/2 1644/937/2
f 1637/101/6 1641/105/6 1643/106/6 1639/102/6
f 1641/901/4 1642/883/4 1644/884/4 1643/902/4
f 1642/105/5 1638/101/5 1640/102/5 1644/106/5
f 1646/939/1 1645/940/1 1641/938/1 1642/937/1
f 1644/937/2 1643/938/2 1647/940/2 1648/939/2
f 1641/105/6 1645/109/6 1647/110/6 1643/106/6
f 1645/901/4 1646/883/4 1648/884/4 1647/902/4
f 1646/109/5 1642/105/5 1644/106/5 1648/110/5
f 1562/895/1 1650/941/1 1649/942/1 1561/896/1
f 1563/896/2 1651/942/2 1652/941/2 1564/895/2
f 1561/883/3 1649/901/3 1651/902/3 1563/884/3
f 1649/113/6 1650/117/6 1652/118/6 1651/114/6
f 1650/901/4 1562/883/4 1564/884/4 1652/902/4
f 1656/943/1 1655/944/1 1654/945/1 1653/946/1
f 1657/946/2 1658/945/2 1659/944/2 1660/943/2
f 1653/883/3 1654/901/3 1658/902/3 1657/884/3
f 1654/121/6 1655/125/6 1659/126/6 1658/122/6
f 1655/901/4 1656/883/4 1660/884/4 1659/902/4
f 1656/125/5 1653/121/5 1657/122/5 1660/126/5
f 1566/897/1 1662/947/1 1661/948/1 1565/898/1
f 1567/898/2 1663/948/2 1664/947/2 1568/897/2
f 1565/883/3 1661/901/3 1663/902/3 1567/884/3
f 1661/129/6 1662/133/6 1664/134/6 1663/130/6
f 1662/901/4 1566/883/4 1568/884/4 1664/902/4
f 1570/899/1 1666/949/1 1665/950/1 1569/900/1
f 1571/900/2 1667/950/2 1668/949/2 1572/899/2
f 1569/901/3 1665/951/3 1667/952/3 1571/902/3
f 1665/12/6 1666/11/6 1668/14/6 1667/13/6
f 1666/951/4 1570/901/4 1572/902/4 1668/952/4
f 1586/909/1 1670/953/1 1669/954/1 1585/910/1
f 1587/910/2 1671/954/2 1672/953/2 1588/909/2
f 1585/901/3 1669/951/3 1671/952/3 1587/902/3
f 1669/33/6 1670/37/6 1672/38/6 1671/34/6
f 1670/951/4 1586/901/4 1588/902/4 1672/952/4
f 1611/922/1 1674/955/1 1673/956/1 1610/923/1
f 1614/923/2 1675/956/2 1676/955/2 1615/922/2
f 1610/901/3 1673/951/3 1675/952/3 1614/902/3
f 1673/73/6 1674/77/6 1676/78/6 1675/74/6
f 1674/951/4 1611/901/4 1615/902/4 1676/952/4
f 1637/936/1 1678/957/1 1677/958/1 1633/934/1
f 1635/934/2 1679/958/2 1680/957/2 1639/936/2
f 1633/901/3 1677/951/3 1679/952/3 1635/902/3
f 1677/97/6 1678/101/6 1680/102/6 1679/98/6
f 1678/951/4 1637/901/4 1639/902/4 1680/952/4
f 1650/941/1 1682/959/1 1681/960/1 1649/942/1
f 1651/942/2 1683/960/2 1684/959/2 1652/941/2
f 1649/901/3 1681/951/3 1683/952/3 1651/902/3
f 1681/113/6 1682/117/6 1684/118/6 1683/114/6
f 1682/951/4 1650/901/4 1652/902/4 1684/952/4
f 1655/944/1 1686/961/1 1685/962/1 1654/945/1
f 1658/945/2 1687/962/2 1688/961/2 1659/944/2
f 1654/901/3 1685/951/3 1687/952/3 1658/902/3
f 1685/121/6 1686/125/6 1688/126/6 1687/122/6
f 1686/951/4 1655/901/4 1659/902/4 1688/952/4
f 1662/947/1 1690/963/1 1689/964/1 1661/948/1
f 1663/948/2 1691/964/2 1692/963/2 1664/947/2
f 1661/901/3 1689/951/3 1691/952/3 1663/902/3
f 1689/129/6 1690/133/6 1692/134/6 1691/130/6
f 1690/951/4 1662/901/4 1664/902/4 1692/952/4
f 1666/949/1 1694/965/1 1693/966/1 1665/950/1
f 1667/950/2 1695/966/2 1696/965/2 1668/949/2
f 1665/951/3 1693/967/3 1695/968/3 1667/952/3
f 1693/12/6 1694/11/6 1696/14/6 1695/13/6
f 1694/967/4 1666/951/4 1668/952/4 1696/968/4
f 1698/969/1 1697/970/1 1694/965/1 1666/949/1
f 1668/949/2 1696/965/2 1699/970/2 1700/969/2
f 1694/11/6 1697/17/6 1699/18/6 1696/14/6
f 1697/967/4 1698/951/4 1700/952/4 1699/968/4
f 1698/17/5 1666/11/5 1668/14/5 1700/18/5
f 1702/971/1 1701/972/1 1697/970/1 1698/969/1
f 1700/969/2 1699/970/2 1703/972/2 1704/971/2
f 1697/17/6 1701/21/6 1703/22/6 1699/18/6
f 1701/967/4 1702/951/4 1704/952/4 1703/968/4
f 1702/21/5 1698/17/5 1700/18/5 1704/22/5
f 1706/973/1 1705/974/1 1701/972/1 1702/971/1
f 1704/971/2 1703/972/2 1707/974/2 1708/973/2
f 1701/21/6 1705/25/6 1707/26/6 1703/22/6
f 1705/967/4 1706/951/4 1708/952/4 1707/968/4
f 1706/25/5 1702/21/5 1704/22/5 1708/26/5
f 1710/975/1 1709/976/1 1705/974/1 1706/973/1
f 1708/973/2 1707/974/2 1711/976/2 1712/975/2
f 1705/25/6 1709/29/6 1711/30/6 1707/26/6
f 1709/967/4 1710/951/4 1712/952/4 1711/968/4
f 1710/29/5 1706/25/5 1708/26/5 1712/30/5
f 1669/954/1 1713/977/1 1709/976/1 1710/975/1
f 1712/975/2 1711/976/2 1714/977/2 1671/954/2
f 1709/29/6 1713/33/6 1714/34/6 1711/30/6
f 1713/967/4 1669/951/4 1671/952/4 1714/968/4
f 1669/33/5 1710/29/5 1712/30/5 1671/34/5
f 1670/953/1 1715/978/1 1713/977/1 1669/954/1
f 1671/954/2 1714/977/2 1716/978/2 1672/953/2
f 1713/33/6 1715/37/6 1716/38/6 1714/34/6
f 1715/967/4 1670/951/4 1672/952/4 1716/968/4
f 1718/979/1 1717/980/1 1715/978/1 1670/953/1
f 1672/953/2 1716/978/2 1719/980/2 1720/979/2
f 1715/37/6 1717/41/6 1719/42/6 1716/38/6
f 1717/967/4 1718/951/4 1720/952/4 1719/968/4
f 1718/41/5 1670/37/5 1672/38/5 1720/42/5
f 1722/981/1 1721/982/1 1717/980/1 1718/979/1
f 1720/979/2 1719/980/2 1723/982/2 1724/981/2
f 1717/41/6 1721/45/6 1723/46/6 1719/42/6
f 1721/967/4 1722/951/4 1724/952/4 1723/968/4
f 1722/45/5 1718/41/5 1720/42/5 1724/46/5
f 1726/983/1 1725/984/1 1721/982/1 1722/981/1
f 1724/981/2 1723/982/2 1727/984/2 1728/983/2
f 1721/45/6 1725/49/6 1727/50/6 1723/46/6
f 1725/967/4 1726/951/4 1728/952/4 1727/968/4
f 1726/49/5 1722/45/5 1724/46/5 1728/50/5
f 1730/985/1 1729/986/1 1725/984/1 1726/983/1
f 1728/983/2 1727/984/2 1731/986/2 1732/985/2
f 1725/49/6 1729/53/6 1731/54/6 1727/50/6
f 1729/967/4 1730/951/4 1732/952/4 1731/968/4
f 1730/53/5 1726/49/5 1728/50/5 1732/54/5
f 1734/987/1 1733/988/1 1729/986/1 1730/985/1
f 1732/985/2 1731/986/2 1735/988/2 1736/987/2
f 1729/53/6 1733/57/6 1735/58/6 1731/54/6
f 1733/967/4 1734/951/4 1736/952/4 1735/968/4
f 1734/57/5 1730/53/5 1732/54/5 1736/58/5
f 1738/989/1 1737/990/1 1733/988/1 1734/987/1
f 1736/987/2 1735/988/2 1739/990/2 1740/989/2
f 1733/57/6 1737/61/6 1739/62/6 1735/58/6
f 1737/967/4 1738/951/4 1740/952/4 1739/968/4
f 1738/61/5 1734/57/5 1736/58/5 1740/62/5
f 1742/991/1 1741/992/1 1737/990/1 1738/989/1
f 1740/989/2 1739/990/2 1743/992/2 1744/991/2
f 1737/61/6 1741/65/6 1743/66/6 1739/62/6
f 1741/967/4 1742/951/4 1744/952/4 1743/968/4
f 1742/65/5 1738/61/5 1740/62/5 1744/66/5
f 1746/993/1 1745/994/1 1741/992/1 1742/991/1
f 1744/991/2 1743/992/2 1747/994/2 1748/993/2
f 1741/65/6 1745/69/6 1747/70/6 1743/66/6
f 1745/967/4 1746/951/4 1748/952/4 1747/968/4
f 1746/69/5 1742/65/5 1744/66/5 1748/70/5
f 1673/956/1 1749/995/1 1745/994/1 1746/993/1
f 1748/993/2 1747/994/2 1750/995/2 1675/956/2
f 1745/69/6 1749/73/6 1750/74/6 1747/70/6
f 1749/967/4 1673/951/4 1675/952/4 1750/968/4
f 1673/73/5 1746/69/5 1748/70/5 1675/74/5
f 1674/955/1 1751/996/1 1749/995/1 1673/956/1
f 1675/956/2 1750/995/2 1752/996/2 1676/955/2
f 1749/73/6 1751/77/6 1752/78/6 1750/74/6
f 1751/967/4 1674/951/4 1676/952/4 1752/968/4
f 1756/997/1 1755/998/1 1754/999/1 1753/1000/1
f 1757/1000/2 1758/999/2 1759/998/2 1760/997/2
f 1753/951/3 1754/967/3 1758/968/3 1757/952/3
f 1754/81/6 1755/85/6 1759/86/6 1758/82/6
f 1755/967/4 1756/951/4 1760/952/4 1759/968/4
f 1756/85/5 1753/81/5 1757/82/5 1760/86/5
f 1762/1001/1 1761/1002/1 1755/998/1 1756/997/1
f 1760/997/2 1759/998/2 1763/1002/2 1764/1001/2
f 1755/85/6 1761/89/6 1763/90/6 1759/86/6
f 1761/967/4 1762/951/4 1764/952/4 1763/968/4
f 1762/89/5 1756/85/5 1760/86/5 1764/90/5
f 1766/1003/1 1765/1004/1 1761/1002/1 1762/1001/1
f 1764/1001/2 1763/1002/2 1767/1004/2 1768/1003/2
f 1761/89/6 1765/93/6 1767/94/6 1763/90/6
f 1765/967/4 1766/951/4 1768/952/4 1767/968/4
f 1766/93/5 1762/89/5 1764/90/5 1768/94/5
f 1678/957/1 1770/1005/1 1769/1006/1 1677/958/1
f 1679/958/2 1771/1006/2 1772/1005/2 1680/957/2
f 1677/951/3 1769/967/3 1771/968/3 1679/952/3
f 1769/97/6 1770/101/6 1772/102/6 1771/98/6
f 1770/967/4 1678/951/4 1680/952/4 1772/968/4
f 1776/1007/1 1775/1008/1 1774/1009/1 1773/1010/1
f 1777/1010/2 1778/1009/2 1779/1008/2 1780/1007/2
f 1773/951/3 1774/967/3 1778/968/3 1777/952/3
f 1774/105/6 1775/109/6 1779/110/6 1778/106/6
f 1775/967/4 1776/951/4 1780/952/4 1779/968/4
f 1776/109/5 1773/105/5 1777/106/5 1780/110/5
f 1681/960/1 1781/1011/1 1775/1008/1 1776/1007/1
f 1780/1007/2 1779/1008/2 1782/1011/2 1683/960/2
f 1775/109/6 1781/113/6 1782/114/6 1779/110/6
f 1781/967/4 1681/951/4 1683/952/4 1782/968/4
f 1681/113/5 1776/109/5 1780/110/5 1683/114/5
f 1682/959/1 1783/1012/1 1781/1011/1 1681/960/1
f 1683/960/2 1782/1011/2 1784/1012/2 1684/959/2
f 1781/113/6 1783/117/6 1784/118/6 1782/114/6
f 1783/967/4 1682/951/4 1684/952/4 1784/968/4
f 1686/961/1 1786/1013/1 1785/1014/1 1685/962/1
f 1687/962/2 1787/1014/2 1788/1013/2 1688/961/2
f 1685/951/3 1785/967/3 1787/968/3 1687/952/3
f 1785/121/6 1786/125/6 1788/126/6 1787/122/6
f 1786/967/4 1686/951/4 1688/952/4 1788/968/4
f 1690/963/1 1790/1015/1 1789/1016/1 1689/964/1
f 1691/964/2 1791/1016/2 1792/1015/2 1692/963/2
f 1689/951/3 1789/967/3 1791/968/3 1691/952/3
f 1789/129/6 1790/133/6 1792/134/6 1791/130/6
f 1790/967/4 1690/951/4 1692/952/4 1792/968/4
f 1694/965/1 1794/1017/1 1793/1018/1 1693/966/1
f 1695/966/2 1795/1018/2 1796/1017/2 1696/965/2
f 1693/967/3 1793/1019/3 1795/1020/3 1695/968/3
f 1793/12/6 1794/11/6 1796/14/6 1795/13/6
f 1794/1019/4 1694/967/4 1696/968/4 1796/1020/4
f 1701/972/1 1798/1021/1 1797/1022/1 1697/970/1
f 1699/970/2 1799/1022/2 1800/1021/2 1703/972/2
f 1697/967/3 1797/1019/3 1799/1020/3 1699/968/3
f 1797/17/6 1798/21/6 1800/22/6 1799/18/6
f 1798/1019/4 1701/967/4 1703/968/4 1800/1020/4
f 1737/990/1 1802/1023/1 1801/1024/1 1733/988/1
f 1735/988/2 1803/1024/2 1804/1023/2 1739/990/2
f 1733/967/3 1801/1019/3 1803/1020/3 1735/968/3
f 1801/57/6 1802/61/6 1804/62/6 1803/58/6
f 1802/1019/4 1737/967/4 1739/968/4 1804/1020/4
f 1755/998/1 1806/1025/1 1805/1026/1 1754/999/1
f 1758/999/2 1807/1026/2 1808/1025/2 1759/998/2
f 1754/967/3 1805/1019/3 1807/1020/3 1758/968/3
f 1805/81/6 1806/85/6 1808/86/6 1807/82/6
f 1806/1019/4 1755/967/4 1759/968/4 1808/1020/4
f 1765/1004/1 1810/1027/1 1809/1028/1 1761/1002/1
f 1763/1002/2 1811/1028/2 1812/1027/2 1767/1004/2
f 1761/967/3 1809/1019/3 1811/1020/3 1763/968/3
f 1809/89/6 1810/93/6 1812/94/6 1811/90/6
f 1810/1019/4 1765/967/4 1767/968/4 1812/1020/4
f 1770/1005/1 1814/1029/1 1813/1030/1 1769/1006/1
f 1771/1006/2 1815/1030/2 1816/1029/2 1772/1005/2
f 1769/967/3 1813/1019/3 1815/1020/3 1771/968/3
f 1813/97/6 1814/101/6 1816/102/6 1815/98/6
f 1814/1019/4 1770/967/4 1772/968/4 1816/1020/4
f 1783/1012/1 1818/1031/1 1817/1032/1 1781/1011/1
f 1782/1011/2 1819/1032/2 1820/1031/2 1784/1012/2
f 1781/967/3 1817/1019/3 1819/1020/3 1782/968/3
f 1817/113/6 1818/117/6 1820/118/6 1819/114/6
f 1818/1019/4 1783/967/4 1784/968/4 1820/1020/4
f 1786/1013/1 1822/1033/1 1821/1034/1 1785/1014/1
f 1787/1014/2 1823/1034/2 1824/1033/2 1788/1013/2
f 1785/967/3 1821/1019/3 1823/1020/3 1787/968/3
f 1821/121/6 1822/125/6 1824/126/6 1823/122/6
f 1822/1019/4 1786/967/4 1788/968/4 1824/1020/4
f 1790/1015/1 1826/1035/1 1825/1036/1 1789/1016/1
f 1791/1016/2 1827/1036/2 1828/1035/2 1792/1015/2
f 1789/967/3 1825/1019/3 1827/1020/3 1791/968/3
f 1825/129/6 1826/133/6 1828/134/6 1827/130/6
f 1826/1019/4 1790/967/4 1792/968/4 1828/1020/4
f 1794/1017/1 1830/1037/1 1829/1038/1 1793/1018/1
f 1795/1018/2 1831/1038/2 1832/1037/2 1796/1017/2
f 1793/1019/3 1829/1039/3 1831/1040/3 1795/1020/3
f 1829/12/6 1830/11/6 1832/14/6 1831/13/6
f 1830/1039/4 1794/1019/4 1796/1020/4 1832/1040/4
f 1798/1021/1 1834/1041/1 1833/1042/1 1797/1022/1
f 1799/1022/2 1835/1042/2 1836/1041/2 1800/1021/2
f 1797/1019/3 1833/1039/3 1835/1040/3 1799/1020/3
f 1833/17/6 1834/21/6 1836/22/6 1835/18/6
f 1834/1039/4 1798/1019/4 1800/1020/4 1836/1040/4
f 1840/1043/1 1839/1044/1 1838/1045/1 1837/1046/1
f 1841/1046/2 1842/1045/2 1843/1044/2 1844/1043/2
f 1837/1019/3 1838/1039/3 1842/1040/3 1841/1020/3
f 1838/25/6 1839/29/6 1843/30/6 1842/26/6
f 1839/1039/4 1840/1019/4 1844/1020/4 1843/1040/4
f 1840/29/5 1837/25/5 1841/26/5 1844/30/5
f 1846/1047/1 1845/1048/1 1839/1044/1 1840/1043/1
f 1844/1043/2 1843/1044/2 1847/1048/2 1848/1047/2
f 1839/29/6 1845/33/6 1847/34/6 1843/30/6
f 1845/1039/4 1846/1019/4 1848/1020/4 1847/1040/4
f 1846/33/5 1840/29/5 1844/30/5 1848/34/5
f 1850/1049/1 1849/1050/1 1845/1048/1 1846/1047/1
f 1848/1047/2 1847/1048/2 1851/1050/2 1852/1049/2
f 1845/33/6 1849/37/6 1851/38/6 1847/34/6
f 1849/1039/4 1850/1019/4 1852/1020/4 1851/1040/4
f 1850/37/5 1846/33/5 1848/34/5 1852/38/5
f 1854/1051/1 1853/1052/1 1849/1050/1 1850/1049/1
f 1852/1049/2 1851/1050/2 1855/1052/2 1856/1051/2
f 1849/37/6 1853/41/6 1855/42/6 1851/38/6
f 1853/1039/4 1854/1019/4 1856/1020/4 1855/1040/4
f 1854/41/5 1850/37/5 1852/38/5 1856/42/5
f 1858/1053/1 1857/1054/1 1853/1052/1 1854/1051/1
f 1856/1051/2 1855/1052/2 1859/1054/2 1860/1053/2
f 1853/41/6 1857/45/6 1859/46/6 1855/42/6
f 1857/1039/4 1858/1019/4 1860/1020/4 1859/1040/4
f 1858/45/5 1854/41/5 1856/42/5 1860/46/5
f 1864/1055/1 1863/1056/1 1862/1057/1 1861/1058/1
f 1865/1058/2 1866/1057/2 1867/1056/2 1868/1055/2
f 1861/1019/3 1862/1039/3 1866/1040/3 1865/1020/3
f 1862/49/6 1863/53/6 1867/54/6 1866/50/6
f 1863/1039/4 1864/1019/4 1868/1020/4 1867/1040/4
f 1864/53/5 1861/49/5 1865/50/5 1868/54/5
f 1802/1023/1 1870/1059/1 1869/1060/1 1801/1024/1
f 1803/1024/2 1871/1060/2 1872/1059/2 1804/1023/2
f 1801/1019/3 1869/1039/3 1871/1040/3 1803/1020/3
f 1869/57/6 1870/61/6 1872/62/6 1871/58/6
f 1870/1039/4 1802/1019/4 1804/1020/4 1872/1040/4
f 1876/1061/1 1875/1062/1 1874/1063/1 1873/1064/1
f 1877/1064/2 1878/1063/2 1879/1062/2 1880/1061/2
f 1873/1019/3 1874/1039/3 1878/1040/3 1877/1020/3
f 1874/65/6 1875/69/6 1879/70/6 1878/66/6
f 1875/1039/4 1876/1019/4 1880/1020/4 1879/1040/4
f 1876/69/5 1873/65/5 1877/66/5 1880/70/5
f 1882/1065/1 1881/1066/1 1875/1062/1 1876/1061/1
f 1880/1061/2 1879/1062/2 1883/1066/2 1884/1065/2
f 1875/69/6 1881/73/6 1883/74/6 1879/70/6
f 1881/1039/4 1882/1019/4 1884/1020/4 1883/1040/4
f 1882/73/5 1876/69/5 1880/70/5 1884/74/5
f 1886/1067/1 1885/1068/1 1881/1066/1 1882/1065/1
f 1884/1065/2 1883/1066/2 1887/1068/2 1888/1067/2
f 1881/73/6 1885/77/6 1887/78/6 1883/74/6
f 1885/1039/4 1886/1019/4 1888/1020/4 1887/1040/4
f 1886/77/5 1882/73/5 1884/74/5 1888/78/5
f 1805/1026/1 1889/1069/1 1885/1068/1 1886/1067/1
f 1888/1067/2 1887/1068/2 1890/1069/2 1807/1026/2
f 1885/77/6 1889/81/6 1890/82/6 1887/78/6
f 1889/1039/4 1805/1019/4 1807/1020/4 1890/1040/4
f 1805/81/5 1886/77/5 1888/78/5 1807/82/5
f 1806/1025/1 1891/1070/1 1889/1069/1 1805/1026/1
f 1807/1026/2 1890/1069/2 1892/1070/2 1808/1025/2
f 1889/81/6 1891/85/6 1892/86/6 1890/82/6
f 1891/1039/4 1806/1019/4 1808/1020/4 1892/1040/4
f 1810/1027/1 1894/1071/1 1893/1072/1 1809/1028/1
f 1811/1028/2 1895/1072/2 1896/1071/2 1812/1027/2
f 1809/1019/3 1893/1039/3 1895/1040/3 1811/1020/3
f 1893/89/6 1894/93/6 1896/94/6 1895/90/6
f 1894/1039/4 1810/1019/4 1812/1020/4 1896/1040/4
f 1814/1029/1 1898/1073/1 1897/1074/1 1813/1030/1
f 1815/1030/2 1899/1074/2 1900/1073/2 1816/1029/2
f 1813/1019/3 1897/1039/3 1899/1040/3 1815/1020/3
f 1897/97/6 1898/101/6 1900/102/6 1899/98/6
f 1898/1039/4 1814/1019/4 1816/1020/4 1900/1040/4
f 1902/1075/1 1901/1076/1 1898/1073/1 1814/1029/1
f 1816/1029/2 1900/1073/2 1903/1076/2 1904/1075/2
f 1898/101/6 1901/105/6 1903/106/6 1900/102/6
f 1901/1039/4 1902/1019/4 1904/1020/4 1903/1040/4
f 1902/105/5 1814/101/5 1816/102/5 1904/106/5
f 1906/1077/1 1905/1078/1 1901/1076/1 1902/1075/1
f 1904/1075/2 1903/1076/2 1907/1078/2 1908/1077/2
f 1901/105/6 1905/109/6 1907/110/6 1903/106/6
f 1905/1039/4 1906/1019/4 1908/1020/4 1907/1040/4
f 1906/109/5 1902/105/5 1904/106/5 1908/110/5
f 1818/1031/1 1910/1079/1 1909/1080/1 1817/1032/1
f 1819/1032/2 1911/1080/2 1912/1079/2 1820/1031/2
f 1817/1019/3 1909/1039/3 1911/1040/3 1819/1020/3
f 1909/113/6 1910/117/6 1912/118/6 1911/114/6
f 1910/1039/4 1818/1019/4 1820/1020/4 1912/1040/4
f 1821/1034/1 1913/1081/1 1910/1079/1 1818/1031/1
f 1820/1031/2 1912/1079/2 1914/1081/2 1823/1034/2
f 1910/117/6 1913/121/6 1914/122/6 1912/118/6
f 1913/1039/4 1821/1019/4 1823/1020/4 1914/1040/4
f 1821/121/5 1818/117/5 1820/118/5 1823/122/5
f 1822/1033/1 1915/1082/1 1913/1081/1 1821/1034/1
f 1823/1034/2 1914/1081/2 1916/1082/2 1824/1033/2
f 1913/121/6 1915/125/6 1916/126/6 1914/122/6
f 1915/1039/4 1822/1019/4 1824/1020/4 1916/1040/4
f 1826/1035/1 1918/1083/1 1917/1084/1 1825/1036/1
f 1827/1036/2 1919/1084/2 1920/1083/2 1828/1035/2
f 1825/1019/3 1917/1039/3 1919/1040/3 1827/1020/3
f 1918/1039/4 1826/1019/4 1828/1020/4 1920/1040/4
f 1830/1037/1 1922/1085/1 1921/1086/1 1829/1038/1
f 1831/1038/2 1923/1086/2 1924/1085/2 1832/1037/2
f 1829/1039/3 1921/1087/3 1923/1088/3 1831/1040/3
f 1921/12/6 1922/11/6 1924/14/6 1923/13/6
f 1922/1087/4 1830/1039/4 1832/1040/4 1924/1088/4
f 1863/1056/1 1926/1089/1 1925/1090/1 1862/1057/1
f 1866/1057/2 1927/1090/2 1928/1089/2 1867/1056/2
f 1862/1039/3 1925/1087/3 1927/1088/3 1866/1040/3
f 1925/49/6 1926/53/6 1928/54/6 1927/50/6
f 1926/1087/4 1863/1039/4 1867/1040/4 1928/1088/4
f 1894/1071/1 1930/1091/1 1929/1092/1 1893/1072/1
f 1895/1072/2 1931/1092/2 1932/1091/2 1896/1071/2
f 1893/1039/3 1929/1087/3 1931/1088/3 1895/1040/3
f 1929/89/6 1930/93/6 1932/94/6 1931/90/6
f 1930/1087/4 1894/1039/4 1896/1040/4 1932/1088/4
f 1922/1085/1 1934/1093/1 1933/1094/1 1921/1086/1
f 1923/1086/2 1935/1094/2 1936/1093/2 1924/1085/2
f 1921/1087/3 1933/1095/3 1935/1096/3 1923/1088/3
f 1933/12/6 1934/11/6 1936/14/6 1935/13/6
f 1934/1095/4 1922/1087/4 1924/1088/4 1936/1096/4
f 1938/1097/1 1937/1098/1 1934/1093/1 1922/1085/1
f 1924/1085/2 1936/1093/2 1939/1098/2 1940/1097/2
f 1934/11/6 1937/17/6 1939/18/6 1936/14/6
f 1937/1095/4 1938/1087/4 1940/1088/4 1939/1096/4
f 1938/17/5 1922/11/5 1924/14/5 1940/18/5
f 1942/1099/1 1941/1100/1 1937/1098/1 1938/1097/1
f 1940/1097/2 1939/1098/2 1943/1100/2 1944/1099/2
f 1937/17/6 1941/21/6 1943/22/6 1939/18/6
f 1941/1095/4 1942/1087/4 1944/1088/4 1943/1096/4
f 1942/21/5 1938/17/5 1940/18/5 1944/22/5
f 1946/1101/1 1945/1102/1 1941/1100/1 1942/1099/1
f 1944/1099/2 1943/1100/2 1947/1102/2 1948/1101/2
f 1941/21/6 1945/25/6 1947/26/6 1943/22/6
f 1945/1095/4 1946/1087/4 1948/1088/4 1947/1096/4
f 1946/25/5 1942/21/5 1944/22/5 1948/26/5
f 1950/1103/1 1949/1104/1 1945/1102/1 1946/1101/1
f 1948/1101/2 1947/1102/2 1951/1104/2 1952/1103/2
f 1945/25/6 1949/29/6 1951/30/6 1947/26/6
f 1949/1095/4 1950/1087/4 1952/1088/4 1951/1096/4
f 1950/29/5 1946/25/5 1948/26/5 1952/30/5
f 1954/1105/1 1953/1106/1 1949/1104/1 1950/1103/1
f 1952/1103/2 1951/1104/2 1955/1106/2 1956/1105/2
f 1949/29/6 1953/33/6 1955/34/6 1951/30/6
f 1953/1095/4 1954/1087/4 1956/1088/4 1955/1096/4
f 1954/33/5 1950/29/5 1952/30/5 1956/34/5
f 1958/1107/1 1957/1108/1 1953/1106/1 1954/1105/1
f 1956/1105/2 1955/1106/2 1959/1108/2 1960/1107/2
f 1953/33/6 1957/37/6 1959/38/6 1955/34/6
f 1957/1095/4 1958/1087/4 1960/1088/4 1959/1096/4
f 1958/37/5 1954/33/5 1956/34/5 1960/38/5
f 1962/1109/1 1961/1110/1 1957/1108/1 1958/1107/1
f 1960/1107/2 1959/1108/2 1963/1110/2 1964/1109/2
f 1957/37/6 1961/41/6 1963/42/6 1959/38/6
f 1961/1095/4 1962/1087/4 1964/1088/4 1963/1096/4
f 1962/41/5 1958/37/5 1960/38/5 1964/42/5
f 1966/1111/1 1965/1112/1 1961/1110/1 1962/1109/1
f 1964/1109/2 1963/1110/2 1967/1112/2 1968/1111/2
f 1961/41/6 1965/45/6 1967/46/6 1963/42/6
f 1965/1095/4 1966/1087/4 1968/1088/4 1967/1096/4
f 1966/45/5 1962/41/5 1964/42/5 1968/46/5
f 1925/1090/1 1969/1113/1 1965/1112/1 1966/1111/1
f 1968/1111/2 1967/1112/2 1970/1113/2 1927/1090/2
f 1965/45/6 1969/49/6 1970/50/6 1967/46/6
f 1969/1095/4 1925/1087/4 1927/1088/4 1970/1096/4
f 1925/49/5 1966/45/5 1968/46/5 1927/50/5
f 1926/1089/1 1971/1114/1 1969/1113/1 1925/1090/1
f 1927/1090/2 1970/1113/2 1972/1114/2 1928/1089/2
f 1969/49/6 1971/53/6 1972/54/6 1970/50/6
f 1971/1095/4 1926/1087/4 1928/1088/4 1972/1096/4
f 1974/1115/1 1973/1116/1 1971/1114/1 1926/1089/1
f 1928/1089/2 1972/1114/2 1975/1116/2 1976/1115/2
f 1971/53/6 1973/57/6 1975/58/6 1972/54/6
f 1973/1095/4 1974/1087/4 1976/1088/4 1975/1096/4
f 1974/57/5 1926/53/5 1928/54/5 1976/58/5
f 1978/1117/1 1977/1118/1 1973/1116/1 1974/1115/1
f 1976/1115/2 1975/1116/2 1979/1118/2 1980/1117/2
f 1973/57/6 1977/61/6 1979/62/6 1975/58/6
f 1977/1095/4 1978/1087/4 1980/1088/4 1979/1096/4
f 1978/61/5 1974/57/5 1976/58/5 1980/62/5
f 1982/1119/1 1981/1120/1 1977/1118/1 1978/1117/1
f 1980/1117/2 1979/1118/2 1983/1120/2 1984/1119/2
f 1977/61/6 1981/65/6 1983/66/6 1979/62/6
f 1981/1095/4 1982/1087/4 1984/1088/4 1983/1096/4
f 1982/65/5 1978/61/5 1980/62/5 1984/66/5
f 1986/1121/1 1985/1122/1 1981/1120/1 1982/1119/1
f 1984/1119/2 1983/1120/2 1987/1122/2 1988/1121/2
f 1981/65/6 1985/69/6 1987/70/6 1983/66/6
f 1985/1095/4 1986/1087/4 1988/1088/4 1987/1096/4
f 1986/69/5 1982/65/5 1984/66/5 1988/70/5
f 1990/1123/1 1989/1124/1 1985/1122/1 1986/1121/1
f 1988/1121/2 1987/1122/2 1991/1124/2 1992/1123/2
f 1985/69/6 1989/73/6 1991/74/6 1987/70/6
f 1989/1095/4 1990/1087/4 1992/1088/4 1991/1096/4
f 1990/73/5 1986/69/5 1988/70/5 1992/74/5
f 1994/1125/1 1993/1126/1 1989/1124/1 1990/1123/1
f 1992/1123/2 1991/1124/2 1995/1126/2 1996/1125/2
f 1989/73/6 1993/77/6 1995/78/6 1991/74/6
f 1993/1095/4 1994/1087/4 1996/1088/4 1995/1096/4
f 1994/77/5 1990/73/5 1992/74/5 1996/78/5
f 1998/1127/1 1997/1128/1 1993/1126/1 1994/1125/1
f 1996/1125/2 1995/1126/2 1999/1128/2 2000/1127/2
f 1993/77/6 1997/81/6 1999/82/6 1995/78/6
f 1997/1095/4 1998/1087/4 2000/1088/4 1999/1096/4
f 1998/81/5 1994/77/5 1996/78/5 2000/82/5
f 2002/1129/1 2001/1130/1 1997/1128/1 1998/1127/1
f 2000/1127/2 1999/1128/2 2003/1130/2 2004/1129/2
f 1997/81/6 2001/85/6 2003/86/6 1999/82/6
f 2001/1095/4 2002/1087/4 2004/1088/4 2003/1096/4
f 2002/85/5 1998/81/5 2000/82/5 2004/86/5
f 1929/1092/1 2005/1131/1 2001/1130/1 2002/1129/1
f 2004/1129/2 2003/1130/2 2006/1131/2 1931/1092/2
f 2001/85/6 2005/89/6 2006/90/6 2003/86/6
f 2005/1095/4 1929/1087/4 1931/1088/4 2006/1096/4
f 1929/89/5 2002/85/5 2004/86/5 1931/90/5
f 1930/1091/1 2007/1132/1 2005/1131/1 1929/1092/1
f 1931/1092/2 2006/1131/2 2008/1132/2 1932/1091/2
f 2005/89/6 2007/93/6 2008/94/6 2006/90/6
f 2007/1095/4 1930/1087/4 1932/1088/4 2008/1096/4
f 2010/1133/1 2009/1134/1 2007/1132/1 1930/1091/1
f 1932/1091/2 2008/1132/2 2011/1134/2 2012/1133/2
f 2007/93/6 2009/97/6 2011/98/6 2008/94/6
f 2009/1095/4 2010/1087/4 2012/1088/4 2011/1096/4
f 2010/97/5 1930/93/5 1932/94/5 2012/98/5
f 2014/1135/1 2013/1136/1 2009/1134/1 2010/1133/1
f 2012/1133/2 2011/1134/2 2015/1136/2 2016/1135/2
f 2009/97/6 2013/101/6 2015/102/6 2011/98/6
f 2013/1095/4 2014/1087/4 2016/1088/4 2015/1096/4
f 2014/101/5 2010/97/5 2012/98/5 2016/102/5
f 2018/1137/1 2017/1138/1 2013/1136/1 2014/1135/1
f 2016/1135/2 2015/1136/2 2019/1138/2 2020/1137/2
f 2013/101/6 2017/105/6 2019/106/6 2015/102/6
f 2017/1095/4 2018/1087/4 2020/1088/4 2019/1096/4
f 2018/105/5 2014/101/5 2016/102/5 2020/106/5
f 2022/1139/1 2021/1140/1 2017/1138/1 2018/1137/1
f 2020/1137/2 2019/1138/2 2023/1140/2 2024/1139/2
f 2017/105/6 2021/109/6 2023/110/6 2019/106/6
f 2021/1095/4 2022/1087/4 2024/1088/4 2023/1096/4
f 2022/109/5 2018/105/5 2020/106/5 2024/110/5
f 2026/1141/1 2025/1142/1 2021/1140/1 2022/1139/1
f 2024/1139/2 2023/1140/2 2027/1142/2 2028/1141/2
f 2021/109/6 2025/113/6 2027/114/6 2023/110/6
f 2025/1095/4 2026/1087/4 2028/1088/4 2027/1096/4
f 2026/113/5 2022/109/5 2024/110/5 2028/114/5
f 2030/1143/1 2029/1144/1 2025/1142/1 2026/1141/1
f 2028/1141/2 2027/1142/2 2031/1144/2 2032/1143/2
f 2025/113/6 2029/117/6 2031/118/6 2027/114/6
f 2029/1095/4 2030/1087/4 2032/1088/4 2031/1096/4
f 2030/117/5 2026/113/5 2028/114/5 2032/118/5
f 2034/1145/1 2033/1146/1 2029/1144/1 2030/1143/1
f 2032/1143/2 2031/1144/2 2035/1146/2 2036/1145/2
f 2029/117/6 2033/121/6 2035/122/6 2031/118/6
f 2033/1095/4 2034/1087/4 2036/1088/4 2035/1096/4
f 2034/121/5 2030/117/5 2032/118/5 2036/122/5
f 2038/1147/1 2037/1148/1 2033/1146/1 2034/1145/1
f 2036/1145/2 2035/1146/2 2039/1148/2 2040/1147/2
f 161/1149/2 165/1149/2 129/1149/2 162/1149/2
f 2033/121/6 2037/125/6 2039/126/6 2035/122/6
f 2037/1095/4 2038/1087/4 2040/1088/4 2039/1096/4
f 2038/125/5 2034/121/5 2036/122/5 2040/126/5
f 2042/1150/1 2041/1151/1 2037/1148/1 2038/1147/1
f 2040/1147/2 2039/1148/2 2043/1151/2 2044/1150/2
f 262/1149/2 265/1149/2 165/1149/2 161/1149/2
f 2037/125/6 2041/129/6 2043/130/6 2039/126/6
f 2041/1095/4 2042/1087/4 2044/1088/4 2043/1096/4
f 2042/129/5 2038/125/5 2040/126/5 2044/130/5
f 2046/1152/1 2045/1153/1 2041/1151/1 2042/1150/1
f 2044/1150/2 2043/1151/2 2047/1153/2 2048/1152/2
f 306/1149/2 309/1149/2 265/1149/2 262/1149/2
f 2041/129/6 2045/133/6 2047/134/6 2043/130/6
f 2045/1095/4 2046/1087/4 2048/1088/4 2047/1096/4
f 1917/1149/3 2042/1149/3 2044/1149/3 1919/1149/3
f 2048/1152/2 1920/1083/2 1919/1084/2 2044/1149/2
f 1920/1083/4 2048/1152/4 2046/1087/4 1918/1039/4
f 145/144/3 6/3/3 2/6/3 141/10/3
f 394/1149/2 397/1149/2 309/1149/2 306/1149/2
f 9/1149/2 3/1149/2 144/1149/2 150/1149/2
f 442/1149/2 445/1149/2 397/1149/2 394/1149/2
f 154/1149/2 13/1149/2 9/1149/2 150/1149/2
f 158/1149/2 17/1149/2 13/1149/2 154/1149/2
f 162/1149/2 21/1149/2 17/1149/2 158/1149/2
f 162/1149/2 129/1149/2 25/1149/2 21/1149/2
f 148/141/2 7/2/2 6/3/2 145/144/2
f 144/141/1 141/10/1 2/3/1 3/2/1
f 566/1149/2 445/1149/2 442/1149/2 518/1149/2
f 445/1149/2 566/1149/2 570/1149/2 446/1149/2
f 449/1149/2 446/1149/2 570/1149/2 521/1149/2
f 569/1149/2 573/1149/2 521/1149/2 570/1149/2
f 569/1149/2 650/1149/2 698/1149/2 573/1149/2
f 573/1149/2 698/1149/2 702/1149/2 574/1149/2
f 577/1149/2 574/1149/2 702/1149/2 653/1149/2
f 525/1149/2 522/1149/2 574/1149/2 577/1149/2
f 454/1149/2 451/1149/2 522/1149/2 525/1149/2
f 453/1149/2 402/1149/2 451/1149/2 454/1149/2
f 315/1149/2 402/1149/2 453/1149/2 321/1149/2
f 321/1149/2 453/1149/2 456/1149/2 325/1149/2
f 314/1149/2 310/1149/2 398/1149/2 401/1149/2
f 313/1149/2 266/1149/2 310/1149/2 314/1149/2
f 326/1149/2 181/1149/2 177/1149/2 322/1149/2
f 322/1149/2 177/1149/2 171/1149/2 316/1149/2
f 316/1149/2 171/1149/2 170/1149/2 313/1149/2
f 266/1149/2 313/1149/2 170/1149/2 166/1149/2
f 169/1149/2 130/1149/2 166/1149/2 170/1149/2
f 29/1149/2 130/1149/2 169/1149/2 33/1149/2
f 33/1149/2 169/1149/2 172/1149/2 37/1149/2
f 37/1149/2 172/1149/2 178/1149/2 41/1149/2
f 41/1149/2 178/1149/2 182/1149/2 45/1149/2
f 45/1149/2 182/1149/2 186/1149/2 49/1149/2
f 49/1149/2 186/1149/2 190/1149/2 53/1149/2
f 57/64/2 193/172/2 196/169/2 61/68/2
f 53/1149/2 190/1149/2 193/1149/2 57/1149/2
f 193/1149/2 190/1149/2 189/1149/2 194/1149/2
f 330/241/2 334/245/2 333/246/2 270/209/2
f 270/1149/2 333/1149/2 194/1149/2 189/1149/2
f 334/1149/2 330/1149/2 406/1149/2 409/1149/2
f 409/1149/2 406/1149/2 462/1149/2 465/1149/2
f 462/1149/2 530/1149/2 586/1149/2 465/1149/2
f 465/1149/2 586/1149/2 590/1149/2 466/1149/2
f 466/1149/2 590/1149/2 594/1149/2 469/1149/2
f 469/1149/2 594/1149/2 598/1149/2 473/1149/2
f 194/1149/2 333/1149/2 336/1149/2 195/1149/2
f 341/248/2 273/212/2 336/243/2 335/244/2
f 201/1149/2 195/1149/2 336/1149/2 273/1149/2
f 335/1149/2 410/1149/2 470/1149/2 341/1149/2
f 341/1149/2 470/1149/2 474/1149/2 342/1149/2
f 222/1149/2 85/1149/2 81/1149/2 218/1149/2
f 218/1149/2 81/1149/2 77/1149/2 214/1149/2
f 214/1149/2 77/1149/2 73/1149/2 210/1149/2
f 210/1149/2 73/1149/2 69/1149/2 206/1149/2
f 206/1149/2 69/1149/2 65/1149/2 202/1149/2
f 202/1149/2 65/1149/2 61/1149/2 196/1149/2
f 482/1149/2 485/1149/2 421/1149/2 418/1149/2
f 418/1149/2 421/1149/2 357/1149/2 354/1149/2
f 354/1149/2 357/1149/2 281/1149/2 278/1149/2
f 278/1149/2 281/1149/2 225/1149/2 221/1149/2
f 221/1149/2 225/1149/2 133/1149/2 222/1149/2
f 222/1149/2 133/1149/2 89/1149/2 85/1149/2
f 478/1149/2 481/1149/2 417/1149/2 414/1149/2
f 414/1149/2 417/1149/2 353/1149/2 347/1149/2
f 347/1149/2 353/1149/2 277/1149/2 348/1149/2
f 277/1149/2 217/1149/2 213/1149/2 348/1149/2
f 348/1149/2 213/1149/2 209/1149/2 345/1149/2
f 209/1149/2 205/1149/2 274/1149/2 345/1149/2
f 345/1149/2 274/1149/2 342/1149/2 346/1149/2
f 346/1149/2 342/1149/2 474/1149/2 413/1149/2
f 413/1149/2 474/1149/2 473/1149/2 477/1149/2
f 477/1149/2 473/1149/2 598/1149/2 533/1149/2
f 533/1149/2 598/1149/2 597/1149/2 601/1149/2
f 601/1149/2 597/1149/2 658/1149/2 661/1149/2
f 661/1149/2 658/1149/2 726/1149/2 729/1149/2
f 730/1149/2 729/1149/2 858/1149/2 862/1149/2
f 729/1149/2 726/1149/2 786/1149/2 858/1149/2
f 789/1149/2 734/1149/2 730/1149/2 862/1149/2
f 734/1149/2 733/1149/2 662/1149/2 730/1149/2
f 736/1149/2 609/1149/2 605/1149/2 733/1149/2
f 733/1149/2 605/1149/2 602/1149/2 662/1149/2
f 867/1149/2 869/1149/2 793/1149/2 790/1149/2
f 790/1149/2 793/1149/2 741/1149/2 735/1149/2
f 735/1149/2 741/1149/2 665/1149/2 736/1149/2
f 736/1149/2 665/1149/2 613/1149/2 609/1149/2
f 870/1149/2 869/1149/2 998/1149/2 1002/1149/2
f 869/1149/2 867/1149/2 918/1149/2 998/1149/2
f 873/1149/2 870/1149/2 1002/1149/2 921/1149/2
f 1001/1149/2 1005/1149/2 921/1149/2 1002/1149/2
f 1005/1149/2 1001/1149/2 1134/1149/2 1045/1149/2
f 1001/1149/2 997/1149/2 1130/1149/2 1134/1149/2
f 997/1149/2 994/1149/2 1126/1149/2 1130/1149/2
f 994/1149/2 993/1149/2 1122/1149/2 1126/1149/2
f 987/1149/2 1042/1149/2 1122/1149/2 993/1149/2
f 987/1149/2 993/1149/2 917/1149/2 988/1149/2
f 917/1149/2 865/1149/2 861/1149/2 988/1149/2
f 988/1149/2 861/1149/2 857/1149/2 985/1149/2
f 986/1149/2 985/1149/2 914/1149/2 982/1149/2
f 985/1149/2 857/1149/2 855/1149/2 914/1149/2
f 986/1149/2 982/1149/2 1114/1149/2 1041/1149/2
f 982/1149/2 981/1149/2 1110/1149/2 1114/1149/2
f 977/1149/2 1038/1149/2 1110/1149/2 981/1149/2
f 977/1149/2 981/1149/2 913/1149/2 978/1149/2
f 853/1149/2 847/1149/2 978/1149/2 913/1149/2
f 846/1149/2 974/1149/2 978/1149/2 847/1149/2
f 974/1149/2 846/1149/2 842/1149/2 910/1149/2
f 846/1149/2 845/1149/2 782/1149/2 842/1149/2
f 848/1149/2 721/1149/2 717/1149/2 845/1149/2
f 845/1149/2 717/1149/2 713/1149/2 782/1149/2
f 725/1149/2 721/1149/2 848/1149/2 785/1149/2
f 721/1149/2 725/1149/2 657/1149/2 722/1149/2
f 593/1149/2 589/1149/2 722/1149/2 657/1149/2
f 589/1149/2 585/1149/2 718/1149/2 722/1149/2
f 585/1149/2 582/1149/2 714/1149/2 718/1149/2
f 582/1149/2 581/1149/2 710/1149/2 714/1149/2
f 654/1149/2 710/1149/2 581/1149/2 578/1149/2
f 578/1149/2 581/1149/2 529/1149/2 526/1149/2
f 526/1149/2 529/1149/2 461/1149/2 455/1149/2
f 455/1149/2 461/1149/2 405/1149/2 456/1149/2
f 456/1149/2 405/1149/2 329/1149/2 325/1149/2
f 325/1149/2 329/1149/2 269/1149/2 326/1149/2
f 326/1149/2 269/1149/2 185/1149/2 181/1149/2
f 707/1149/2 705/1149/2 834/1149/2 838/1149/2
f 705/1149/2 701/1149/2 830/1149/2 834/1149/2
f 701/1149/2 697/1149/2 826/1149/2 830/1149/2
f 697/1149/2 694/1149/2 822/1149/2 826/1149/2
f 694/1149/2 693/1149/2 818/1149/2 822/1149/2
f 813/1149/2 777/1149/2 774/1149/2 810/1149/2
f 777/1149/2 686/1149/2 682/1149/2 774/1149/2
f 686/1149/2 685/1149/2 646/1149/2 682/1149/2
f 688/1149/2 563/1149/2 561/1149/2 685/1149/2
f 685/1149/2 561/1149/2 555/1149/2 646/1149/2
f 778/1149/2 818/1149/2 693/1149/2 687/1149/2
f 687/1149/2 693/1149/2 649/1149/2 688/1149/2
f 688/1149/2 649/1149/2 565/1149/2 563/1149/2
f 439/1149/2 441/1149/2 393/1149/2 390/1149/2
f 390/1149/2 393/1149/2 305/1149/2 299/1149/2
f 299/1149/2 305/1149/2 261/1149/2 300/1149/2
f 389/1149/2 298/1149/2 294/1149/2 386/1149/2
f 298/1149/2 297/1149/2 258/1149/2 294/1149/2
f 261/1149/2 157/1149/2 153/1149/2 300/1149/2
f 300/1149/2 153/1149/2 149/1149/2 297/1149/2
f 297/1149/2 149/1149/2 143/1149/2 258/1149/2
f 937/1149/2 901/1149/2 898/1149/2 934/1149/2
f 901/1149/2 809/1149/2 806/1149/2 898/1149/2
f 809/1149/2 773/1149/2 770/1149/2 806/1149/2
f 773/1149/2 681/1149/2 678/1149/2 770/1149/2
f 681/1149/2 645/1149/2 642/1149/2 678/1149/2
f 645/1149/2 554/1149/2 550/1149/2 642/1149/2
f 554/1149/2 553/1149/2 514/1149/2 550/1149/2
f 517/1149/2 441/1149/2 439/1149/2 556/1149/2
f 556/1149/2 439/1149/2 437/1149/2 553/1149/2
f 553/1149/2 437/1149/2 434/1149/2 514/1149/2
f 1078/1149/2 945/1149/2 941/1149/2 1074/1149/2
f 1074/1149/2 941/1149/2 938/1149/2 1068/1149/2
f 1068/1149/2 938/1149/2 937/1149/2 1065/1149/2
f 1066/1149/2 1065/1149/2 1026/1149/2 1062/1149/2
f 1065/1149/2 937/1149/2 934/1149/2 1026/1149/2
f 1067/1149/2 1066/1149/2 1178/1149/2 1182/1149/2
f 1066/1149/2 1062/1149/2 1154/1149/2 1178/1149/2
f 1330/1149/2 1333/1149/2 1289/1149/2 1286/1149/2
f 1286/1149/2 1289/1149/2 1185/1149/2 1181/1149/2
f 1181/1149/2 1185/1149/2 1157/1149/2 1182/1149/2
f 1182/1149/2 1157/1149/2 1073/1149/2 1067/1149/2
f 1413/1149/2 1333/1149/2 1330/1149/2 1448/1149/2
f 1448/1149/2 1330/1149/2 1329/1149/2 1445/1149/2
f 1573/1149/2 1541/1149/2 1538/1149/2 1570/1149/2
f 1541/1149/2 1446/1149/2 1442/1149/2 1538/1149/2
f 1446/1149/2 1445/1149/2 1410/1149/2 1442/1149/2
f 1445/1149/2 1329/1149/2 1326/1149/2 1410/1149/2
f 1329/1149/2 1285/1149/2 1282/1149/2 1326/1149/2
f 1285/1149/2 1177/1149/2 1174/1149/2 1282/1149/2
f 1581/1149/2 1577/1149/2 1706/1149/2 1710/1149/2
f 1577/1149/2 1574/1149/2 1702/1149/2 1706/1149/2
f 1574/1149/2 1573/1149/2 1698/1149/2 1702/1149/2
f 1573/1149/2 1570/1149/2 1666/1149/2 1698/1149/2
f 1582/1149/2 1455/1149/2 1453/1149/2 1578/1149/2
f 1578/1149/2 1453/1149/2 1447/1149/2 1542/1149/2
f 1457/1149/2 1414/1149/2 1455/1149/2 1458/1149/2
f 1458/1149/2 1455/1149/2 1582/1149/2 1545/1149/2
f 1545/1149/2 1582/1149/2 1581/1149/2 1585/1149/2
f 1585/1149/2 1581/1149/2 1710/1149/2 1669/1149/2
f 1460/1149/2 1341/1149/2 1337/1149/2 1457/1149/2
f 1457/1149/2 1337/1149/2 1334/1149/2 1414/1149/2
f 1342/1149/2 1193/1149/2 1189/1149/2 1338/1149/2
f 1338/1149/2 1189/1149/2 1186/1149/2 1290/1149/2
f 1586/1149/2 1589/1149/2 1549/1149/2 1546/1149/2
f 1546/1149/2 1549/1149/2 1465/1149/2 1459/1149/2
f 1459/1149/2 1465/1149/2 1417/1149/2 1460/1149/2
f 1460/1149/2 1417/1149/2 1345/1149/2 1341/1149/2
f 1341/1149/2 1345/1149/2 1293/1149/2 1342/1149/2
f 1342/1149/2 1293/1149/2 1197/1149/2 1193/1149/2
f 949/1149/2 945/1149/2 1078/1149/2 1029/1149/2
f 1077/1149/2 1081/1149/2 1029/1149/2 1078/1149/2
f 1082/1149/2 1081/1149/2 1190/1149/2 1194/1149/2
f 1081/1149/2 1077/1149/2 1158/1149/2 1190/1149/2
f 1161/1149/2 1086/1149/2 1082/1149/2 1194/1149/2
f 1086/1149/2 1085/1149/2 1030/1149/2 1082/1149/2
f 1088/1149/2 961/1149/2 957/1149/2 1085/1149/2
f 1085/1149/2 957/1149/2 953/1149/2 1030/1149/2
f 965/1149/2 961/1149/2 1088/1149/2 1033/1149/2
f 961/1149/2 965/1149/2 905/1149/2 962/1149/2
f 833/1149/2 829/1149/2 962/1149/2 905/1149/2
f 829/1149/2 825/1149/2 958/1149/2 962/1149/2
f 825/1149/2 821/1149/2 954/1149/2 958/1149/2
f 821/1149/2 817/1149/2 950/1149/2 954/1149/2
f 817/1149/2 814/1149/2 946/1149/2 950/1149/2
f 814/1149/2 813/1149/2 942/1149/2 946/1149/2
f 813/1149/2 810/1149/2 902/1149/2 942/1149/2
f 966/1149/2 969/1149/2 909/1149/2 906/1149/2
f 906/1149/2 909/1149/2 841/1149/2 837/1149/2
f 837/1149/2 841/1149/2 781/1149/2 838/1149/2
f 838/1149/2 781/1149/2 709/1149/2 707/1149/2
f 970/1149/2 969/1149/2 1098/1149/2 1102/1149/2
f 969/1149/2 966/1149/2 1034/1149/2 1098/1149/2
f 973/1149/2 970/1149/2 1102/1149/2 1037/1149/2
f 1101/1149/2 1105/1149/2 1037/1149/2 1102/1149/2
f 1222/1149/2 1106/1149/2 1105/1149/2 1218/1149/2
f 1218/1149/2 1105/1149/2 1101/1149/2 1214/1149/2
f 1214/1149/2 1101/1149/2 1097/1149/2 1210/1149/2
f 1210/1149/2 1097/1149/2 1095/1149/2 1204/1149/2
f 1204/1149/2 1095/1149/2 1093/1149/2 1201/1149/2
f 1349/1149/2 1297/1149/2 1294/1149/2 1346/1149/2
f 1297/1149/2 1202/1149/2 1199/1149/2 1294/1149/2
f 1202/1149/2 1201/1149/2 1162/1149/2 1199/1149/2
f 1201/1149/2 1093/1149/2 1087/1149/2 1162/1149/2
f 1350/1149/2 1349/1149/2 1470/1149/2 1474/1149/2
f 1349/1149/2 1346/1149/2 1418/1149/2 1470/1149/2
f 1353/1149/2 1298/1149/2 1350/1149/2 1354/1149/2
f 1354/1149/2 1350/1149/2 1474/1149/2 1421/1149/2
f 1421/1149/2 1474/1149/2 1473/1149/2 1477/1149/2
f 1478/1149/2 1477/1149/2 1598/1149/2 1602/1149/2
f 1477/1149/2 1473/1149/2 1554/1149/2 1598/1149/2
f 1557/1149/2 1482/1149/2 1478/1149/2 1602/1149/2
f 1482/1149/2 1481/1149/2 1422/1149/2 1478/1149/2
f 1494/1149/2 1371/1149/2 1369/1149/2 1490/1149/2
f 1490/1149/2 1369/1149/2 1365/1149/2 1484/1149/2
f 1484/1149/2 1365/1149/2 1361/1149/2 1481/1149/2
f 1481/1149/2 1361/1149/2 1355/1149/2 1422/1149/2
f 1425/1149/2 1374/1149/2 1371/1149/2 1494/1149/2
f 1374/1149/2 1373/1149/2 1302/1149/2 1371/1149/2
f 1376/1149/2 1237/1149/2 1233/1149/2 1373/1149/2
f 1373/1149/2 1233/1149/2 1227/1149/2 1302/1149/2
f 1242/1149/2 1237/1149/2 1376/1149/2 1305/1149/2
f 1241/1149/2 1238/1149/2 1237/1149/2 1242/1149/2
f 1366/1149/2 1221/1149/2 1217/1149/2 1362/1149/2
f 1362/1149/2 1217/1149/2 1213/1149/2 1356/1149/2
f 1356/1149/2 1213/1149/2 1209/1149/2 1353/1149/2
f 1353/1149/2 1209/1149/2 1203/1149/2 1298/1149/2
f 1226/1149/2 1221/1149/2 1366/1149/2 1301/1149/2
f 1225/1149/2 1222/1149/2 1221/1149/2 1226/1149/2
f 1254/1149/2 1133/1149/2 1129/1149/2 1250/1149/2
f 1250/1149/2 1129/1149/2 1125/1149/2 1244/1149/2
f 1244/1149/2 1125/1149/2 1121/1149/2 1241/1149/2
f 1241/1149/2 1121/1149/2 1119/1149/2 1238/1149/2
f 1238/1149/2 1119/1149/2 1117/1149/2 1234/1149/2
f 1234/1149/2 1117/1149/2 1113/1149/2 1228/1149/2
f 1228/1149/2 1113/1149/2 1109/1149/2 1225/1149/2
f 1225/1149/2 1109/1149/2 1106/1149/2 1222/1149/2
f 1593/1149/2 1553/1149/2 1550/1149/2 1590/1149/2
f 1553/1149/2 1469/1149/2 1466/1149/2 1550/1149/2
f 1607/1149/2 1605/1149/2 1742/1149/2 1746/1149/2
f 1605/1149/2 1601/1149/2 1738/1149/2 1742/1149/2
f 1601/1149/2 1597/1149/2 1734/1149/2 1738/1149/2
f 1597/1149/2 1594/1149/2 1730/1149/2 1734/1149/2
f 1594/1149/2 1593/1149/2 1726/1149/2 1730/1149/2
f 1593/1149/2 1590/1149/2 1722/1149/2 1726/1149/2
f 1590/1149/2 1589/1149/2 1718/1149/2 1722/1149/2
f 1589/1149/2 1586/1149/2 1670/1149/2 1718/1149/2
f 1673/1149/2 1610/1149/2 1607/1149/2 1746/1149/2
f 1610/1149/2 1609/1149/2 1558/1149/2 1607/1149/2
f 1638/1149/2 1513/1149/2 1509/1149/2 1634/1149/2
f 1634/1149/2 1509/1149/2 1505/1149/2 1630/1149/2
f 1630/1149/2 1505/1149/2 1501/1149/2 1626/1149/2
f 1626/1149/2 1501/1149/2 1499/1149/2 1622/1149/2
f 1622/1149/2 1499/1149/2 1497/1149/2 1618/1149/2
f 1618/1149/2 1497/1149/2 1493/1149/2 1612/1149/2
f 1612/1149/2 1493/1149/2 1489/1149/2 1609/1149/2
f 1609/1149/2 1489/1149/2 1483/1149/2 1558/1149/2
f 1506/1149/2 1383/1149/2 1381/1149/2 1502/1149/2
f 1502/1149/2 1381/1149/2 1375/1149/2 1426/1149/2
f 1385/1149/2 1309/1149/2 1306/1149/2 1383/1149/2
f 1309/1149/2 1249/1149/2 1243/1149/2 1306/1149/2
f 1386/1149/2 1385/1149/2 1510/1149/2 1514/1149/2
f 1385/1149/2 1383/1149/2 1506/1149/2 1510/1149/2
f 1389/1149/2 1386/1149/2 1514/1149/2 1429/1149/2
f 1513/1149/2 1517/1149/2 1429/1149/2 1514/1149/2
f 1513/1149/2 1638/1149/2 1642/1149/2 1517/1149/2
f 1517/1149/2 1642/1149/2 1646/1149/2 1518/1149/2
f 1521/1149/2 1518/1149/2 1646/1149/2 1561/1149/2
f 1645/1149/2 1649/1149/2 1561/1149/2 1646/1149/2
f 1645/940/2 1641/938/2 1773/1010/2 1776/1007/2
f 1649/1149/2 1645/1149/2 1776/1149/2 1681/1149/2
f 1637/1149/2 1678/1149/2 1773/1149/2 1641/1149/2
f 1773/1149/2 1678/1149/2 1770/1149/2 1774/1149/2
f 1770/1149/2 1814/1149/2 1902/1149/2 1774/1149/2
f 1774/1149/2 1902/1149/2 1906/1149/2 1775/1149/2
f 1781/1149/2 1775/1149/2 1906/1149/2 1817/1149/2
f 1905/1149/2 1909/1149/2 1817/1149/2 1906/1149/2
f 1915/1149/2 1913/1149/2 2034/1149/2 2038/1149/2
f 1913/1149/2 1910/1149/2 2030/1149/2 2034/1149/2
f 1910/1149/2 1909/1149/2 2026/1149/2 2030/1149/2
f 1909/1149/2 1905/1149/2 2022/1149/2 2026/1149/2
f 1905/1149/2 1901/1149/2 2018/1149/2 2022/1149/2
f 1901/1149/2 1898/1149/2 2014/1149/2 2018/1149/2
f 1898/1149/2 1897/1149/2 2010/1149/2 2014/1149/2
f 2038/1149/2 2042/1149/2 1917/1149/2 1915/1149/2
f 1915/1149/2 1917/1149/2 1825/1149/2 1822/1149/2
f 1822/1149/2 1825/1149/2 1789/1149/2 1786/1149/2
f 1786/1149/2 1789/1149/2 1689/1149/2 1686/1149/2
f 1686/1149/2 1689/1149/2 1661/1149/2 1655/1149/2
f 1655/1149/2 1661/1149/2 1565/1149/2 1656/1149/2
f 1533/1149/2 1437/1149/2 1434/1149/2 1531/1149/2
f 1437/1149/2 1405/1149/2 1402/1149/2 1434/1149/2
f 1405/1149/2 1321/1149/2 1318/1149/2 1402/1149/2
f 1321/1149/2 1277/1149/2 1271/1149/2 1318/1149/2
f 1533/1149/2 1531/1149/2 1656/1149/2 1565/1149/2
f 1529/1149/2 1653/1149/2 1656/1149/2 1531/1149/2
f 1821/1149/2 1785/1149/2 1783/1149/2 1818/1149/2
f 1785/1149/2 1685/1149/2 1682/1149/2 1783/1149/2
f 1685/1149/2 1654/1149/2 1650/1149/2 1682/1149/2
f 1654/1149/2 1653/1149/2 1562/1149/2 1650/1149/2
f 1653/1149/2 1529/1149/2 1525/1149/2 1562/1149/2
f 1401/1149/2 1317/1149/2 1314/1149/2 1398/1149/2
f 1317/1149/2 1270/1149/2 1267/1149/2 1314/1149/2
f 1270/1149/2 1269/1149/2 1166/1149/2 1267/1149/2
f 1147/1149/2 1149/1149/2 1057/1149/2 1054/1149/2
f 1054/1149/2 1057/1149/2 1021/1149/2 1018/1149/2
f 1018/1149/2 1021/1149/2 929/1149/2 926/1149/2
f 926/1149/2 929/1149/2 893/1149/2 890/1149/2
f 890/1149/2 893/1149/2 801/1149/2 798/1149/2
f 798/1149/2 801/1149/2 765/1149/2 761/1149/2
f 761/1149/2 765/1149/2 673/1149/2 762/1149/2
f 1169/1149/2 1149/1149/2 1147/1149/2 1272/1149/2
f 1272/1149/2 1147/1149/2 1145/1149/2 1269/1149/2
f 1269/1149/2 1145/1149/2 1142/1149/2 1166/1149/2
f 1401/1149/2 1398/1149/2 1526/1149/2 1433/1149/2
f 1398/1149/2 1397/1149/2 1522/1149/2 1526/1149/2
f 1393/1149/2 1430/1149/2 1522/1149/2 1397/1149/2
f 1393/1149/2 1397/1149/2 1313/1149/2 1394/1149/2
f 1265/1149/2 1259/1149/2 1394/1149/2 1313/1149/2
f 1258/1149/2 1390/1149/2 1394/1149/2 1259/1149/2
f 1253/1149/2 1310/1149/2 1390/1149/2 1258/1149/2
f 1257/1149/2 1254/1149/2 1253/1149/2 1258/1149/2
f 1260/1149/2 1139/1149/2 1137/1149/2 1257/1149/2
f 1257/1149/2 1137/1149/2 1133/1149/2 1254/1149/2
f 1165/1149/2 1141/1149/2 1139/1149/2 1260/1149/2
f 1141/1149/2 1049/1149/2 1046/1149/2 1139/1149/2
f 1049/1149/2 1010/1149/2 1006/1149/2 1046/1149/2
f 1010/1149/2 1009/1149/2 922/1149/2 1006/1149/2
f 250/1149/2 117/1149/2 113/1149/2 246/1149/2
f 246/1149/2 113/1149/2 109/1149/2 242/1149/2
f 242/1149/2 109/1149/2 105/1149/2 238/1149/2
f 238/1149/2 105/1149/2 101/1149/2 232/1149/2
f 97/1149/2 229/1149/2 232/1149/2 101/1149/2
f 361/1149/2 285/1149/2 282/1149/2 358/1149/2
f 285/1149/2 230/1149/2 226/1149/2 282/1149/2
f 230/1149/2 229/1149/2 134/1149/2 226/1149/2
f 229/1149/2 97/1149/2 93/1149/2 134/1149/2
f 362/1149/2 361/1149/2 490/1149/2 494/1149/2
f 361/1149/2 358/1149/2 422/1149/2 490/1149/2
f 249/1149/2 253/1149/2 137/1149/2 250/1149/2
f 289/1149/2 253/1149/2 249/1149/2 378/1149/2
f 378/1149/2 249/1149/2 245/1149/2 374/1149/2
f 374/1149/2 245/1149/2 241/1149/2 370/1149/2
f 370/1149/2 241/1149/2 237/1149/2 366/1149/2
f 366/1149/2 237/1149/2 231/1149/2 286/1149/2
f 365/1149/2 362/1149/2 494/1149/2 425/1149/2
f 493/1149/2 497/1149/2 425/1149/2 494/1149/2
f 493/1149/2 538/1149/2 626/1149/2 497/1149/2
f 497/1149/2 626/1149/2 630/1149/2 498/1149/2
f 502/1149/2 498/1149/2 630/1149/2 541/1149/2
f 501/1149/2 426/1149/2 498/1149/2 502/1149/2
f 369/1149/2 426/1149/2 501/1149/2 373/1149/2
f 373/1149/2 501/1149/2 504/1149/2 377/1149/2
f 429/294/2 381/267/2 377/266/2 504/1149/2
f 503/1149/2 509/1149/2 429/1149/2 504/1149/2
f 509/1149/2 503/1149/2 542/1149/2 545/1149/2
f 545/1149/2 542/1149/2 635/1149/2 637/1149/2
f 637/1149/2 635/1149/2 762/1149/2 673/1149/2
f 633/1149/2 758/1149/2 762/1149/2 635/1149/2
f 629/1149/2 752/1149/2 758/1149/2 633/1149/2
f 625/1149/2 749/1149/2 752/1149/2 629/1149/2
f 750/1149/2 749/1149/2 670/1149/2 746/1149/2
f 749/1149/2 625/1149/2 622/1149/2 670/1149/2
f 1012/1149/2 885/1149/2 881/1149/2 1009/1149/2
f 1009/1149/2 881/1149/2 877/1149/2 922/1149/2
f 1050/1149/2 1053/1149/2 1017/1149/2 1011/1149/2
f 1011/1149/2 1017/1149/2 925/1149/2 1012/1149/2
f 1012/1149/2 925/1149/2 889/1149/2 885/1149/2
f 885/1149/2 889/1149/2 797/1149/2 886/1149/2
f 757/1149/2 751/1149/2 886/1149/2 797/1149/2
f 751/1149/2 750/1149/2 882/1149/2 886/1149/2
f 750/1149/2 746/1149/2 878/1149/2 882/1149/2
f 746/1149/2 745/1149/2 874/1149/2 878/1149/2
f 794/1149/2 874/1149/2 745/1149/2 742/1149/2
f 742/1149/2 745/1149/2 669/1149/2 666/1149/2
f 666/1149/2 669/1149/2 621/1149/2 617/1149/2
f 617/1149/2 621/1149/2 537/1149/2 618/1149/2
f 489/1149/2 486/1149/2 618/1149/2 537/1149/2
f 486/1149/2 485/1149/2 614/1149/2 618/1149/2
f 485/1149/2 482/1149/2 610/1149/2 614/1149/2
f 482/1149/2 481/1149/2 606/1149/2 610/1149/2
f 481/1149/2 478/1149/2 534/1149/2 606/1149/2
f 1930/1149/2 2010/1149/2 1897/1149/2 1894/1149/2
f 1894/1149/2 1897/1149/2 1813/1149/2 1810/1149/2
f 1810/1149/2 1813/1149/2 1769/1149/2 1765/1149/2
f 1765/1149/2 1769/1149/2 1677/1149/2 1766/1149/2
f 1677/1149/2 1633/1149/2 1629/1149/2 1766/1149/2
f 1766/1149/2 1629/1149/2 1625/1149/2 1762/1149/2
f 1762/1149/2 1625/1149/2 1621/1149/2 1756/1149/2
f 1756/1149/2 1621/1149/2 1617/1149/2 1753/1149/2
f 1754/1149/2 1753/1149/2 1674/1149/2 1751/1149/2
f 1753/1149/2 1617/1149/2 1611/1149/2 1674/1149/2
f 1805/1149/2 1754/1149/2 1751/1149/2 1886/1149/2
f 1886/1149/2 1751/1149/2 1749/1149/2 1882/1149/2
f 1882/1149/2 1749/1149/2 1745/1149/2 1876/1149/2
f 1876/1149/2 1745/1149/2 1741/1149/2 1873/1149/2
f 1893/1149/2 1809/1149/2 1806/1149/2 1891/1149/2
f 1809/1149/2 1761/1149/2 1755/1149/2 1806/1149/2
f 1874/1149/2 1873/1149/2 1802/1149/2 1870/1149/2
f 1873/1149/2 1741/1149/2 1737/1149/2 1802/1149/2
f 1863/1056/2 1869/1060/2 1801/1024/2 1864/1055/2
f 1733/1149/2 1729/1149/2 1864/1149/2 1801/1149/2
f 1725/1149/2 1861/1149/2 1864/1149/2 1729/1149/2
f 1893/1149/2 1891/1149/2 2002/1149/2 1929/1149/2
f 1891/1149/2 1889/1149/2 1998/1149/2 2002/1149/2
f 1889/1149/2 1885/1149/2 1994/1149/2 1998/1149/2
f 1885/1149/2 1881/1149/2 1990/1149/2 1994/1149/2
f 1881/1149/2 1875/1149/2 1986/1149/2 1990/1149/2
f 1875/1149/2 1874/1149/2 1982/1149/2 1986/1149/2
f 1874/1149/2 1870/1149/2 1978/1149/2 1982/1149/2
f 1870/1149/2 1869/1149/2 1974/1149/2 1978/1149/2
f 1869/1149/2 1863/1149/2 1926/1149/2 1974/1149/2
f 1857/1149/2 1853/1149/2 1962/1149/2 1966/1149/2
f 1853/1149/2 1849/1149/2 1958/1149/2 1962/1149/2
f 1849/1149/2 1845/1149/2 1954/1149/2 1958/1149/2
f 1845/1149/2 1839/1149/2 1950/1149/2 1954/1149/2
f 1839/1149/2 1838/1149/2 1946/1149/2 1950/1149/2
f 1862/1149/2 1857/1149/2 1966/1149/2 1925/1149/2
f 1861/1149/2 1858/1149/2 1857/1149/2 1862/1149/2
f 1861/1149/2 1725/1149/2 1721/1149/2 1858/1149/2
f 1858/1149/2 1721/1149/2 1717/1149/2 1854/1149/2
f 1854/1149/2 1717/1149/2 1715/1149/2 1850/1149/2
f 1850/1149/2 1715/1149/2 1713/1149/2 1846/1149/2
f 1846/1149/2 1713/1149/2 1709/1149/2 1840/1149/2
f 1840/1149/2 1709/1149/2 1705/1149/2 1837/1149/2
f 1838/1149/2 1837/1149/2 1798/1149/2 1834/1149/2
f 1837/1149/2 1705/1149/2 1701/1149/2 1798/1149/2
f 1833/1149/2 1797/1149/2 1794/1149/2 1830/1149/2
f 1797/1149/2 1697/1149/2 1694/1149/2 1794/1149/2
f 1838/1149/2 1834/1149/2 1942/1149/2 1946/1149/2
f 1834/1149/2 1833/1149/2 1938/1149/2 1942/1149/2
f 2042/1149/1 1917/1149/1 1918/1149/1 2046/1149/1
usemtl Start
f 1833/1149/2 1830/1149/2 1922/1149/2 1938/1149/2
usemtl Goal
f 137/140/2 121/128/2 117/124/2 250/1149/2
