# Blender 5.1.2
# www.blender.org
mtllib Untitled.LigeramenteMasFacilLaberinto.mtl
o MazePro_Floor
v 0.000000 0.000000 0.000000
v 3.150000 0.000000 0.000000
v 3.150000 3.150000 0.000000
v 0.000000 3.150000 0.000000
v 0.000000 0.000000 0.000000
v 0.150000 0.000000 0.000000
v 0.150000 0.150000 0.000000
v 0.000000 0.150000 0.000000
v 0.000000 -0.000000 0.100000
v 0.150000 -0.000000 0.100000
v 0.150000 0.150000 0.100000
v 0.000000 0.150000 0.100000
v 0.000000 0.150000 0.000000
v 0.150000 0.150000 0.000000
v 0.150000 0.300000 0.000000
v 0.000000 0.300000 0.000000
v 0.000000 0.150000 0.100000
v 0.150000 0.150000 0.100000
v 0.150000 0.300000 0.100000
v 0.000000 0.300000 0.100000
v 0.000000 0.300000 0.000000
v 0.150000 0.300000 0.000000
v 0.150000 0.450000 0.000000
v 0.000000 0.450000 0.000000
v 0.000000 0.300000 0.100000
v 0.150000 0.300000 0.100000
v 0.150000 0.450000 0.100000
v 0.000000 0.450000 0.100000
v 0.000000 0.450000 0.000000
v 0.150000 0.450000 0.000000
v 0.150000 0.600000 0.000000
v 0.000000 0.600000 0.000000
v 0.000000 0.450000 0.100000
v 0.150000 0.450000 0.100000
v 0.150000 0.600000 0.100000
v 0.000000 0.600000 0.100000
v 0.000000 0.600000 0.000000
v 0.150000 0.600000 0.000000
v 0.150000 0.750000 0.000000
v 0.000000 0.750000 0.000000
v 0.000000 0.600000 0.100000
v 0.150000 0.600000 0.100000
v 0.150000 0.750000 0.100000
v 0.000000 0.750000 0.100000
v 0.000000 0.750000 0.000000
v 0.150000 0.750000 0.000000
v 0.150000 0.900000 0.000000
v 0.000000 0.900000 0.000000
v 0.000000 0.750000 0.100000
v 0.150000 0.750000 0.100000
v 0.150000 0.900000 0.100000
v 0.000000 0.900000 0.100000
v 0.000000 0.900000 0.000000
v 0.150000 0.900000 0.000000
v 0.150000 1.050000 0.000000
v 0.000000 1.050000 0.000000
v 0.000000 0.900000 0.100000
v 0.150000 0.900000 0.100000
v 0.150000 1.050000 0.100000
v 0.000000 1.050000 0.100000
v 0.000000 1.050000 0.000000
v 0.150000 1.050000 0.000000
v 0.150000 1.200000 0.000000
v 0.000000 1.200000 0.000000
v 0.000000 1.050000 0.100000
v 0.150000 1.050000 0.100000
v 0.150000 1.200000 0.100000
v 0.000000 1.200000 0.100000
v 0.000000 1.200000 0.000000
v 0.150000 1.200000 0.000000
v 0.150000 1.350000 0.000000
v 0.000000 1.350000 0.000000
v 0.000000 1.200000 0.100000
v 0.150000 1.200000 0.100000
v 0.150000 1.350000 0.100000
v 0.000000 1.350000 0.100000
v 0.000000 1.350000 0.000000
v 0.150000 1.350000 0.000000
v 0.150000 1.500000 0.000000
v 0.000000 1.500000 0.000000
v 0.000000 1.350000 0.100000
v 0.150000 1.350000 0.100000
v 0.150000 1.500000 0.100000
v 0.000000 1.500000 0.100000
v 0.000000 1.500000 0.000000
v 0.150000 1.500000 0.000000
v 0.150000 1.650000 0.000000
v 0.000000 1.650000 0.000000
v 0.000000 1.500000 0.100000
v 0.150000 1.500000 0.100000
v 0.150000 1.650000 0.100000
v 0.000000 1.650000 0.100000
v 0.000000 1.650000 0.000000
v 0.150000 1.650000 0.000000
v 0.150000 1.800000 0.000000
v 0.000000 1.800000 0.000000
v 0.000000 1.650000 0.100000
v 0.150000 1.650000 0.100000
v 0.150000 1.800000 0.100000
v 0.000000 1.800000 0.100000
v 0.000000 1.800000 0.000000
v 0.150000 1.800000 0.000000
v 0.150000 1.950000 0.000000
v 0.000000 1.950000 0.000000
v 0.000000 1.800000 0.100000
v 0.150000 1.800000 0.100000
v 0.150000 1.950000 0.100000
v 0.000000 1.950000 0.100000
v 0.000000 1.950000 0.000000
v 0.150000 1.950000 0.000000
v 0.150000 2.100000 0.000000
v 0.000000 2.100000 0.000000
v 0.000000 1.950000 0.100000
v 0.150000 1.950000 0.100000
v 0.150000 2.100000 0.100000
v 0.000000 2.100000 0.100000
v 0.000000 2.100000 0.000000
v 0.150000 2.100000 0.000000
v 0.150000 2.250000 0.000000
v 0.000000 2.250000 0.000000
v 0.000000 2.100000 0.100000
v 0.150000 2.100000 0.100000
v 0.150000 2.250000 0.100000
v 0.000000 2.250000 0.100000
v 0.000000 2.250000 0.000000
v 0.150000 2.250000 0.000000
v 0.150000 2.400000 0.000000
v 0.000000 2.400000 0.000000
v 0.000000 2.250000 0.100000
v 0.150000 2.250000 0.100000
v 0.150000 2.400000 0.100000
v 0.000000 2.400000 0.100000
v 0.000000 2.400000 0.000000
v 0.150000 2.400000 0.000000
v 0.150000 2.550000 0.000000
v 0.000000 2.550000 0.000000
v 0.000000 2.400000 0.100000
v 0.150000 2.400000 0.100000
v 0.150000 2.550000 0.100000
v 0.000000 2.550000 0.100000
v 0.000000 2.550000 0.000000
v 0.150000 2.550000 0.000000
v 0.150000 2.700000 0.000000
v 0.000000 2.700000 0.000000
v 0.000000 2.550000 0.100000
v 0.150000 2.550000 0.100000
v 0.150000 2.700000 0.100000
v 0.000000 2.700000 0.100000
v 0.000000 2.700000 0.000000
v 0.150000 2.700000 0.000000
v 0.150000 2.850000 0.000000
v 0.000000 2.850000 0.000000
v 0.000000 2.700000 0.100000
v 0.150000 2.700000 0.100000
v 0.150000 2.850000 0.100000
v 0.000000 2.850000 0.100000
v 0.000000 2.850000 0.000000
v 0.150000 2.850000 0.000000
v 0.150000 3.000000 0.000000
v 0.000000 3.000000 0.000000
v 0.000000 2.850000 0.100000
v 0.150000 2.850000 0.100000
v 0.150000 3.000000 0.100000
v 0.000000 3.000000 0.100000
v 0.000000 3.000000 0.000000
v 0.150000 3.000000 0.000000
v 0.150000 3.150000 0.000000
v 0.000000 3.150000 0.000000
v 0.000000 3.000000 0.100000
v 0.150000 3.000000 0.100000
v 0.150000 3.150000 0.100000
v 0.000000 3.150000 0.100000
v 0.150000 0.900000 0.000000
v 0.300000 0.900000 0.000000
v 0.300000 1.050000 0.000000
v 0.150000 1.050000 0.000000
v 0.150000 0.900000 0.100000
v 0.300000 0.900000 0.100000
v 0.300000 1.050000 0.100000
v 0.150000 1.050000 0.100000
v 0.150000 2.400000 0.000000
v 0.300000 2.400000 0.000000
v 0.300000 2.550000 0.000000
v 0.150000 2.550000 0.000000
v 0.150000 2.400000 0.100000
v 0.300000 2.400000 0.100000
v 0.300000 2.550000 0.100000
v 0.150000 2.550000 0.100000
v 0.150000 3.000000 0.000000
v 0.300000 3.000000 0.000000
v 0.300000 3.150000 0.000000
v 0.150000 3.150000 0.000000
v 0.150000 3.000000 0.100000
v 0.300000 3.000000 0.100000
v 0.300000 3.150000 0.100000
v 0.150000 3.150000 0.100000
v 0.300000 0.000000 0.000000
v 0.450000 0.000000 0.000000
v 0.450000 0.150000 0.000000
v 0.300000 0.150000 0.000000
v 0.300000 -0.000000 0.100000
v 0.450000 -0.000000 0.100000
v 0.450000 0.150000 0.100000
v 0.300000 0.150000 0.100000
v 0.300000 0.150000 0.000000
v 0.450000 0.150000 0.000000
v 0.450000 0.300000 0.000000
v 0.300000 0.300000 0.000000
v 0.300000 0.150000 0.100000
v 0.450000 0.150000 0.100000
v 0.450000 0.300000 0.100000
v 0.300000 0.300000 0.100000
v 0.300000 0.300000 0.000000
v 0.450000 0.300000 0.000000
v 0.450000 0.450000 0.000000
v 0.300000 0.450000 0.000000
v 0.300000 0.300000 0.100000
v 0.450000 0.300000 0.100000
v 0.450000 0.450000 0.100000
v 0.300000 0.450000 0.100000
v 0.300000 0.450000 0.000000
v 0.450000 0.450000 0.000000
v 0.450000 0.600000 0.000000
v 0.300000 0.600000 0.000000
v 0.300000 0.450000 0.100000
v 0.450000 0.450000 0.100000
v 0.450000 0.600000 0.100000
v 0.300000 0.600000 0.100000
v 0.300000 0.600000 0.000000
v 0.450000 0.600000 0.000000
v 0.450000 0.750000 0.000000
v 0.300000 0.750000 0.000000
v 0.300000 0.600000 0.100000
v 0.450000 0.600000 0.100000
v 0.450000 0.750000 0.100000
v 0.300000 0.750000 0.100000
v 0.300000 0.900000 0.000000
v 0.450000 0.900000 0.000000
v 0.450000 1.050000 0.000000
v 0.300000 1.050000 0.000000
v 0.300000 0.900000 0.100000
v 0.450000 0.900000 0.100000
v 0.450000 1.050000 0.100000
v 0.300000 1.050000 0.100000
v 0.300000 1.200000 0.000000
v 0.450000 1.200000 0.000000
v 0.450000 1.350000 0.000000
v 0.300000 1.350000 0.000000
v 0.300000 1.200000 0.100000
v 0.450000 1.200000 0.100000
v 0.450000 1.350000 0.100000
v 0.300000 1.350000 0.100000
v 0.300000 1.350000 0.000000
v 0.450000 1.350000 0.000000
v 0.450000 1.500000 0.000000
v 0.300000 1.500000 0.000000
v 0.300000 1.350000 0.100000
v 0.450000 1.350000 0.100000
v 0.450000 1.500000 0.100000
v 0.300000 1.500000 0.100000
v 0.300000 1.500000 0.000000
v 0.450000 1.500000 0.000000
v 0.450000 1.650000 0.000000
v 0.300000 1.650000 0.000000
v 0.300000 1.500000 0.100000
v 0.450000 1.500000 0.100000
v 0.450000 1.650000 0.100000
v 0.300000 1.650000 0.100000
v 0.300000 1.650000 0.000000
v 0.450000 1.650000 0.000000
v 0.450000 1.800000 0.000000
v 0.300000 1.800000 0.000000
v 0.300000 1.650000 0.100000
v 0.450000 1.650000 0.100000
v 0.450000 1.800000 0.100000
v 0.300000 1.800000 0.100000
v 0.300000 1.800000 0.000000
v 0.450000 1.800000 0.000000
v 0.450000 1.950000 0.000000
v 0.300000 1.950000 0.000000
v 0.300000 1.800000 0.100000
v 0.450000 1.800000 0.100000
v 0.450000 1.950000 0.100000
v 0.300000 1.950000 0.100000
v 0.300000 1.950000 0.000000
v 0.450000 1.950000 0.000000
v 0.450000 2.100000 0.000000
v 0.300000 2.100000 0.000000
v 0.300000 1.950000 0.100000
v 0.450000 1.950000 0.100000
v 0.450000 2.100000 0.100000
v 0.300000 2.100000 0.100000
v 0.300000 2.100000 0.000000
v 0.450000 2.100000 0.000000
v 0.450000 2.250000 0.000000
v 0.300000 2.250000 0.000000
v 0.300000 2.100000 0.100000
v 0.450000 2.100000 0.100000
v 0.450000 2.250000 0.100000
v 0.300000 2.250000 0.100000
v 0.300000 2.400000 0.000000
v 0.450000 2.400000 0.000000
v 0.450000 2.550000 0.000000
v 0.300000 2.550000 0.000000
v 0.300000 2.400000 0.100000
v 0.450000 2.400000 0.100000
v 0.450000 2.550000 0.100000
v 0.300000 2.550000 0.100000
v 0.300000 2.550000 0.000000
v 0.450000 2.550000 0.000000
v 0.450000 2.700000 0.000000
v 0.300000 2.700000 0.000000
v 0.300000 2.550000 0.100000
v 0.450000 2.550000 0.100000
v 0.450000 2.700000 0.100000
v 0.300000 2.700000 0.100000
v 0.300000 2.700000 0.000000
v 0.450000 2.700000 0.000000
v 0.450000 2.850000 0.000000
v 0.300000 2.850000 0.000000
v 0.300000 2.700000 0.100000
v 0.450000 2.700000 0.100000
v 0.450000 2.850000 0.100000
v 0.300000 2.850000 0.100000
v 0.300000 3.000000 0.000000
v 0.450000 3.000000 0.000000
v 0.450000 3.150000 0.000000
v 0.300000 3.150000 0.000000
v 0.300000 3.000000 0.100000
v 0.450000 3.000000 0.100000
v 0.450000 3.150000 0.100000
v 0.300000 3.150000 0.100000
v 0.450000 0.000000 0.000000
v 0.600000 0.000000 0.000000
v 0.600000 0.150000 0.000000
v 0.450000 0.150000 0.000000
v 0.450000 -0.000000 0.100000
v 0.600000 -0.000000 0.100000
v 0.600000 0.150000 0.100000
v 0.450000 0.150000 0.100000
v 0.450000 0.600000 0.000000
v 0.600000 0.600000 0.000000
v 0.600000 0.750000 0.000000
v 0.450000 0.750000 0.000000
v 0.450000 0.600000 0.100000
v 0.600000 0.600000 0.100000
v 0.600000 0.750000 0.100000
v 0.450000 0.750000 0.100000
v 0.450000 0.900000 0.000000
v 0.600000 0.900000 0.000000
v 0.600000 1.050000 0.000000
v 0.450000 1.050000 0.000000
v 0.450000 0.900000 0.100000
v 0.600000 0.900000 0.100000
v 0.600000 1.050000 0.100000
v 0.450000 1.050000 0.100000
v 0.450000 1.200000 0.000000
v 0.600000 1.200000 0.000000
v 0.600000 1.350000 0.000000
v 0.450000 1.350000 0.000000
v 0.450000 1.200000 0.100000
v 0.600000 1.200000 0.100000
v 0.600000 1.350000 0.100000
v 0.450000 1.350000 0.100000
v 0.450000 3.000000 0.000000
v 0.600000 3.000000 0.000000
v 0.600000 3.150000 0.000000
v 0.450000 3.150000 0.000000
v 0.450000 3.000000 0.100000
v 0.600000 3.000000 0.100000
v 0.600000 3.150000 0.100000
v 0.450000 3.150000 0.100000
v 0.600000 0.000000 0.000000
v 0.750000 0.000000 0.000000
v 0.750000 0.150000 0.000000
v 0.600000 0.150000 0.000000
v 0.600000 -0.000000 0.100000
v 0.750000 -0.000000 0.100000
v 0.750000 0.150000 0.100000
v 0.600000 0.150000 0.100000
v 0.600000 0.300000 0.000000
v 0.750000 0.300000 0.000000
v 0.750000 0.450000 0.000000
v 0.600000 0.450000 0.000000
v 0.600000 0.300000 0.100000
v 0.750000 0.300000 0.100000
v 0.750000 0.450000 0.100000
v 0.600000 0.450000 0.100000
v 0.600000 0.450000 0.000000
v 0.750000 0.450000 0.000000
v 0.750000 0.600000 0.000000
v 0.600000 0.600000 0.000000
v 0.600000 0.450000 0.100000
v 0.750000 0.450000 0.100000
v 0.750000 0.600000 0.100000
v 0.600000 0.600000 0.100000
v 0.600000 0.600000 0.000000
v 0.750000 0.600000 0.000000
v 0.750000 0.750000 0.000000
v 0.600000 0.750000 0.000000
v 0.600000 0.600000 0.100000
v 0.750000 0.600000 0.100000
v 0.750000 0.750000 0.100000
v 0.600000 0.750000 0.100000
v 0.600000 0.900000 0.000000
v 0.750000 0.900000 0.000000
v 0.750000 1.050000 0.000000
v 0.600000 1.050000 0.000000
v 0.600000 0.900000 0.100000
v 0.750000 0.900000 0.100000
v 0.750000 1.050000 0.100000
v 0.600000 1.050000 0.100000
v 0.600000 1.200000 0.000000
v 0.750000 1.200000 0.000000
v 0.750000 1.350000 0.000000
v 0.600000 1.350000 0.000000
v 0.600000 1.200000 0.100000
v 0.750000 1.200000 0.100000
v 0.750000 1.350000 0.100000
v 0.600000 1.350000 0.100000
v 0.600000 1.350000 0.000000
v 0.750000 1.350000 0.000000
v 0.750000 1.500000 0.000000
v 0.600000 1.500000 0.000000
v 0.600000 1.350000 0.100000
v 0.750000 1.350000 0.100000
v 0.750000 1.500000 0.100000
v 0.600000 1.500000 0.100000
v 0.600000 1.500000 0.000000
v 0.750000 1.500000 0.000000
v 0.750000 1.650000 0.000000
v 0.600000 1.650000 0.000000
v 0.600000 1.500000 0.100000
v 0.750000 1.500000 0.100000
v 0.750000 1.650000 0.100000
v 0.600000 1.650000 0.100000
v 0.600000 1.650000 0.000000
v 0.750000 1.650000 0.000000
v 0.750000 1.800000 0.000000
v 0.600000 1.800000 0.000000
v 0.600000 1.650000 0.100000
v 0.750000 1.650000 0.100000
v 0.750000 1.800000 0.100000
v 0.600000 1.800000 0.100000
v 0.600000 1.800000 0.000000
v 0.750000 1.800000 0.000000
v 0.750000 1.950000 0.000000
v 0.600000 1.950000 0.000000
v 0.600000 1.800000 0.100000
v 0.750000 1.800000 0.100000
v 0.750000 1.950000 0.100000
v 0.600000 1.950000 0.100000
v 0.600000 1.950000 0.000000
v 0.750000 1.950000 0.000000
v 0.750000 2.100000 0.000000
v 0.600000 2.100000 0.000000
v 0.600000 1.950000 0.100000
v 0.750000 1.950000 0.100000
v 0.750000 2.100000 0.100000
v 0.600000 2.100000 0.100000
v 0.600000 2.100000 0.000000
v 0.750000 2.100000 0.000000
v 0.750000 2.250000 0.000000
v 0.600000 2.250000 0.000000
v 0.600000 2.100000 0.100000
v 0.750000 2.100000 0.100000
v 0.750000 2.250000 0.100000
v 0.600000 2.250000 0.100000
v 0.600000 2.400000 0.000000
v 0.750000 2.400000 0.000000
v 0.750000 2.550000 0.000000
v 0.600000 2.550000 0.000000
v 0.600000 2.400000 0.100000
v 0.750000 2.400000 0.100000
v 0.750000 2.550000 0.100000
v 0.600000 2.550000 0.100000
v 0.600000 2.550000 0.000000
v 0.750000 2.550000 0.000000
v 0.750000 2.700000 0.000000
v 0.600000 2.700000 0.000000
v 0.600000 2.550000 0.100000
v 0.750000 2.550000 0.100000
v 0.750000 2.700000 0.100000
v 0.600000 2.700000 0.100000
v 0.600000 2.700000 0.000000
v 0.750000 2.700000 0.000000
v 0.750000 2.850000 0.000000
v 0.600000 2.850000 0.000000
v 0.600000 2.700000 0.100000
v 0.750000 2.700000 0.100000
v 0.750000 2.850000 0.100000
v 0.600000 2.850000 0.100000
v 0.600000 3.000000 0.000000
v 0.750000 3.000000 0.000000
v 0.750000 3.150000 0.000000
v 0.600000 3.150000 0.000000
v 0.600000 3.000000 0.100000
v 0.750000 3.000000 0.100000
v 0.750000 3.150000 0.100000
v 0.600000 3.150000 0.100000
v 0.750000 0.000000 0.000000
v 0.900000 0.000000 0.000000
v 0.900000 0.150000 0.000000
v 0.750000 0.150000 0.000000
v 0.750000 -0.000000 0.100000
v 0.900000 -0.000000 0.100000
v 0.900000 0.150000 0.100000
v 0.750000 0.150000 0.100000
v 0.750000 0.900000 0.000000
v 0.900000 0.900000 0.000000
v 0.900000 1.050000 0.000000
v 0.750000 1.050000 0.000000
v 0.750000 0.900000 0.100000
v 0.900000 0.900000 0.100000
v 0.900000 1.050000 0.100000
v 0.750000 1.050000 0.100000
v 0.750000 1.500000 0.000000
v 0.900000 1.500000 0.000000
v 0.900000 1.650000 0.000000
v 0.750000 1.650000 0.000000
v 0.750000 1.500000 0.100000
v 0.900000 1.500000 0.100000
v 0.900000 1.650000 0.100000
v 0.750000 1.650000 0.100000
v 0.750000 2.100000 0.000000
v 0.900000 2.100000 0.000000
v 0.900000 2.250000 0.000000
v 0.750000 2.250000 0.000000
v 0.750000 2.100000 0.100000
v 0.900000 2.100000 0.100000
v 0.900000 2.250000 0.100000
v 0.750000 2.250000 0.100000
v 0.750000 2.700000 0.000000
v 0.900000 2.700000 0.000000
v 0.900000 2.850000 0.000000
v 0.750000 2.850000 0.000000
v 0.750000 2.700000 0.100000
v 0.900000 2.700000 0.100000
v 0.900000 2.850000 0.100000
v 0.750000 2.850000 0.100000
v 0.750000 3.000000 0.000000
v 0.900000 3.000000 0.000000
v 0.900000 3.150000 0.000000
v 0.750000 3.150000 0.000000
v 0.750000 3.000000 0.100000
v 0.900000 3.000000 0.100000
v 0.900000 3.150000 0.100000
v 0.750000 3.150000 0.100000
v 0.900000 0.000000 0.000000
v 1.050000 0.000000 0.000000
v 1.050000 0.150000 0.000000
v 0.900000 0.150000 0.000000
v 0.900000 -0.000000 0.100000
v 1.050000 -0.000000 0.100000
v 1.050000 0.150000 0.100000
v 0.900000 0.150000 0.100000
v 0.900000 0.300000 0.000000
v 1.050000 0.300000 0.000000
v 1.050000 0.450000 0.000000
v 0.900000 0.450000 0.000000
v 0.900000 0.300000 0.100000
v 1.050000 0.300000 0.100000
v 1.050000 0.450000 0.100000
v 0.900000 0.450000 0.100000
v 0.900000 0.450000 0.000000
v 1.050000 0.450000 0.000000
v 1.050000 0.600000 0.000000
v 0.900000 0.600000 0.000000
v 0.900000 0.450000 0.100000
v 1.050000 0.450000 0.100000
v 1.050000 0.600000 0.100000
v 0.900000 0.600000 0.100000
v 0.900000 0.600000 0.000000
v 1.050000 0.600000 0.000000
v 1.050000 0.750000 0.000000
v 0.900000 0.750000 0.000000
v 0.900000 0.600000 0.100000
v 1.050000 0.600000 0.100000
v 1.050000 0.750000 0.100000
v 0.900000 0.750000 0.100000
v 0.900000 0.750000 0.000000
v 1.050000 0.750000 0.000000
v 1.050000 0.900000 0.000000
v 0.900000 0.900000 0.000000
v 0.900000 0.750000 0.100000
v 1.050000 0.750000 0.100000
v 1.050000 0.900000 0.100000
v 0.900000 0.900000 0.100000
v 0.900000 0.900000 0.000000
v 1.050000 0.900000 0.000000
v 1.050000 1.050000 0.000000
v 0.900000 1.050000 0.000000
v 0.900000 0.900000 0.100000
v 1.050000 0.900000 0.100000
v 1.050000 1.050000 0.100000
v 0.900000 1.050000 0.100000
v 0.900000 1.050000 0.000000
v 1.050000 1.050000 0.000000
v 1.050000 1.200000 0.000000
v 0.900000 1.200000 0.000000
v 0.900000 1.050000 0.100000
v 1.050000 1.050000 0.100000
v 1.050000 1.200000 0.100000
v 0.900000 1.200000 0.100000
v 0.900000 1.200000 0.000000
v 1.050000 1.200000 0.000000
v 1.050000 1.350000 0.000000
v 0.900000 1.350000 0.000000
v 0.900000 1.200000 0.100000
v 1.050000 1.200000 0.100000
v 1.050000 1.350000 0.100000
v 0.900000 1.350000 0.100000
v 0.900000 1.500000 0.000000
v 1.050000 1.500000 0.000000
v 1.050000 1.650000 0.000000
v 0.900000 1.650000 0.000000
v 0.900000 1.500000 0.100000
v 1.050000 1.500000 0.100000
v 1.050000 1.650000 0.100000
v 0.900000 1.650000 0.100000
v 0.900000 1.800000 0.000000
v 1.050000 1.800000 0.000000
v 1.050000 1.950000 0.000000
v 0.900000 1.950000 0.000000
v 0.900000 1.800000 0.100000
v 1.050000 1.800000 0.100000
v 1.050000 1.950000 0.100000
v 0.900000 1.950000 0.100000
v 0.900000 2.100000 0.000000
v 1.050000 2.100000 0.000000
v 1.050000 2.250000 0.000000
v 0.900000 2.250000 0.000000
v 0.900000 2.100000 0.100000
v 1.050000 2.100000 0.100000
v 1.050000 2.250000 0.100000
v 0.900000 2.250000 0.100000
v 0.900000 2.250000 0.000000
v 1.050000 2.250000 0.000000
v 1.050000 2.400000 0.000000
v 0.900000 2.400000 0.000000
v 0.900000 2.250000 0.100000
v 1.050000 2.250000 0.100000
v 1.050000 2.400000 0.100000
v 0.900000 2.400000 0.100000
v 0.900000 2.400000 0.000000
v 1.050000 2.400000 0.000000
v 1.050000 2.550000 0.000000
v 0.900000 2.550000 0.000000
v 0.900000 2.400000 0.100000
v 1.050000 2.400000 0.100000
v 1.050000 2.550000 0.100000
v 0.900000 2.550000 0.100000
v 0.900000 2.700000 0.000000
v 1.050000 2.700000 0.000000
v 1.050000 2.850000 0.000000
v 0.900000 2.850000 0.000000
v 0.900000 2.700000 0.100000
v 1.050000 2.700000 0.100000
v 1.050000 2.850000 0.100000
v 0.900000 2.850000 0.100000
v 0.900000 3.000000 0.000000
v 1.050000 3.000000 0.000000
v 1.050000 3.150000 0.000000
v 0.900000 3.150000 0.000000
v 0.900000 3.000000 0.100000
v 1.050000 3.000000 0.100000
v 1.050000 3.150000 0.100000
v 0.900000 3.150000 0.100000
v 1.050000 0.000000 0.000000
v 1.200000 0.000000 0.000000
v 1.200000 0.150000 0.000000
v 1.050000 0.150000 0.000000
v 1.050000 -0.000000 0.100000
v 1.200000 -0.000000 0.100000
v 1.200000 0.150000 0.100000
v 1.050000 0.150000 0.100000
v 1.050000 0.600000 0.000000
v 1.200000 0.600000 0.000000
v 1.200000 0.750000 0.000000
v 1.050000 0.750000 0.000000
v 1.050000 0.600000 0.100000
v 1.200000 0.600000 0.100000
v 1.200000 0.750000 0.100000
v 1.050000 0.750000 0.100000
v 1.050000 1.500000 0.000000
v 1.200000 1.500000 0.000000
v 1.200000 1.650000 0.000000
v 1.050000 1.650000 0.000000
v 1.050000 1.500000 0.100000
v 1.200000 1.500000 0.100000
v 1.200000 1.650000 0.100000
v 1.050000 1.650000 0.100000
v 1.050000 1.800000 0.000000
v 1.200000 1.800000 0.000000
v 1.200000 1.950000 0.000000
v 1.050000 1.950000 0.000000
v 1.050000 1.800000 0.100000
v 1.200000 1.800000 0.100000
v 1.200000 1.950000 0.100000
v 1.050000 1.950000 0.100000
v 1.050000 2.400000 0.000000
v 1.200000 2.400000 0.000000
v 1.200000 2.550000 0.000000
v 1.050000 2.550000 0.000000
v 1.050000 2.400000 0.100000
v 1.200000 2.400000 0.100000
v 1.200000 2.550000 0.100000
v 1.050000 2.550000 0.100000
v 1.050000 3.000000 0.000000
v 1.200000 3.000000 0.000000
v 1.200000 3.150000 0.000000
v 1.050000 3.150000 0.000000
v 1.050000 3.000000 0.100000
v 1.200000 3.000000 0.100000
v 1.200000 3.150000 0.100000
v 1.050000 3.150000 0.100000
v 1.200000 0.000000 0.000000
v 1.350000 0.000000 0.000000
v 1.350000 0.150000 0.000000
v 1.200000 0.150000 0.000000
v 1.200000 -0.000000 0.100000
v 1.350000 -0.000000 0.100000
v 1.350000 0.150000 0.100000
v 1.200000 0.150000 0.100000
v 1.200000 0.150000 0.000000
v 1.350000 0.150000 0.000000
v 1.350000 0.300000 0.000000
v 1.200000 0.300000 0.000000
v 1.200000 0.150000 0.100000
v 1.350000 0.150000 0.100000
v 1.350000 0.300000 0.100000
v 1.200000 0.300000 0.100000
v 1.200000 0.300000 0.000000
v 1.350000 0.300000 0.000000
v 1.350000 0.450000 0.000000
v 1.200000 0.450000 0.000000
v 1.200000 0.300000 0.100000
v 1.350000 0.300000 0.100000
v 1.350000 0.450000 0.100000
v 1.200000 0.450000 0.100000
v 1.200000 0.600000 0.000000
v 1.350000 0.600000 0.000000
v 1.350000 0.750000 0.000000
v 1.200000 0.750000 0.000000
v 1.200000 0.600000 0.100000
v 1.350000 0.600000 0.100000
v 1.350000 0.750000 0.100000
v 1.200000 0.750000 0.100000
v 1.200000 0.900000 0.000000
v 1.350000 0.900000 0.000000
v 1.350000 1.050000 0.000000
v 1.200000 1.050000 0.000000
v 1.200000 0.900000 0.100000
v 1.350000 0.900000 0.100000
v 1.350000 1.050000 0.100000
v 1.200000 1.050000 0.100000
v 1.200000 1.200000 0.000000
v 1.350000 1.200000 0.000000
v 1.350000 1.350000 0.000000
v 1.200000 1.350000 0.000000
v 1.200000 1.200000 0.100000
v 1.350000 1.200000 0.100000
v 1.350000 1.350000 0.100000
v 1.200000 1.350000 0.100000
v 1.200000 1.350000 0.000000
v 1.350000 1.350000 0.000000
v 1.350000 1.500000 0.000000
v 1.200000 1.500000 0.000000
v 1.200000 1.350000 0.100000
v 1.350000 1.350000 0.100000
v 1.350000 1.500000 0.100000
v 1.200000 1.500000 0.100000
v 1.200000 1.500000 0.000000
v 1.350000 1.500000 0.000000
v 1.350000 1.650000 0.000000
v 1.200000 1.650000 0.000000
v 1.200000 1.500000 0.100000
v 1.350000 1.500000 0.100000
v 1.350000 1.650000 0.100000
v 1.200000 1.650000 0.100000
v 1.200000 1.800000 0.000000
v 1.350000 1.800000 0.000000
v 1.350000 1.950000 0.000000
v 1.200000 1.950000 0.000000
v 1.200000 1.800000 0.100000
v 1.350000 1.800000 0.100000
v 1.350000 1.950000 0.100000
v 1.200000 1.950000 0.100000
v 1.200000 2.100000 0.000000
v 1.350000 2.100000 0.000000
v 1.350000 2.250000 0.000000
v 1.200000 2.250000 0.000000
v 1.200000 2.100000 0.100000
v 1.350000 2.100000 0.100000
v 1.350000 2.250000 0.100000
v 1.200000 2.250000 0.100000
v 1.200000 2.400000 0.000000
v 1.350000 2.400000 0.000000
v 1.350000 2.550000 0.000000
v 1.200000 2.550000 0.000000
v 1.200000 2.400000 0.100000
v 1.350000 2.400000 0.100000
v 1.350000 2.550000 0.100000
v 1.200000 2.550000 0.100000
v 1.200000 2.550000 0.000000
v 1.350000 2.550000 0.000000
v 1.350000 2.700000 0.000000
v 1.200000 2.700000 0.000000
v 1.200000 2.550000 0.100000
v 1.350000 2.550000 0.100000
v 1.350000 2.700000 0.100000
v 1.200000 2.700000 0.100000
v 1.200000 2.700000 0.000000
v 1.350000 2.700000 0.000000
v 1.350000 2.850000 0.000000
v 1.200000 2.850000 0.000000
v 1.200000 2.700000 0.100000
v 1.350000 2.700000 0.100000
v 1.350000 2.850000 0.100000
v 1.200000 2.850000 0.100000
v 1.200000 2.850000 0.000000
v 1.350000 2.850000 0.000000
v 1.350000 3.000000 0.000000
v 1.200000 3.000000 0.000000
v 1.200000 2.850000 0.100000
v 1.350000 2.850000 0.100000
v 1.350000 3.000000 0.100000
v 1.200000 3.000000 0.100000
v 1.200000 3.000000 0.000000
v 1.350000 3.000000 0.000000
v 1.350000 3.150000 0.000000
v 1.200000 3.150000 0.000000
v 1.200000 3.000000 0.100000
v 1.350000 3.000000 0.100000
v 1.350000 3.150000 0.100000
v 1.200000 3.150000 0.100000
v 1.350000 0.000000 0.000000
v 1.500000 0.000000 0.000000
v 1.500000 0.150000 0.000000
v 1.350000 0.150000 0.000000
v 1.350000 -0.000000 0.100000
v 1.500000 -0.000000 0.100000
v 1.500000 0.150000 0.100000
v 1.350000 0.150000 0.100000
v 1.350000 0.600000 0.000000
v 1.500000 0.600000 0.000000
v 1.500000 0.750000 0.000000
v 1.350000 0.750000 0.000000
v 1.350000 0.600000 0.100000
v 1.500000 0.600000 0.100000
v 1.500000 0.750000 0.100000
v 1.350000 0.750000 0.100000
v 1.350000 0.900000 0.000000
v 1.500000 0.900000 0.000000
v 1.500000 1.050000 0.000000
v 1.350000 1.050000 0.000000
v 1.350000 0.900000 0.100000
v 1.500000 0.900000 0.100000
v 1.500000 1.050000 0.100000
v 1.350000 1.050000 0.100000
v 1.350000 1.800000 0.000000
v 1.500000 1.800000 0.000000
v 1.500000 1.950000 0.000000
v 1.350000 1.950000 0.000000
v 1.350000 1.800000 0.100000
v 1.500000 1.800000 0.100000
v 1.500000 1.950000 0.100000
v 1.350000 1.950000 0.100000
v 1.350000 2.100000 0.000000
v 1.500000 2.100000 0.000000
v 1.500000 2.250000 0.000000
v 1.350000 2.250000 0.000000
v 1.350000 2.100000 0.100000
v 1.500000 2.100000 0.100000
v 1.500000 2.250000 0.100000
v 1.350000 2.250000 0.100000
v 1.350000 3.000000 0.000000
v 1.500000 3.000000 0.000000
v 1.500000 3.150000 0.000000
v 1.350000 3.150000 0.000000
v 1.350000 3.000000 0.100000
v 1.500000 3.000000 0.100000
v 1.500000 3.150000 0.100000
v 1.350000 3.150000 0.100000
v 1.500000 0.000000 0.000000
v 1.650000 0.000000 0.000000
v 1.650000 0.150000 0.000000
v 1.500000 0.150000 0.000000
v 1.500000 -0.000000 0.100000
v 1.650000 -0.000000 0.100000
v 1.650000 0.150000 0.100000
v 1.500000 0.150000 0.100000
v 1.500000 0.300000 0.000000
v 1.650000 0.300000 0.000000
v 1.650000 0.450000 0.000000
v 1.500000 0.450000 0.000000
v 1.500000 0.300000 0.100000
v 1.650000 0.300000 0.100000
v 1.650000 0.450000 0.100000
v 1.500000 0.450000 0.100000
v 1.500000 0.600000 0.000000
v 1.650000 0.600000 0.000000
v 1.650000 0.750000 0.000000
v 1.500000 0.750000 0.000000
v 1.500000 0.600000 0.100000
v 1.650000 0.600000 0.100000
v 1.650000 0.750000 0.100000
v 1.500000 0.750000 0.100000
v 1.500000 0.900000 0.000000
v 1.650000 0.900000 0.000000
v 1.650000 1.050000 0.000000
v 1.500000 1.050000 0.000000
v 1.500000 0.900000 0.100000
v 1.650000 0.900000 0.100000
v 1.650000 1.050000 0.100000
v 1.500000 1.050000 0.100000
v 1.500000 1.200000 0.000000
v 1.650000 1.200000 0.000000
v 1.650000 1.350000 0.000000
v 1.500000 1.350000 0.000000
v 1.500000 1.200000 0.100000
v 1.650000 1.200000 0.100000
v 1.650000 1.350000 0.100000
v 1.500000 1.350000 0.100000
v 1.500000 1.350000 0.000000
v 1.650000 1.350000 0.000000
v 1.650000 1.500000 0.000000
v 1.500000 1.500000 0.000000
v 1.500000 1.350000 0.100000
v 1.650000 1.350000 0.100000
v 1.650000 1.500000 0.100000
v 1.500000 1.500000 0.100000
v 1.500000 1.500000 0.000000
v 1.650000 1.500000 0.000000
v 1.650000 1.650000 0.000000
v 1.500000 1.650000 0.000000
v 1.500000 1.500000 0.100000
v 1.650000 1.500000 0.100000
v 1.650000 1.650000 0.100000
v 1.500000 1.650000 0.100000
v 1.500000 1.650000 0.000000
v 1.650000 1.650000 0.000000
v 1.650000 1.800000 0.000000
v 1.500000 1.800000 0.000000
v 1.500000 1.650000 0.100000
v 1.650000 1.650000 0.100000
v 1.650000 1.800000 0.100000
v 1.500000 1.800000 0.100000
v 1.500000 1.800000 0.000000
v 1.650000 1.800000 0.000000
v 1.650000 1.950000 0.000000
v 1.500000 1.950000 0.000000
v 1.500000 1.800000 0.100000
v 1.650000 1.800000 0.100000
v 1.650000 1.950000 0.100000
v 1.500000 1.950000 0.100000
v 1.500000 2.100000 0.000000
v 1.650000 2.100000 0.000000
v 1.650000 2.250000 0.000000
v 1.500000 2.250000 0.000000
v 1.500000 2.100000 0.100000
v 1.650000 2.100000 0.100000
v 1.650000 2.250000 0.100000
v 1.500000 2.250000 0.100000
v 1.500000 2.250000 0.000000
v 1.650000 2.250000 0.000000
v 1.650000 2.400000 0.000000
v 1.500000 2.400000 0.000000
v 1.500000 2.250000 0.100000
v 1.650000 2.250000 0.100000
v 1.650000 2.400000 0.100000
v 1.500000 2.400000 0.100000
v 1.500000 2.400000 0.000000
v 1.650000 2.400000 0.000000
v 1.650000 2.550000 0.000000
v 1.500000 2.550000 0.000000
v 1.500000 2.400000 0.100000
v 1.650000 2.400000 0.100000
v 1.650000 2.550000 0.100000
v 1.500000 2.550000 0.100000
v 1.500000 2.550000 0.000000
v 1.650000 2.550000 0.000000
v 1.650000 2.700000 0.000000
v 1.500000 2.700000 0.000000
v 1.500000 2.550000 0.100000
v 1.650000 2.550000 0.100000
v 1.650000 2.700000 0.100000
v 1.500000 2.700000 0.100000
v 1.500000 2.700000 0.000000
v 1.650000 2.700000 0.000000
v 1.650000 2.850000 0.000000
v 1.500000 2.850000 0.000000
v 1.500000 2.700000 0.100000
v 1.650000 2.700000 0.100000
v 1.650000 2.850000 0.100000
v 1.500000 2.850000 0.100000
v 1.500000 3.000000 0.000000
v 1.650000 3.000000 0.000000
v 1.650000 3.150000 0.000000
v 1.500000 3.150000 0.000000
v 1.500000 3.000000 0.100000
v 1.650000 3.000000 0.100000
v 1.650000 3.150000 0.100000
v 1.500000 3.150000 0.100000
v 1.650000 0.000000 0.000000
v 1.800000 0.000000 0.000000
v 1.800000 0.150000 0.000000
v 1.650000 0.150000 0.000000
v 1.650000 -0.000000 0.100000
v 1.800000 -0.000000 0.100000
v 1.800000 0.150000 0.100000
v 1.650000 0.150000 0.100000
v 1.650000 0.300000 0.000000
v 1.800000 0.300000 0.000000
v 1.800000 0.450000 0.000000
v 1.650000 0.450000 0.000000
v 1.650000 0.300000 0.100000
v 1.800000 0.300000 0.100000
v 1.800000 0.450000 0.100000
v 1.650000 0.450000 0.100000
v 1.650000 0.900000 0.000000
v 1.800000 0.900000 0.000000
v 1.800000 1.050000 0.000000
v 1.650000 1.050000 0.000000
v 1.650000 0.900000 0.100000
v 1.800000 0.900000 0.100000
v 1.800000 1.050000 0.100000
v 1.650000 1.050000 0.100000
v 1.650000 2.100000 0.000000
v 1.800000 2.100000 0.000000
v 1.800000 2.250000 0.000000
v 1.650000 2.250000 0.000000
v 1.650000 2.100000 0.100000
v 1.800000 2.100000 0.100000
v 1.800000 2.250000 0.100000
v 1.650000 2.250000 0.100000
v 1.650000 2.700000 0.000000
v 1.800000 2.700000 0.000000
v 1.800000 2.850000 0.000000
v 1.650000 2.850000 0.000000
v 1.650000 2.700000 0.100000
v 1.800000 2.700000 0.100000
v 1.800000 2.850000 0.100000
v 1.650000 2.850000 0.100000
v 1.650000 3.000000 0.000000
v 1.800000 3.000000 0.000000
v 1.800000 3.150000 0.000000
v 1.650000 3.150000 0.000000
v 1.650000 3.000000 0.100000
v 1.800000 3.000000 0.100000
v 1.800000 3.150000 0.100000
v 1.650000 3.150000 0.100000
v 1.800000 0.000000 0.000000
v 1.950000 0.000000 0.000000
v 1.950000 0.150000 0.000000
v 1.800000 0.150000 0.000000
v 1.800000 -0.000000 0.100000
v 1.950000 -0.000000 0.100000
v 1.950000 0.150000 0.100000
v 1.800000 0.150000 0.100000
v 1.800000 0.300000 0.000000
v 1.950000 0.300000 0.000000
v 1.950000 0.450000 0.000000
v 1.800000 0.450000 0.000000
v 1.800000 0.300000 0.100000
v 1.950000 0.300000 0.100000
v 1.950000 0.450000 0.100000
v 1.800000 0.450000 0.100000
v 1.800000 0.450000 0.000000
v 1.950000 0.450000 0.000000
v 1.950000 0.600000 0.000000
v 1.800000 0.600000 0.000000
v 1.800000 0.450000 0.100000
v 1.950000 0.450000 0.100000
v 1.950000 0.600000 0.100000
v 1.800000 0.600000 0.100000
v 1.800000 0.600000 0.000000
v 1.950000 0.600000 0.000000
v 1.950000 0.750000 0.000000
v 1.800000 0.750000 0.000000
v 1.800000 0.600000 0.100000
v 1.950000 0.600000 0.100000
v 1.950000 0.750000 0.100000
v 1.800000 0.750000 0.100000
v 1.800000 0.900000 0.000000
v 1.950000 0.900000 0.000000
v 1.950000 1.050000 0.000000
v 1.800000 1.050000 0.000000
v 1.800000 0.900000 0.100000
v 1.950000 0.900000 0.100000
v 1.950000 1.050000 0.100000
v 1.800000 1.050000 0.100000
v 1.800000 1.050000 0.000000
v 1.950000 1.050000 0.000000
v 1.950000 1.200000 0.000000
v 1.800000 1.200000 0.000000
v 1.800000 1.050000 0.100000
v 1.950000 1.050000 0.100000
v 1.950000 1.200000 0.100000
v 1.800000 1.200000 0.100000
v 1.800000 1.200000 0.000000
v 1.950000 1.200000 0.000000
v 1.950000 1.350000 0.000000
v 1.800000 1.350000 0.000000
v 1.800000 1.200000 0.100000
v 1.950000 1.200000 0.100000
v 1.950000 1.350000 0.100000
v 1.800000 1.350000 0.100000
v 1.800000 1.350000 0.000000
v 1.950000 1.350000 0.000000
v 1.950000 1.500000 0.000000
v 1.800000 1.500000 0.000000
v 1.800000 1.350000 0.100000
v 1.950000 1.350000 0.100000
v 1.950000 1.500000 0.100000
v 1.800000 1.500000 0.100000
v 1.800000 1.500000 0.000000
v 1.950000 1.500000 0.000000
v 1.950000 1.650000 0.000000
v 1.800000 1.650000 0.000000
v 1.800000 1.500000 0.100000
v 1.950000 1.500000 0.100000
v 1.950000 1.650000 0.100000
v 1.800000 1.650000 0.100000
v 1.800000 1.650000 0.000000
v 1.950000 1.650000 0.000000
v 1.950000 1.800000 0.000000
v 1.800000 1.800000 0.000000
v 1.800000 1.650000 0.100000
v 1.950000 1.650000 0.100000
v 1.950000 1.800000 0.100000
v 1.800000 1.800000 0.100000
v 1.800000 1.800000 0.000000
v 1.950000 1.800000 0.000000
v 1.950000 1.950000 0.000000
v 1.800000 1.950000 0.000000
v 1.800000 1.800000 0.100000
v 1.950000 1.800000 0.100000
v 1.950000 1.950000 0.100000
v 1.800000 1.950000 0.100000
v 1.800000 2.100000 0.000000
v 1.950000 2.100000 0.000000
v 1.950000 2.250000 0.000000
v 1.800000 2.250000 0.000000
v 1.800000 2.100000 0.100000
v 1.950000 2.100000 0.100000
v 1.950000 2.250000 0.100000
v 1.800000 2.250000 0.100000
v 1.800000 2.400000 0.000000
v 1.950000 2.400000 0.000000
v 1.950000 2.550000 0.000000
v 1.800000 2.550000 0.000000
v 1.800000 2.400000 0.100000
v 1.950000 2.400000 0.100000
v 1.950000 2.550000 0.100000
v 1.800000 2.550000 0.100000
v 1.800000 2.700000 0.000000
v 1.950000 2.700000 0.000000
v 1.950000 2.850000 0.000000
v 1.800000 2.850000 0.000000
v 1.800000 2.700000 0.100000
v 1.950000 2.700000 0.100000
v 1.950000 2.850000 0.100000
v 1.800000 2.850000 0.100000
v 1.800000 3.000000 0.000000
v 1.950000 3.000000 0.000000
v 1.950000 3.150000 0.000000
v 1.800000 3.150000 0.000000
v 1.800000 3.000000 0.100000
v 1.950000 3.000000 0.100000
v 1.950000 3.150000 0.100000
v 1.800000 3.150000 0.100000
v 1.950000 0.000000 0.000000
v 2.100000 0.000000 0.000000
v 2.100000 0.150000 0.000000
v 1.950000 0.150000 0.000000
v 1.950000 -0.000000 0.100000
v 2.100000 -0.000000 0.100000
v 2.100000 0.150000 0.100000
v 1.950000 0.150000 0.100000
v 1.950000 0.900000 0.000000
v 2.100000 0.900000 0.000000
v 2.100000 1.050000 0.000000
v 1.950000 1.050000 0.000000
v 1.950000 0.900000 0.100000
v 2.100000 0.900000 0.100000
v 2.100000 1.050000 0.100000
v 1.950000 1.050000 0.100000
v 1.950000 1.800000 0.000000
v 2.100000 1.800000 0.000000
v 2.100000 1.950000 0.000000
v 1.950000 1.950000 0.000000
v 1.950000 1.800000 0.100000
v 2.100000 1.800000 0.100000
v 2.100000 1.950000 0.100000
v 1.950000 1.950000 0.100000
v 1.950000 2.100000 0.000000
v 2.100000 2.100000 0.000000
v 2.100000 2.250000 0.000000
v 1.950000 2.250000 0.000000
v 1.950000 2.100000 0.100000
v 2.100000 2.100000 0.100000
v 2.100000 2.250000 0.100000
v 1.950000 2.250000 0.100000
v 1.950000 2.400000 0.000000
v 2.100000 2.400000 0.000000
v 2.100000 2.550000 0.000000
v 1.950000 2.550000 0.000000
v 1.950000 2.400000 0.100000
v 2.100000 2.400000 0.100000
v 2.100000 2.550000 0.100000
v 1.950000 2.550000 0.100000
v 1.950000 2.700000 0.000000
v 2.100000 2.700000 0.000000
v 2.100000 2.850000 0.000000
v 1.950000 2.850000 0.000000
v 1.950000 2.700000 0.100000
v 2.100000 2.700000 0.100000
v 2.100000 2.850000 0.100000
v 1.950000 2.850000 0.100000
v 1.950000 3.000000 0.000000
v 2.100000 3.000000 0.000000
v 2.100000 3.150000 0.000000
v 1.950000 3.150000 0.000000
v 1.950000 3.000000 0.100000
v 2.100000 3.000000 0.100000
v 2.100000 3.150000 0.100000
v 1.950000 3.150000 0.100000
v 2.100000 0.000000 0.000000
v 2.250000 0.000000 0.000000
v 2.250000 0.150000 0.000000
v 2.100000 0.150000 0.000000
v 2.100000 -0.000000 0.100000
v 2.250000 -0.000000 0.100000
v 2.250000 0.150000 0.100000
v 2.100000 0.150000 0.100000
v 2.100000 0.300000 0.000000
v 2.250000 0.300000 0.000000
v 2.250000 0.450000 0.000000
v 2.100000 0.450000 0.000000
v 2.100000 0.300000 0.100000
v 2.250000 0.300000 0.100000
v 2.250000 0.450000 0.100000
v 2.100000 0.450000 0.100000
v 2.100000 0.450000 0.000000
v 2.250000 0.450000 0.000000
v 2.250000 0.600000 0.000000
v 2.100000 0.600000 0.000000
v 2.100000 0.450000 0.100000
v 2.250000 0.450000 0.100000
v 2.250000 0.600000 0.100000
v 2.100000 0.600000 0.100000
v 2.100000 0.600000 0.000000
v 2.250000 0.600000 0.000000
v 2.250000 0.750000 0.000000
v 2.100000 0.750000 0.000000
v 2.100000 0.600000 0.100000
v 2.250000 0.600000 0.100000
v 2.250000 0.750000 0.100000
v 2.100000 0.750000 0.100000
v 2.100000 0.750000 0.000000
v 2.250000 0.750000 0.000000
v 2.250000 0.900000 0.000000
v 2.100000 0.900000 0.000000
v 2.100000 0.750000 0.100000
v 2.250000 0.750000 0.100000
v 2.250000 0.900000 0.100000
v 2.100000 0.900000 0.100000
v 2.100000 0.900000 0.000000
v 2.250000 0.900000 0.000000
v 2.250000 1.050000 0.000000
v 2.100000 1.050000 0.000000
v 2.100000 0.900000 0.100000
v 2.250000 0.900000 0.100000
v 2.250000 1.050000 0.100000
v 2.100000 1.050000 0.100000
v 2.100000 1.200000 0.000000
v 2.250000 1.200000 0.000000
v 2.250000 1.350000 0.000000
v 2.100000 1.350000 0.000000
v 2.100000 1.200000 0.100000
v 2.250000 1.200000 0.100000
v 2.250000 1.350000 0.100000
v 2.100000 1.350000 0.100000
v 2.100000 1.500000 0.000000
v 2.250000 1.500000 0.000000
v 2.250000 1.650000 0.000000
v 2.100000 1.650000 0.000000
v 2.100000 1.500000 0.100000
v 2.250000 1.500000 0.100000
v 2.250000 1.650000 0.100000
v 2.100000 1.650000 0.100000
v 2.100000 1.800000 0.000000
v 2.250000 1.800000 0.000000
v 2.250000 1.950000 0.000000
v 2.100000 1.950000 0.000000
v 2.100000 1.800000 0.100000
v 2.250000 1.800000 0.100000
v 2.250000 1.950000 0.100000
v 2.100000 1.950000 0.100000
v 2.100000 1.950000 0.000000
v 2.250000 1.950000 0.000000
v 2.250000 2.100000 0.000000
v 2.100000 2.100000 0.000000
v 2.100000 1.950000 0.100000
v 2.250000 1.950000 0.100000
v 2.250000 2.100000 0.100000
v 2.100000 2.100000 0.100000
v 2.100000 2.100000 0.000000
v 2.250000 2.100000 0.000000
v 2.250000 2.250000 0.000000
v 2.100000 2.250000 0.000000
v 2.100000 2.100000 0.100000
v 2.250000 2.100000 0.100000
v 2.250000 2.250000 0.100000
v 2.100000 2.250000 0.100000
v 2.100000 2.400000 0.000000
v 2.250000 2.400000 0.000000
v 2.250000 2.550000 0.000000
v 2.100000 2.550000 0.000000
v 2.100000 2.400000 0.100000
v 2.250000 2.400000 0.100000
v 2.250000 2.550000 0.100000
v 2.100000 2.550000 0.100000
v 2.100000 2.700000 0.000000
v 2.250000 2.700000 0.000000
v 2.250000 2.850000 0.000000
v 2.100000 2.850000 0.000000
v 2.100000 2.700000 0.100000
v 2.250000 2.700000 0.100000
v 2.250000 2.850000 0.100000
v 2.100000 2.850000 0.100000
v 2.100000 3.000000 0.000000
v 2.250000 3.000000 0.000000
v 2.250000 3.150000 0.000000
v 2.100000 3.150000 0.000000
v 2.100000 3.000000 0.100000
v 2.250000 3.000000 0.100000
v 2.250000 3.150000 0.100000
v 2.100000 3.150000 0.100000
v 2.250000 0.000000 0.000000
v 2.400000 0.000000 0.000000
v 2.400000 0.150000 0.000000
v 2.250000 0.150000 0.000000
v 2.250000 -0.000000 0.100000
v 2.400000 -0.000000 0.100000
v 2.400000 0.150000 0.100000
v 2.250000 0.150000 0.100000
v 2.250000 0.300000 0.000000
v 2.400000 0.300000 0.000000
v 2.400000 0.450000 0.000000
v 2.250000 0.450000 0.000000
v 2.250000 0.300000 0.100000
v 2.400000 0.300000 0.100000
v 2.400000 0.450000 0.100000
v 2.250000 0.450000 0.100000
v 2.250000 1.200000 0.000000
v 2.400000 1.200000 0.000000
v 2.400000 1.350000 0.000000
v 2.250000 1.350000 0.000000
v 2.250000 1.200000 0.100000
v 2.400000 1.200000 0.100000
v 2.400000 1.350000 0.100000
v 2.250000 1.350000 0.100000
v 2.250000 2.100000 0.000000
v 2.400000 2.100000 0.000000
v 2.400000 2.250000 0.000000
v 2.250000 2.250000 0.000000
v 2.250000 2.100000 0.100000
v 2.400000 2.100000 0.100000
v 2.400000 2.250000 0.100000
v 2.250000 2.250000 0.100000
v 2.250000 2.400000 0.000000
v 2.400000 2.400000 0.000000
v 2.400000 2.550000 0.000000
v 2.250000 2.550000 0.000000
v 2.250000 2.400000 0.100000
v 2.400000 2.400000 0.100000
v 2.400000 2.550000 0.100000
v 2.250000 2.550000 0.100000
v 2.250000 3.000000 0.000000
v 2.400000 3.000000 0.000000
v 2.400000 3.150000 0.000000
v 2.250000 3.150000 0.000000
v 2.250000 3.000000 0.100000
v 2.400000 3.000000 0.100000
v 2.400000 3.150000 0.100000
v 2.250000 3.150000 0.100000
v 2.400000 0.000000 0.000000
v 2.550000 0.000000 0.000000
v 2.550000 0.150000 0.000000
v 2.400000 0.150000 0.000000
v 2.400000 -0.000000 0.100000
v 2.550000 -0.000000 0.100000
v 2.550000 0.150000 0.100000
v 2.400000 0.150000 0.100000
v 2.400000 0.300000 0.000000
v 2.550000 0.300000 0.000000
v 2.550000 0.450000 0.000000
v 2.400000 0.450000 0.000000
v 2.400000 0.300000 0.100000
v 2.550000 0.300000 0.100000
v 2.550000 0.450000 0.100000
v 2.400000 0.450000 0.100000
v 2.400000 0.600000 0.000000
v 2.550000 0.600000 0.000000
v 2.550000 0.750000 0.000000
v 2.400000 0.750000 0.000000
v 2.400000 0.600000 0.100000
v 2.550000 0.600000 0.100000
v 2.550000 0.750000 0.100000
v 2.400000 0.750000 0.100000
v 2.400000 0.750000 0.000000
v 2.550000 0.750000 0.000000
v 2.550000 0.900000 0.000000
v 2.400000 0.900000 0.000000
v 2.400000 0.750000 0.100000
v 2.550000 0.750000 0.100000
v 2.550000 0.900000 0.100000
v 2.400000 0.900000 0.100000
v 2.400000 0.900000 0.000000
v 2.550000 0.900000 0.000000
v 2.550000 1.050000 0.000000
v 2.400000 1.050000 0.000000
v 2.400000 0.900000 0.100000
v 2.550000 0.900000 0.100000
v 2.550000 1.050000 0.100000
v 2.400000 1.050000 0.100000
v 2.400000 1.050000 0.000000
v 2.550000 1.050000 0.000000
v 2.550000 1.200000 0.000000
v 2.400000 1.200000 0.000000
v 2.400000 1.050000 0.100000
v 2.550000 1.050000 0.100000
v 2.550000 1.200000 0.100000
v 2.400000 1.200000 0.100000
v 2.400000 1.200000 0.000000
v 2.550000 1.200000 0.000000
v 2.550000 1.350000 0.000000
v 2.400000 1.350000 0.000000
v 2.400000 1.200000 0.100000
v 2.550000 1.200000 0.100000
v 2.550000 1.350000 0.100000
v 2.400000 1.350000 0.100000
v 2.400000 1.350000 0.000000
v 2.550000 1.350000 0.000000
v 2.550000 1.500000 0.000000
v 2.400000 1.500000 0.000000
v 2.400000 1.350000 0.100000
v 2.550000 1.350000 0.100000
v 2.550000 1.500000 0.100000
v 2.400000 1.500000 0.100000
v 2.400000 1.500000 0.000000
v 2.550000 1.500000 0.000000
v 2.550000 1.650000 0.000000
v 2.400000 1.650000 0.000000
v 2.400000 1.500000 0.100000
v 2.550000 1.500000 0.100000
v 2.550000 1.650000 0.100000
v 2.400000 1.650000 0.100000
v 2.400000 1.650000 0.000000
v 2.550000 1.650000 0.000000
v 2.550000 1.800000 0.000000
v 2.400000 1.800000 0.000000
v 2.400000 1.650000 0.100000
v 2.550000 1.650000 0.100000
v 2.550000 1.800000 0.100000
v 2.400000 1.800000 0.100000
v 2.400000 1.800000 0.000000
v 2.550000 1.800000 0.000000
v 2.550000 1.950000 0.000000
v 2.400000 1.950000 0.000000
v 2.400000 1.800000 0.100000
v 2.550000 1.800000 0.100000
v 2.550000 1.950000 0.100000
v 2.400000 1.950000 0.100000
v 2.400000 2.100000 0.000000
v 2.550000 2.100000 0.000000
v 2.550000 2.250000 0.000000
v 2.400000 2.250000 0.000000
v 2.400000 2.100000 0.100000
v 2.550000 2.100000 0.100000
v 2.550000 2.250000 0.100000
v 2.400000 2.250000 0.100000
v 2.400000 2.400000 0.000000
v 2.550000 2.400000 0.000000
v 2.550000 2.550000 0.000000
v 2.400000 2.550000 0.000000
v 2.400000 2.400000 0.100000
v 2.550000 2.400000 0.100000
v 2.550000 2.550000 0.100000
v 2.400000 2.550000 0.100000
v 2.400000 2.550000 0.000000
v 2.550000 2.550000 0.000000
v 2.550000 2.700000 0.000000
v 2.400000 2.700000 0.000000
v 2.400000 2.550000 0.100000
v 2.550000 2.550000 0.100000
v 2.550000 2.700000 0.100000
v 2.400000 2.700000 0.100000
v 2.400000 2.700000 0.000000
v 2.550000 2.700000 0.000000
v 2.550000 2.850000 0.000000
v 2.400000 2.850000 0.000000
v 2.400000 2.700000 0.100000
v 2.550000 2.700000 0.100000
v 2.550000 2.850000 0.100000
v 2.400000 2.850000 0.100000
v 2.400000 3.000000 0.000000
v 2.550000 3.000000 0.000000
v 2.550000 3.150000 0.000000
v 2.400000 3.150000 0.000000
v 2.400000 3.000000 0.100000
v 2.550000 3.000000 0.100000
v 2.550000 3.150000 0.100000
v 2.400000 3.150000 0.100000
v 2.550000 0.000000 0.000000
v 2.700000 0.000000 0.000000
v 2.700000 0.150000 0.000000
v 2.550000 0.150000 0.000000
v 2.550000 -0.000000 0.100000
v 2.700000 -0.000000 0.100000
v 2.700000 0.150000 0.100000
v 2.550000 0.150000 0.100000
v 2.550000 0.300000 0.000000
v 2.700000 0.300000 0.000000
v 2.700000 0.450000 0.000000
v 2.550000 0.450000 0.000000
v 2.550000 0.300000 0.100000
v 2.700000 0.300000 0.100000
v 2.700000 0.450000 0.100000
v 2.550000 0.450000 0.100000
v 2.550000 1.800000 0.000000
v 2.700000 1.800000 0.000000
v 2.700000 1.950000 0.000000
v 2.550000 1.950000 0.000000
v 2.550000 1.800000 0.100000
v 2.700000 1.800000 0.100000
v 2.700000 1.950000 0.100000
v 2.550000 1.950000 0.100000
v 2.550000 2.400000 0.000000
v 2.700000 2.400000 0.000000
v 2.700000 2.550000 0.000000
v 2.550000 2.550000 0.000000
v 2.550000 2.400000 0.100000
v 2.700000 2.400000 0.100000
v 2.700000 2.550000 0.100000
v 2.550000 2.550000 0.100000
v 2.550000 2.700000 0.000000
v 2.700000 2.700000 0.000000
v 2.700000 2.850000 0.000000
v 2.550000 2.850000 0.000000
v 2.550000 2.700000 0.100000
v 2.700000 2.700000 0.100000
v 2.700000 2.850000 0.100000
v 2.550000 2.850000 0.100000
v 2.550000 3.000000 0.000000
v 2.700000 3.000000 0.000000
v 2.700000 3.150000 0.000000
v 2.550000 3.150000 0.000000
v 2.550000 3.000000 0.100000
v 2.700000 3.000000 0.100000
v 2.700000 3.150000 0.100000
v 2.550000 3.150000 0.100000
v 2.700000 0.000000 0.000000
v 2.850000 0.000000 0.000000
v 2.850000 0.150000 0.000000
v 2.700000 0.150000 0.000000
v 2.700000 -0.000000 0.100000
v 2.850000 -0.000000 0.100000
v 2.850000 0.150000 0.100000
v 2.700000 0.150000 0.100000
v 2.700000 0.300000 0.000000
v 2.850000 0.300000 0.000000
v 2.850000 0.450000 0.000000
v 2.700000 0.450000 0.000000
v 2.700000 0.300000 0.100000
v 2.850000 0.300000 0.100000
v 2.850000 0.450000 0.100000
v 2.700000 0.450000 0.100000
v 2.700000 0.450000 0.000000
v 2.850000 0.450000 0.000000
v 2.850000 0.600000 0.000000
v 2.700000 0.600000 0.000000
v 2.700000 0.450000 0.100000
v 2.850000 0.450000 0.100000
v 2.850000 0.600000 0.100000
v 2.700000 0.600000 0.100000
v 2.700000 0.600000 0.000000
v 2.850000 0.600000 0.000000
v 2.850000 0.750000 0.000000
v 2.700000 0.750000 0.000000
v 2.700000 0.600000 0.100000
v 2.850000 0.600000 0.100000
v 2.850000 0.750000 0.100000
v 2.700000 0.750000 0.100000
v 2.700000 0.750000 0.000000
v 2.850000 0.750000 0.000000
v 2.850000 0.900000 0.000000
v 2.700000 0.900000 0.000000
v 2.700000 0.750000 0.100000
v 2.850000 0.750000 0.100000
v 2.850000 0.900000 0.100000
v 2.700000 0.900000 0.100000
v 2.700000 0.900000 0.000000
v 2.850000 0.900000 0.000000
v 2.850000 1.050000 0.000000
v 2.700000 1.050000 0.000000
v 2.700000 0.900000 0.100000
v 2.850000 0.900000 0.100000
v 2.850000 1.050000 0.100000
v 2.700000 1.050000 0.100000
v 2.700000 1.050000 0.000000
v 2.850000 1.050000 0.000000
v 2.850000 1.200000 0.000000
v 2.700000 1.200000 0.000000
v 2.700000 1.050000 0.100000
v 2.850000 1.050000 0.100000
v 2.850000 1.200000 0.100000
v 2.700000 1.200000 0.100000
v 2.700000 1.200000 0.000000
v 2.850000 1.200000 0.000000
v 2.850000 1.350000 0.000000
v 2.700000 1.350000 0.000000
v 2.700000 1.200000 0.100000
v 2.850000 1.200000 0.100000
v 2.850000 1.350000 0.100000
v 2.700000 1.350000 0.100000
v 2.700000 1.350000 0.000000
v 2.850000 1.350000 0.000000
v 2.850000 1.500000 0.000000
v 2.700000 1.500000 0.000000
v 2.700000 1.350000 0.100000
v 2.850000 1.350000 0.100000
v 2.850000 1.500000 0.100000
v 2.700000 1.500000 0.100000
v 2.700000 1.500000 0.000000
v 2.850000 1.500000 0.000000
v 2.850000 1.650000 0.000000
v 2.700000 1.650000 0.000000
v 2.700000 1.500000 0.100000
v 2.850000 1.500000 0.100000
v 2.850000 1.650000 0.100000
v 2.700000 1.650000 0.100000
v 2.700000 1.800000 0.000000
v 2.850000 1.800000 0.000000
v 2.850000 1.950000 0.000000
v 2.700000 1.950000 0.000000
v 2.700000 1.800000 0.100000
v 2.850000 1.800000 0.100000
v 2.850000 1.950000 0.100000
v 2.700000 1.950000 0.100000
v 2.700000 1.950000 0.000000
v 2.850000 1.950000 0.000000
v 2.850000 2.100000 0.000000
v 2.700000 2.100000 0.000000
v 2.700000 1.950000 0.100000
v 2.850000 1.950000 0.100000
v 2.850000 2.100000 0.100000
v 2.700000 2.100000 0.100000
v 2.700000 2.100000 0.000000
v 2.850000 2.100000 0.000000
v 2.850000 2.250000 0.000000
v 2.700000 2.250000 0.000000
v 2.700000 2.100000 0.100000
v 2.850000 2.100000 0.100000
v 2.850000 2.250000 0.100000
v 2.700000 2.250000 0.100000
v 2.700000 2.250000 0.000000
v 2.850000 2.250000 0.000000
v 2.850000 2.400000 0.000000
v 2.700000 2.400000 0.000000
v 2.700000 2.250000 0.100000
v 2.850000 2.250000 0.100000
v 2.850000 2.400000 0.100000
v 2.700000 2.400000 0.100000
v 2.700000 2.400000 0.000000
v 2.850000 2.400000 0.000000
v 2.850000 2.550000 0.000000
v 2.700000 2.550000 0.000000
v 2.700000 2.400000 0.100000
v 2.850000 2.400000 0.100000
v 2.850000 2.550000 0.100000
v 2.700000 2.550000 0.100000
v 2.700000 2.700000 0.000000
v 2.850000 2.700000 0.000000
v 2.850000 2.850000 0.000000
v 2.700000 2.850000 0.000000
v 2.700000 2.700000 0.100000
v 2.850000 2.700000 0.100000
v 2.850000 2.850000 0.100000
v 2.700000 2.850000 0.100000
v 2.700000 3.000000 0.000000
v 2.850000 3.000000 0.000000
v 2.850000 3.150000 0.000000
v 2.700000 3.150000 0.000000
v 2.700000 3.000000 0.100000
v 2.850000 3.000000 0.100000
v 2.850000 3.150000 0.100000
v 2.700000 3.150000 0.100000
v 2.850000 0.000000 0.000000
v 3.000000 0.000000 0.000000
v 3.000000 0.150000 0.000000
v 2.850000 0.150000 0.000000
v 2.850000 -0.000000 0.100000
v 3.000000 -0.000000 0.100000
v 3.000000 0.150000 0.100000
v 2.850000 0.150000 0.100000
v 2.850000 1.800000 0.000000
v 3.000000 1.800000 0.000000
v 3.000000 1.950000 0.000000
v 2.850000 1.950000 0.000000
v 2.850000 1.800000 0.100000
v 3.000000 1.800000 0.100000
v 3.000000 1.950000 0.100000
v 2.850000 1.950000 0.100000
v 3.000000 0.000000 0.000000
v 3.150000 0.000000 0.000000
v 3.150000 0.150000 0.000000
v 3.000000 0.150000 0.000000
v 3.000000 -0.000000 0.100000
v 3.150000 -0.000000 0.100000
v 3.150000 0.150000 0.100000
v 3.000000 0.150000 0.100000
v 3.000000 0.150000 0.000000
v 3.150000 0.150000 0.000000
v 3.150000 0.300000 0.000000
v 3.000000 0.300000 0.000000
v 3.000000 0.150000 0.100000
v 3.150000 0.150000 0.100000
v 3.150000 0.300000 0.100000
v 3.000000 0.300000 0.100000
v 3.000000 0.300000 0.000000
v 3.150000 0.300000 0.000000
v 3.150000 0.450000 0.000000
v 3.000000 0.450000 0.000000
v 3.000000 0.300000 0.100000
v 3.150000 0.300000 0.100000
v 3.150000 0.450000 0.100000
v 3.000000 0.450000 0.100000
v 3.000000 0.450000 0.000000
v 3.150000 0.450000 0.000000
v 3.150000 0.600000 0.000000
v 3.000000 0.600000 0.000000
v 3.000000 0.450000 0.100000
v 3.150000 0.450000 0.100000
v 3.150000 0.600000 0.100000
v 3.000000 0.600000 0.100000
v 3.000000 0.600000 0.000000
v 3.150000 0.600000 0.000000
v 3.150000 0.750000 0.000000
v 3.000000 0.750000 0.000000
v 3.000000 0.600000 0.100000
v 3.150000 0.600000 0.100000
v 3.150000 0.750000 0.100000
v 3.000000 0.750000 0.100000
v 3.000000 0.750000 0.000000
v 3.150000 0.750000 0.000000
v 3.150000 0.900000 0.000000
v 3.000000 0.900000 0.000000
v 3.000000 0.750000 0.100000
v 3.150000 0.750000 0.100000
v 3.150000 0.900000 0.100000
v 3.000000 0.900000 0.100000
v 3.000000 0.900000 0.000000
v 3.150000 0.900000 0.000000
v 3.150000 1.050000 0.000000
v 3.000000 1.050000 0.000000
v 3.000000 0.900000 0.100000
v 3.150000 0.900000 0.100000
v 3.150000 1.050000 0.100000
v 3.000000 1.050000 0.100000
v 3.000000 1.050000 0.000000
v 3.150000 1.050000 0.000000
v 3.150000 1.200000 0.000000
v 3.000000 1.200000 0.000000
v 3.000000 1.050000 0.100000
v 3.150000 1.050000 0.100000
v 3.150000 1.200000 0.100000
v 3.000000 1.200000 0.100000
v 3.000000 1.200000 0.000000
v 3.150000 1.200000 0.000000
v 3.150000 1.350000 0.000000
v 3.000000 1.350000 0.000000
v 3.000000 1.200000 0.100000
v 3.150000 1.200000 0.100000
v 3.150000 1.350000 0.100000
v 3.000000 1.350000 0.100000
v 3.000000 1.350000 0.000000
v 3.150000 1.350000 0.000000
v 3.150000 1.500000 0.000000
v 3.000000 1.500000 0.000000
v 3.000000 1.350000 0.100000
v 3.150000 1.350000 0.100000
v 3.150000 1.500000 0.100000
v 3.000000 1.500000 0.100000
v 3.000000 1.500000 0.000000
v 3.150000 1.500000 0.000000
v 3.150000 1.650000 0.000000
v 3.000000 1.650000 0.000000
v 3.000000 1.500000 0.100000
v 3.150000 1.500000 0.100000
v 3.150000 1.650000 0.100000
v 3.000000 1.650000 0.100000
v 3.000000 1.650000 0.000000
v 3.150000 1.650000 0.000000
v 3.150000 1.800000 0.000000
v 3.000000 1.800000 0.000000
v 3.000000 1.650000 0.100000
v 3.150000 1.650000 0.100000
v 3.150000 1.800000 0.100000
v 3.000000 1.800000 0.100000
v 3.000000 1.800000 0.000000
v 3.150000 1.800000 0.000000
v 3.150000 1.950000 0.000000
v 3.000000 1.950000 0.000000
v 3.000000 1.800000 0.100000
v 3.150000 1.800000 0.100000
v 3.150000 1.950000 0.100000
v 3.000000 1.950000 0.100000
v 3.000000 1.950000 0.000000
v 3.150000 1.950000 0.000000
v 3.150000 2.100000 0.000000
v 3.000000 2.100000 0.000000
v 3.000000 1.950000 0.100000
v 3.150000 1.950000 0.100000
v 3.150000 2.100000 0.100000
v 3.000000 2.100000 0.100000
v 3.000000 2.100000 0.000000
v 3.150000 2.100000 0.000000
v 3.150000 2.250000 0.000000
v 3.000000 2.250000 0.000000
v 3.000000 2.100000 0.100000
v 3.150000 2.100000 0.100000
v 3.150000 2.250000 0.100000
v 3.000000 2.250000 0.100000
v 3.000000 2.250000 0.000000
v 3.150000 2.250000 0.000000
v 3.150000 2.400000 0.000000
v 3.000000 2.400000 0.000000
v 3.000000 2.250000 0.100000
v 3.150000 2.250000 0.100000
v 3.150000 2.400000 0.100000
v 3.000000 2.400000 0.100000
v 3.000000 2.400000 0.000000
v 3.150000 2.400000 0.000000
v 3.150000 2.550000 0.000000
v 3.000000 2.550000 0.000000
v 3.000000 2.400000 0.100000
v 3.150000 2.400000 0.100000
v 3.150000 2.550000 0.100000
v 3.000000 2.550000 0.100000
v 3.000000 2.550000 0.000000
v 3.150000 2.550000 0.000000
v 3.150000 2.700000 0.000000
v 3.000000 2.700000 0.000000
v 3.000000 2.550000 0.100000
v 3.150000 2.550000 0.100000
v 3.150000 2.700000 0.100000
v 3.000000 2.700000 0.100000
v 3.000000 2.700000 0.000000
v 3.150000 2.700000 0.000000
v 3.150000 2.850000 0.000000
v 3.000000 2.850000 0.000000
v 3.000000 2.700000 0.100000
v 3.150000 2.700000 0.100000
v 3.150000 2.850000 0.100000
v 3.000000 2.850000 0.100000
v 3.000000 2.850000 0.000000
v 3.150000 2.850000 0.000000
v 3.150000 3.000000 0.000000
v 3.000000 3.000000 0.000000
v 3.000000 2.850000 0.100000
v 3.150000 2.850000 0.100000
v 3.150000 3.000000 0.100000
v 3.000000 3.000000 0.100000
v 3.000000 3.000000 0.000000
v 3.150000 3.000000 0.000000
v 3.150000 3.150000 0.000000
v 3.000000 3.150000 0.000000
v 3.000000 3.000000 0.100000
v 3.150000 3.000000 0.100000
v 3.150000 3.150000 0.100000
v 3.000000 3.150000 0.100000
vn -0.0000 -0.0000 1.0000
vn -0.0000 -0.0000 -1.0000
vn -0.0000 -1.0000 -0.0000
vn -0.0000 1.0000 -0.0000
vn -1.0000 -0.0000 -0.0000
vn 1.0000 -0.0000 -0.0000
vt -4.750000 -4.750000
vt 5.750000 -4.750000
vt 5.750000 5.750000
vt -4.750000 5.750000
vt -4.743608 -4.247867
vt -4.243608 -4.247867
vt -4.243608 -4.747867
vt -4.743608 -4.747867
vt -4.743608 0.333334
vt -4.243608 0.333334
vt -4.243608 0.666668
vt -4.743608 0.666668
vt -3.743608 -4.747867
vt -3.743608 0.333334
vt -4.247867 0.333334
vt -4.747867 0.333334
vt -4.747867 0.666668
vt -4.247867 0.666668
vt -4.743608 -3.747866
vt -4.243608 -3.747866
vt -3.747866 0.333334
vt -3.747866 0.666668
vt -4.743608 -3.247866
vt -4.243608 -3.247866
vt -3.247866 0.333334
vt -3.247866 0.666668
vt -4.743608 -2.747866
vt -4.243608 -2.747866
vt -2.747866 0.333334
vt -2.747866 0.666668
vt -4.743608 -2.247867
vt -4.243608 -2.247867
vt -2.247867 0.333334
vt -2.247867 0.666668
vt -4.743608 -1.747866
vt -4.243608 -1.747866
vt -1.747866 0.333334
vt -1.747866 0.666668
vt -4.743608 -1.247866
vt -4.243608 -1.247866
vt -1.247866 0.333334
vt -1.247866 0.666668
vt -4.743608 -0.747867
vt -4.243608 -0.747867
vt -0.747867 0.333334
vt -0.747867 0.666668
vt -4.743608 -0.247867
vt -4.243608 -0.247867
vt -0.247867 0.333334
vt -0.247867 0.666668
vt -4.743608 0.252133
vt -4.243608 0.252133
vt 0.252133 0.333334
vt 0.252133 0.666668
vt -4.743608 0.752134
vt -4.243608 0.752134
vt 0.752134 0.333334
vt 0.752134 0.666668
vt -4.743608 1.252133
vt -4.243608 1.252133
vt 1.252133 0.333334
vt 1.252133 0.666668
vt -4.743608 1.752133
vt -4.243608 1.752133
vt 1.752133 0.333334
vt 1.752133 0.666668
vt -4.743608 2.252134
vt -4.243608 2.252134
vt 2.252134 0.333334
vt 2.252134 0.666668
vt -4.743608 2.752133
vt -4.243608 2.752133
vt 2.752133 0.333334
vt 2.752133 0.666668
vt -4.743608 3.252134
vt -4.243608 3.252134
vt 3.252134 0.333334
vt 3.252134 0.666668
vt -4.743608 3.752134
vt -4.243608 3.752134
vt 3.752134 0.333334
vt 3.752134 0.666668
vt -4.743608 4.252133
vt -4.243608 4.252133
vt 4.252133 0.333334
vt 4.252133 0.666668
vt -4.743608 4.752133
vt -4.243608 4.752133
vt 4.752133 0.333334
vt 4.752133 0.666668
vt -4.743608 5.252133
vt -4.243608 5.252133
vt 5.252133 0.333334
vt 5.252133 0.666668
vt -4.743608 5.752133
vt -4.243608 5.752133
vt 5.752133 0.333334
vt 5.752133 0.666668
vt -3.743608 -1.247866
vt -3.743608 -1.747866
vt -3.743608 0.666668
vt -3.743608 3.752134
vt -3.743608 3.252134
vt -3.743608 5.752133
vt -3.743608 5.252133
vt -3.743608 -4.247867
vt -3.243608 -4.247867
vt -3.243608 -4.747867
vt -3.243608 0.333334
vt -3.243608 0.666668
vt 0.000000 0.000000
vt -3.743608 -3.747866
vt -3.243608 -3.747866
vt -3.743608 -3.247866
vt -3.243608 -3.247866
vt -3.743608 -2.747866
vt -3.243608 -2.747866
vt -3.743608 -2.247867
vt -3.243608 -2.247867
vt -3.243608 -1.247866
vt -3.243608 -1.747866
vt -3.743608 -0.247867
vt -3.243608 -0.247867
vt -3.243608 -0.747867
vt -3.743608 -0.747867
vt -3.743608 0.252133
vt -3.243608 0.252133
vt -3.743608 0.752134
vt -3.243608 0.752134
vt -3.743608 1.252133
vt -3.243608 1.252133
vt -3.743608 1.752133
vt -3.243608 1.752133
vt -3.743608 2.252134
vt -3.243608 2.252134
vt -3.743608 2.752133
vt -3.243608 2.752133
vt -3.243608 3.752134
vt -3.243608 3.252134
vt -3.743608 4.252133
vt -3.243608 4.252133
vt -3.743608 4.752133
vt -3.243608 4.752133
vt -3.243608 5.752133
vt -3.243608 5.252133
vt -2.743608 -4.247867
vt -2.743608 -4.747867
vt -2.743608 0.333334
vt -2.743608 0.666668
vt -2.743608 -2.247867
vt -2.743608 -2.747866
vt -2.743608 -1.247866
vt -2.743608 -1.747866
vt -2.743608 -0.247867
vt -2.743608 -0.747867
vt -2.743608 5.752133
vt -2.743608 5.252133
vt -2.243608 -4.247867
vt -2.243608 -4.747867
vt -2.243608 0.333334
vt -2.243608 0.666668
vt -2.743608 -3.247866
vt -2.243608 -3.247866
vt -2.243608 -3.747866
vt -2.743608 -3.747866
vt -2.243608 -2.747866
vt -2.243608 -2.247867
vt -2.243608 -1.247866
vt -2.243608 -1.747866
vt -2.243608 -0.247867
vt -2.243608 -0.747867
vt -2.743608 0.252133
vt -2.243608 0.252133
vt -2.743608 0.752134
vt -2.243608 0.752134
vt -2.743608 1.252133
vt -2.243608 1.252133
vt -2.743608 1.752133
vt -2.243608 1.752133
vt -2.743608 2.252134
vt -2.243608 2.252134
vt -2.743608 2.752133
vt -2.243608 2.752133
vt -2.743608 3.752134
vt -2.243608 3.752134
vt -2.243608 3.252134
vt -2.743608 3.252134
vt -2.743608 4.252133
vt -2.243608 4.252133
vt -2.743608 4.752133
vt -2.243608 4.752133
vt -2.243608 5.752133
vt -2.243608 5.252133
vt -1.743608 -4.247867
vt -1.743608 -4.747867
vt -1.743608 0.333334
vt -1.743608 0.666668
vt -1.743608 -1.247866
vt -1.743608 -1.747866
vt -1.743608 0.752134
vt -1.743608 0.252133
vt -1.743608 2.752133
vt -1.743608 2.252134
vt -1.743608 4.752133
vt -1.743608 4.252133
vt -1.743608 5.752133
vt -1.743608 5.252133
vt -1.243607 -4.247867
vt -1.243607 -4.747867
vt -1.243607 0.333334
vt -1.243607 0.666668
vt -1.743608 -3.247866
vt -1.243607 -3.247866
vt -1.243607 -3.747866
vt -1.743608 -3.747866
vt -1.743608 -2.747866
vt -1.243607 -2.747866
vt -1.743608 -2.247867
vt -1.243607 -2.247867
vt -1.243607 -1.747866
vt -1.243607 -1.247866
vt -1.743608 -0.747867
vt -1.243607 -0.747867
vt -1.743608 -0.247867
vt -1.243607 -0.247867
vt -1.243607 0.752134
vt -1.243607 0.252133
vt -1.743608 1.752133
vt -1.243607 1.752133
vt -1.243607 1.252133
vt -1.743608 1.252133
vt -1.243607 2.752133
vt -1.243607 2.252134
vt -1.743608 3.252134
vt -1.243607 3.252134
vt -1.743608 3.752134
vt -1.243607 3.752134
vt -1.243607 4.752133
vt -1.243607 4.252133
vt -1.243607 5.752133
vt -1.243607 5.252133
vt -0.743608 -4.247867
vt -0.743608 -4.747867
vt -0.743608 0.333334
vt -0.743608 0.666668
vt -0.743608 -2.247867
vt -0.743608 -2.747866
vt -0.743608 0.752134
vt -0.743608 0.252133
vt -0.743608 1.752133
vt -0.743608 1.252133
vt -0.743608 3.752134
vt -0.743608 3.252134
vt -0.743608 5.752133
vt -0.743608 5.252133
vt -0.243608 -4.247867
vt -0.243608 -4.747867
vt -0.243608 0.333334
vt -0.243608 0.666668
vt -0.743608 -3.747866
vt -0.243608 -3.747866
vt -0.743608 -3.247866
vt -0.243608 -3.247866
vt -0.243608 -2.247867
vt -0.243608 -2.747866
vt -0.743608 -1.247866
vt -0.243608 -1.247866
vt -0.243608 -1.747866
vt -0.743608 -1.747866
vt -0.743608 -0.247867
vt -0.243608 -0.247867
vt -0.243608 -0.747867
vt -0.743608 -0.747867
vt -0.243608 0.252133
vt -0.243608 0.752134
vt -0.243608 1.752133
vt -0.243608 1.252133
vt -0.743608 2.752133
vt -0.243608 2.752133
vt -0.243608 2.252134
vt -0.743608 2.252134
vt -0.243608 3.752134
vt -0.243608 3.252134
vt -0.743608 4.252133
vt -0.243608 4.252133
vt -0.743608 4.752133
vt -0.243608 4.752133
vt -0.243608 5.252133
vt -0.243608 5.752133
vt 0.256392 -4.247867
vt 0.256392 -4.747867
vt 0.256392 0.333334
vt 0.256392 0.666668
vt 0.256392 -2.247867
vt 0.256392 -2.747866
vt 0.256392 -1.247866
vt 0.256392 -1.747866
vt 0.256392 1.752133
vt 0.256392 1.252133
vt 0.256392 2.752133
vt 0.256392 2.252134
vt 0.256392 5.752133
vt 0.256392 5.252133
vt 0.756393 -4.247867
vt 0.756393 -4.747867
vt 0.756393 0.333334
vt 0.756393 0.666668
vt 0.256392 -3.247866
vt 0.756393 -3.247866
vt 0.756393 -3.747866
vt 0.256392 -3.747866
vt 0.756393 -2.247867
vt 0.756393 -2.747866
vt 0.756393 -1.247866
vt 0.756393 -1.747866
vt 0.256392 -0.247867
vt 0.756393 -0.247867
vt 0.756393 -0.747867
vt 0.256392 -0.747867
vt 0.256392 0.252133
vt 0.756393 0.252133
vt 0.256392 0.752134
vt 0.756393 0.752134
vt 0.756393 1.252133
vt 0.756393 1.752133
vt 0.756393 2.752133
vt 0.756393 2.252134
vt 0.256392 3.252134
vt 0.756393 3.252134
vt 0.256392 3.752134
vt 0.756393 3.752134
vt 0.256392 4.252133
vt 0.756393 4.252133
vt 0.256392 4.752133
vt 0.756393 4.752133
vt 0.756393 5.752133
vt 0.756393 5.252133
vt 1.256392 -4.247867
vt 1.256392 -4.747867
vt 1.256392 0.333334
vt 1.256392 0.666668
vt 1.256392 -3.247866
vt 1.256392 -3.747866
vt 1.256392 -1.247866
vt 1.256392 -1.747866
vt 1.256392 2.752133
vt 1.256392 2.252134
vt 1.256392 4.752133
vt 1.256392 4.252133
vt 1.256392 5.752133
vt 1.256392 5.252133
vt 1.756392 -4.247867
vt 1.756392 -4.747867
vt 1.756392 0.333334
vt 1.756392 0.666668
vt 1.756392 -3.247866
vt 1.756392 -3.747866
vt 1.256392 -2.747866
vt 1.756392 -2.747866
vt 1.256392 -2.247867
vt 1.756392 -2.247867
vt 1.756392 -1.247866
vt 1.756392 -1.747866
vt 1.256392 -0.747867
vt 1.756392 -0.747867
vt 1.256392 -0.247867
vt 1.756392 -0.247867
vt 1.256392 0.252133
vt 1.756392 0.252133
vt 1.256392 0.752134
vt 1.756392 0.752134
vt 1.256392 1.252133
vt 1.756392 1.252133
vt 1.256392 1.752133
vt 1.756392 1.752133
vt 1.756392 2.752133
vt 1.756392 2.252134
vt 1.256392 3.752134
vt 1.756392 3.752134
vt 1.756392 3.252134
vt 1.256392 3.252134
vt 1.756392 4.752133
vt 1.756392 4.252133
vt 1.756392 5.752133
vt 1.756392 5.252133
vt 2.256392 -4.247867
vt 2.256392 -4.747867
vt 2.256392 0.333334
vt 2.256392 0.666668
vt 2.256392 -1.247866
vt 2.256392 -1.747866
vt 2.256392 1.752133
vt 2.256392 1.252133
vt 2.256392 2.752133
vt 2.256392 2.252134
vt 2.256392 3.752134
vt 2.256392 3.252134
vt 2.256392 4.752133
vt 2.256392 4.252133
vt 2.256392 5.752133
vt 2.256392 5.252133
vt 2.756392 -4.247867
vt 2.756392 -4.747867
vt 2.756392 0.333334
vt 2.756392 0.666668
vt 2.256392 -3.247866
vt 2.756392 -3.247866
vt 2.756392 -3.747866
vt 2.256392 -3.747866
vt 2.256392 -2.747866
vt 2.756392 -2.747866
vt 2.256392 -2.247867
vt 2.756392 -2.247867
vt 2.756392 -1.747866
vt 2.756392 -1.247866
vt 2.256392 -0.247867
vt 2.756392 -0.247867
vt 2.756392 -0.747867
vt 2.256392 -0.747867
vt 2.256392 0.752134
vt 2.756392 0.752134
vt 2.756392 0.252133
vt 2.256392 0.252133
vt 2.756392 1.752133
vt 2.756392 1.252133
vt 2.756392 2.252134
vt 2.756392 2.752133
vt 2.756392 3.752134
vt 2.756392 3.252134
vt 2.756392 4.752133
vt 2.756392 4.252133
vt 2.756392 5.752133
vt 2.756392 5.252133
vt 3.256392 -4.247867
vt 3.256392 -4.747867
vt 3.256392 0.333334
vt 3.256392 0.666668
vt 3.256392 -3.247866
vt 3.256392 -3.747866
vt 3.256392 -0.247867
vt 3.256392 -0.747867
vt 3.256392 2.752133
vt 3.256392 2.252134
vt 3.256392 3.752134
vt 3.256392 3.252134
vt 3.256392 5.752133
vt 3.256392 5.252133
vt 3.756393 -4.247867
vt 3.756393 -4.747867
vt 3.756393 0.333334
vt 3.756393 0.666668
vt 3.756393 -3.247866
vt 3.756393 -3.747866
vt 3.256392 -2.247867
vt 3.756393 -2.247867
vt 3.756393 -2.747866
vt 3.256392 -2.747866
vt 3.256392 -1.747866
vt 3.756393 -1.747866
vt 3.256392 -1.247866
vt 3.756393 -1.247866
vt 3.756393 -0.747867
vt 3.756393 -0.247867
vt 3.256392 0.252133
vt 3.756393 0.252133
vt 3.256392 0.752134
vt 3.756393 0.752134
vt 3.256392 1.252133
vt 3.756393 1.252133
vt 3.256392 1.752133
vt 3.756393 1.752133
vt 3.756393 2.752133
vt 3.756393 2.252134
vt 3.756393 3.752134
vt 3.756393 3.252134
vt 3.256392 4.252133
vt 3.756393 4.252133
vt 3.256392 4.752133
vt 3.756393 4.752133
vt 3.756393 5.752133
vt 3.756393 5.252133
vt 4.256392 -4.247867
vt 4.256392 -4.747867
vt 4.256392 0.333334
vt 4.256392 0.666668
vt 4.256392 -3.247866
vt 4.256392 -3.747866
vt 4.256392 1.752133
vt 4.256392 1.252133
vt 4.256392 3.752134
vt 4.256392 3.252134
vt 4.256392 4.752133
vt 4.256392 4.252133
vt 4.256392 5.752133
vt 4.256392 5.252133
vt 4.756392 -4.247867
vt 4.756392 -4.747867
vt 4.756392 0.333334
vt 4.756392 0.666668
vt 4.756392 -3.247866
vt 4.756392 -3.747866
vt 4.256392 -2.747866
vt 4.756392 -2.747866
vt 4.256392 -2.247867
vt 4.756392 -2.247867
vt 4.256392 -1.747866
vt 4.756392 -1.747866
vt 4.256392 -1.247866
vt 4.756392 -1.247866
vt 4.256392 -0.747867
vt 4.756392 -0.747867
vt 4.256392 -0.247867
vt 4.756392 -0.247867
vt 4.256392 0.252133
vt 4.756392 0.252133
vt 4.256392 0.752134
vt 4.756392 0.752134
vt 4.756392 1.752133
vt 4.756392 1.252133
vt 4.256392 2.252134
vt 4.756392 2.252134
vt 4.256392 2.752133
vt 4.756392 2.752133
vt 4.756392 3.252134
vt 4.756392 3.752134
vt 4.756392 4.752133
vt 4.756392 4.252133
vt 4.756392 5.752133
vt 4.756392 5.252133
vt 5.256392 0.666668
vt 5.256392 5.252133
vt 5.256392 -4.247867
vt 5.256392 -4.747867
vt 5.256392 0.333334
vt 5.256392 1.752133
vt 5.256392 1.252133
vt 5.756392 -4.247867
vt 5.756392 -4.747867
vt 5.756392 0.333334
vt 5.756392 0.666668
vt 5.256392 -3.747866
vt 5.756392 -3.747866
vt 5.256392 -3.247866
vt 5.756392 -3.247866
vt 5.256392 -2.747866
vt 5.756392 -2.747866
vt 5.256392 -2.247867
vt 5.756392 -2.247867
vt 5.256392 -1.747866
vt 5.756392 -1.747866
vt 5.256392 -1.247866
vt 5.756392 -1.247866
vt 5.256392 -0.747867
vt 5.756392 -0.747867
vt 5.256392 -0.247867
vt 5.756392 -0.247867
vt 5.256392 0.252133
vt 5.756392 0.252133
vt 5.256392 0.752134
vt 5.756392 0.752134
vt 5.756392 1.252133
vt 5.756392 1.752133
vt 5.256392 2.252134
vt 5.756392 2.252134
vt 5.256392 2.752133
vt 5.756392 2.752133
vt 5.256392 3.252134
vt 5.756392 3.252134
vt 5.256392 3.752134
vt 5.756392 3.752134
vt 5.256392 4.252133
vt 5.756392 4.252133
vt 5.256392 4.752133
vt 5.756392 4.752133
vt 5.756392 5.252133
vt 5.256392 5.752133
vt 5.756392 5.752133
s 0
usemtl MazePro_FloorMat
f 1/1/1 2/2/1 3/3/1 4/4/1
usemtl MazePro_WallMat
f 8/5/2 7/6/2 6/7/2 5/8/2
f 9/8/1 10/7/1 11/6/1 12/5/1
f 5/9/3 6/10/3 10/11/3 9/12/3
f 201/13/3 10/7/3 6/10/3 197/14/3
f 7/10/4 8/9/4 12/12/4 11/11/4
f 8/15/5 5/16/5 9/17/5 12/18/5
f 16/19/2 15/20/2 14/6/2 13/5/2
f 17/5/1 18/6/1 19/20/1 20/19/1
f 13/9/3 14/10/3 18/11/3 17/12/3
f 14/15/6 15/21/6 19/22/6 18/18/6
f 15/10/4 16/9/4 20/12/4 19/11/4
f 16/21/5 13/15/5 17/18/5 20/22/5
f 24/23/2 23/24/2 22/20/2 21/19/2
f 25/19/1 26/20/1 27/24/1 28/23/1
f 21/9/3 22/10/3 26/11/3 25/12/3
f 22/21/6 23/25/6 27/26/6 26/22/6
f 23/10/4 24/9/4 28/12/4 27/11/4
f 24/25/5 21/21/5 25/22/5 28/26/5
f 32/27/2 31/28/2 30/24/2 29/23/2
f 33/23/1 34/24/1 35/28/1 36/27/1
f 29/9/3 30/10/3 34/11/3 33/12/3
f 30/25/6 31/29/6 35/30/6 34/26/6
f 31/10/4 32/9/4 36/12/4 35/11/4
f 32/29/5 29/25/5 33/26/5 36/30/5
f 40/31/2 39/32/2 38/28/2 37/27/2
f 41/27/1 42/28/1 43/32/1 44/31/1
f 37/9/3 38/10/3 42/11/3 41/12/3
f 38/29/6 39/33/6 43/34/6 42/30/6
f 39/10/4 40/9/4 44/12/4 43/11/4
f 40/33/5 37/29/5 41/30/5 44/34/5
f 48/35/2 47/36/2 46/32/2 45/31/2
f 49/31/1 50/32/1 51/36/1 52/35/1
f 45/9/3 46/10/3 50/11/3 49/12/3
f 46/33/6 47/37/6 51/38/6 50/34/6
f 47/10/4 48/9/4 52/12/4 51/11/4
f 48/37/5 45/33/5 49/34/5 52/38/5
f 56/39/2 55/40/2 54/36/2 53/35/2
f 57/35/1 58/36/1 59/40/1 60/39/1
f 53/9/3 54/10/3 58/11/3 57/12/3
f 54/37/6 55/41/6 59/42/6 58/38/6
f 55/10/4 56/9/4 60/12/4 59/11/4
f 56/41/5 53/37/5 57/38/5 60/42/5
f 64/43/2 63/44/2 62/40/2 61/39/2
f 65/39/1 66/40/1 67/44/1 68/43/1
f 61/9/3 62/10/3 66/11/3 65/12/3
f 62/41/6 63/45/6 67/46/6 66/42/6
f 63/10/4 64/9/4 68/12/4 67/11/4
f 64/45/5 61/41/5 65/42/5 68/46/5
f 72/47/2 71/48/2 70/44/2 69/43/2
f 73/43/1 74/44/1 75/48/1 76/47/1
f 69/9/3 70/10/3 74/11/3 73/12/3
f 70/45/6 71/49/6 75/50/6 74/46/6
f 71/10/4 72/9/4 76/12/4 75/11/4
f 72/49/5 69/45/5 73/46/5 76/50/5
f 80/51/2 79/52/2 78/48/2 77/47/2
f 81/47/1 82/48/1 83/52/1 84/51/1
f 77/9/3 78/10/3 82/11/3 81/12/3
f 78/49/6 79/53/6 83/54/6 82/50/6
f 79/10/4 80/9/4 84/12/4 83/11/4
f 80/53/5 77/49/5 81/50/5 84/54/5
f 88/55/2 87/56/2 86/52/2 85/51/2
f 89/51/1 90/52/1 91/56/1 92/55/1
f 85/9/3 86/10/3 90/11/3 89/12/3
f 86/53/6 87/57/6 91/58/6 90/54/6
f 87/10/4 88/9/4 92/12/4 91/11/4
f 88/57/5 85/53/5 89/54/5 92/58/5
f 96/59/2 95/60/2 94/56/2 93/55/2
f 97/55/1 98/56/1 99/60/1 100/59/1
f 93/9/3 94/10/3 98/11/3 97/12/3
f 94/57/6 95/61/6 99/62/6 98/58/6
f 95/10/4 96/9/4 100/12/4 99/11/4
f 96/61/5 93/57/5 97/58/5 100/62/5
f 104/63/2 103/64/2 102/60/2 101/59/2
f 105/59/1 106/60/1 107/64/1 108/63/1
f 101/9/3 102/10/3 106/11/3 105/12/3
f 102/61/6 103/65/6 107/66/6 106/62/6
f 103/10/4 104/9/4 108/12/4 107/11/4
f 104/65/5 101/61/5 105/62/5 108/66/5
f 112/67/2 111/68/2 110/64/2 109/63/2
f 113/63/1 114/64/1 115/68/1 116/67/1
f 109/9/3 110/10/3 114/11/3 113/12/3
f 110/65/6 111/69/6 115/70/6 114/66/6
f 111/10/4 112/9/4 116/12/4 115/11/4
f 112/69/5 109/65/5 113/66/5 116/70/5
f 120/71/2 119/72/2 118/68/2 117/67/2
f 121/67/1 122/68/1 123/72/1 124/71/1
f 117/9/3 118/10/3 122/11/3 121/12/3
f 118/69/6 119/73/6 123/74/6 122/70/6
f 119/10/4 120/9/4 124/12/4 123/11/4
f 120/73/5 117/69/5 121/70/5 124/74/5
f 128/75/2 127/76/2 126/72/2 125/71/2
f 129/71/1 130/72/1 131/76/1 132/75/1
f 125/9/3 126/10/3 130/11/3 129/12/3
f 126/73/6 127/77/6 131/78/6 130/74/6
f 127/10/4 128/9/4 132/12/4 131/11/4
f 128/77/5 125/73/5 129/74/5 132/78/5
f 136/79/2 135/80/2 134/76/2 133/75/2
f 137/75/1 138/76/1 139/80/1 140/79/1
f 133/9/3 134/10/3 138/11/3 137/12/3
f 134/77/6 135/81/6 139/82/6 138/78/6
f 135/10/4 136/9/4 140/12/4 139/11/4
f 136/81/5 133/77/5 137/78/5 140/82/5
f 144/83/2 143/84/2 142/80/2 141/79/2
f 145/79/1 146/80/1 147/84/1 148/83/1
f 141/9/3 142/10/3 146/11/3 145/12/3
f 142/81/6 143/85/6 147/86/6 146/82/6
f 143/10/4 144/9/4 148/12/4 147/11/4
f 144/85/5 141/81/5 145/82/5 148/86/5
f 152/87/2 151/88/2 150/84/2 149/83/2
f 153/83/1 154/84/1 155/88/1 156/87/1
f 149/9/3 150/10/3 154/11/3 153/12/3
f 150/85/6 151/89/6 155/90/6 154/86/6
f 151/10/4 152/9/4 156/12/4 155/11/4
f 152/89/5 149/85/5 153/86/5 156/90/5
f 160/91/2 159/92/2 158/88/2 157/87/2
f 161/87/1 162/88/1 163/92/1 164/91/1
f 157/9/3 158/10/3 162/11/3 161/12/3
f 158/89/6 159/93/6 163/94/6 162/90/6
f 159/10/4 160/9/4 164/12/4 163/11/4
f 160/93/5 157/89/5 161/90/5 164/94/5
f 168/95/2 167/96/2 166/92/2 165/91/2
f 169/91/1 170/92/1 171/96/1 172/95/1
f 165/9/3 166/10/3 170/11/3 169/12/3
f 166/93/6 167/97/6 171/98/6 170/94/6
f 167/10/4 168/9/4 172/12/4 171/11/4
f 168/97/5 165/93/5 169/94/5 172/98/5
f 176/40/2 175/99/2 174/100/2 173/36/2
f 177/36/1 178/100/1 179/99/1 180/40/1
f 173/10/3 174/14/3 178/101/3 177/11/3
f 174/37/6 175/41/6 179/42/6 178/38/6
f 175/14/4 176/10/4 180/11/4 179/101/4
f 176/41/5 173/37/5 177/38/5 180/42/5
f 184/80/2 183/102/2 182/103/2 181/76/2
f 185/76/1 186/103/1 187/102/1 188/80/1
f 181/10/3 182/14/3 186/101/3 185/11/3
f 182/77/6 183/81/6 187/82/6 186/78/6
f 183/14/4 184/10/4 188/11/4 187/101/4
f 184/81/5 181/77/5 185/78/5 188/82/5
f 192/96/2 191/104/2 190/105/2 189/92/2
f 193/92/1 194/105/1 195/104/1 196/96/1
f 189/10/3 190/14/3 194/101/3 193/11/3
f 190/93/6 191/97/6 195/98/6 194/94/6
f 191/14/4 192/10/4 196/11/4 195/101/4
f 192/97/5 189/93/5 193/94/5 196/98/5
f 200/106/2 199/107/2 198/108/2 197/13/2
f 201/13/1 202/108/1 203/107/1 204/106/1
f 197/14/3 198/109/3 202/110/3 201/101/3
f 198/16/6 199/15/6 203/18/6 202/17/6
f 199/109/4 200/14/4 204/101/4 203/110/4
f 204/106/1 18/111/1 209/111/1 11/6/1 10/7/1 201/13/1
f 208/112/2 207/113/2 206/107/2 205/106/2
f 209/106/1 210/107/1 211/113/1 212/112/1
f 205/14/3 206/109/3 210/110/3 209/101/3
f 206/15/6 207/21/6 211/22/6 210/18/6
f 207/109/4 208/14/4 212/101/4 211/110/4
f 208/21/5 205/15/5 209/18/5 212/22/5
f 216/114/2 215/115/2 214/113/2 213/112/2
f 217/112/1 218/113/1 219/115/1 220/114/1
f 213/14/3 214/109/3 218/110/3 217/101/3
f 214/21/6 215/25/6 219/26/6 218/22/6
f 215/109/4 216/14/4 220/101/4 219/110/4
f 216/25/5 213/21/5 217/22/5 220/26/5
f 224/116/2 223/117/2 222/115/2 221/114/2
f 225/114/1 226/115/1 227/117/1 228/116/1
f 221/14/3 222/109/3 226/110/3 225/101/3
f 222/25/6 223/29/6 227/30/6 226/26/6
f 223/109/4 224/14/4 228/101/4 227/110/4
f 224/29/5 221/25/5 225/26/5 228/30/5
f 232/118/2 231/119/2 230/117/2 229/116/2
f 233/116/1 234/117/1 235/119/1 236/118/1
f 229/14/3 230/109/3 234/110/3 233/101/3
f 230/29/6 231/33/6 235/34/6 234/30/6
f 231/109/4 232/14/4 236/101/4 235/110/4
f 232/33/5 229/29/5 233/30/5 236/34/5
f 240/99/2 239/120/2 238/121/2 237/100/2
f 241/100/1 242/121/1 243/120/1 244/99/1
f 237/14/3 238/109/3 242/110/3 241/101/3
f 238/37/6 239/41/6 243/42/6 242/38/6
f 239/109/4 240/14/4 244/101/4 243/110/4
f 240/41/5 237/37/5 241/38/5 244/42/5
f 248/122/2 247/123/2 246/124/2 245/125/2
f 249/125/1 250/124/1 251/123/1 252/122/1
f 245/14/3 246/109/3 250/110/3 249/101/3
f 246/45/6 247/49/6 251/50/6 250/46/6
f 247/109/4 248/14/4 252/101/4 251/110/4
f 248/49/5 245/45/5 249/46/5 252/50/5
f 256/126/2 255/127/2 254/123/2 253/122/2
f 257/122/1 258/123/1 259/127/1 260/126/1
f 253/14/3 254/109/3 258/110/3 257/101/3
f 254/49/6 255/53/6 259/54/6 258/50/6
f 255/109/4 256/14/4 260/101/4 259/110/4
f 256/53/5 253/49/5 257/50/5 260/54/5
f 264/128/2 263/129/2 262/127/2 261/126/2
f 265/126/1 266/127/1 267/129/1 268/128/1
f 261/14/3 262/109/3 266/110/3 265/101/3
f 262/53/6 263/57/6 267/58/6 266/54/6
f 263/109/4 264/14/4 268/101/4 267/110/4
f 264/57/5 261/53/5 265/54/5 268/58/5
f 272/130/2 271/131/2 270/129/2 269/128/2
f 273/128/1 274/129/1 275/131/1 276/130/1
f 269/14/3 270/109/3 274/110/3 273/101/3
f 270/57/6 271/61/6 275/62/6 274/58/6
f 271/109/4 272/14/4 276/101/4 275/110/4
f 272/61/5 269/57/5 273/58/5 276/62/5
f 280/132/2 279/133/2 278/131/2 277/130/2
f 281/130/1 282/131/1 283/133/1 284/132/1
f 277/14/3 278/109/3 282/110/3 281/101/3
f 278/61/6 279/65/6 283/66/6 282/62/6
f 279/109/4 280/14/4 284/101/4 283/110/4
f 280/65/5 277/61/5 281/62/5 284/66/5
f 288/134/2 287/135/2 286/133/2 285/132/2
f 289/132/1 290/133/1 291/135/1 292/134/1
f 285/14/3 286/109/3 290/110/3 289/101/3
f 286/65/6 287/69/6 291/70/6 290/66/6
f 287/109/4 288/14/4 292/101/4 291/110/4
f 288/69/5 285/65/5 289/66/5 292/70/5
f 296/136/2 295/137/2 294/135/2 293/134/2
f 297/134/1 298/135/1 299/137/1 300/136/1
f 293/14/3 294/109/3 298/110/3 297/101/3
f 294/69/6 295/73/6 299/74/6 298/70/6
f 295/109/4 296/14/4 300/101/4 299/110/4
f 296/73/5 293/69/5 297/70/5 300/74/5
f 304/102/2 303/138/2 302/139/2 301/103/2
f 305/103/1 306/139/1 307/138/1 308/102/1
f 301/14/3 302/109/3 306/110/3 305/101/3
f 302/77/6 303/81/6 307/82/6 306/78/6
f 303/109/4 304/14/4 308/101/4 307/110/4
f 304/81/5 301/77/5 305/78/5 308/82/5
f 312/140/2 311/141/2 310/138/2 309/102/2
f 313/102/1 314/138/1 315/141/1 316/140/1
f 309/14/3 310/109/3 314/110/3 313/101/3
f 310/81/6 311/85/6 315/86/6 314/82/6
f 311/109/4 312/14/4 316/101/4 315/110/4
f 312/85/5 309/81/5 313/82/5 316/86/5
f 320/142/2 319/143/2 318/141/2 317/140/2
f 321/140/1 322/141/1 323/143/1 324/142/1
f 317/14/3 318/109/3 322/110/3 321/101/3
f 318/85/6 319/89/6 323/90/6 322/86/6
f 319/109/4 320/14/4 324/101/4 323/110/4
f 320/89/5 317/85/5 321/86/5 324/90/5
f 328/104/2 327/144/2 326/145/2 325/105/2
f 329/105/1 330/145/1 331/144/1 332/104/1
f 325/14/3 326/109/3 330/110/3 329/101/3
f 326/93/6 327/97/6 331/98/6 330/94/6
f 327/109/4 328/14/4 332/101/4 331/110/4
f 328/97/5 325/93/5 329/94/5 332/98/5
f 336/107/2 335/146/2 334/147/2 333/108/2
f 337/108/1 338/147/1 339/146/1 340/107/1
f 333/109/3 334/148/3 338/149/3 337/110/3
f 334/16/6 335/15/6 339/18/6 338/17/6
f 335/148/4 336/109/4 340/110/4 339/149/4
f 336/15/5 333/16/5 337/17/5 340/18/5
f 344/119/2 343/150/2 342/151/2 341/117/2
f 345/117/1 346/151/1 347/150/1 348/119/1
f 341/109/3 342/148/3 346/149/3 345/110/3
f 342/29/6 343/33/6 347/34/6 346/30/6
f 343/148/4 344/109/4 348/110/4 347/149/4
f 344/33/5 341/29/5 345/30/5 348/34/5
f 352/120/2 351/152/2 350/153/2 349/121/2
f 353/121/1 354/153/1 355/152/1 356/120/1
f 349/109/3 350/148/3 354/149/3 353/110/3
f 350/37/6 351/41/6 355/42/6 354/38/6
f 351/148/4 352/109/4 356/110/4 355/149/4
f 352/41/5 349/37/5 353/38/5 356/42/5
f 360/123/2 359/154/2 358/155/2 357/124/2
f 361/124/1 362/155/1 363/154/1 364/123/1
f 357/109/3 358/148/3 362/149/3 361/110/3
f 358/45/6 359/49/6 363/50/6 362/46/6
f 359/148/4 360/109/4 364/110/4 363/149/4
f 360/49/5 357/45/5 361/46/5 364/50/5
f 368/144/2 367/156/2 366/157/2 365/145/2
f 369/145/1 370/157/1 371/156/1 372/144/1
f 365/109/3 366/148/3 370/149/3 369/110/3
f 366/93/6 367/97/6 371/98/6 370/94/6
f 367/148/4 368/109/4 372/110/4 371/149/4
f 368/97/5 365/93/5 369/94/5 372/98/5
f 376/146/2 375/158/2 374/159/2 373/147/2
f 377/147/1 378/159/1 379/158/1 380/146/1
f 373/148/3 374/160/3 378/161/3 377/149/3
f 374/16/6 375/15/6 379/18/6 378/17/6
f 375/160/4 376/148/4 380/149/4 379/161/4
f 376/15/5 373/16/5 377/17/5 380/18/5
f 384/162/2 383/163/2 382/164/2 381/165/2
f 385/165/1 386/164/1 387/163/1 388/162/1
f 381/148/3 382/160/3 386/161/3 385/149/3
f 382/21/6 383/25/6 387/26/6 386/22/6
f 383/160/4 384/148/4 388/149/4 387/161/4
f 384/25/5 381/21/5 385/22/5 388/26/5
f 392/151/2 391/166/2 390/163/2 389/162/2
f 393/162/1 394/163/1 395/166/1 396/151/1
f 389/148/3 390/160/3 394/161/3 393/149/3
f 390/25/6 391/29/6 395/30/6 394/26/6
f 391/160/4 392/148/4 396/149/4 395/161/4
f 392/29/5 389/25/5 393/26/5 396/30/5
f 400/150/2 399/167/2 398/166/2 397/151/2
f 401/151/1 402/166/1 403/167/1 404/150/1
f 397/148/3 398/160/3 402/161/3 401/149/3
f 398/29/6 399/33/6 403/34/6 402/30/6
f 399/160/4 400/148/4 404/149/4 403/161/4
f 400/33/5 397/29/5 401/30/5 404/34/5
f 408/152/2 407/168/2 406/169/2 405/153/2
f 409/153/1 410/169/1 411/168/1 412/152/1
f 405/148/3 406/160/3 410/161/3 409/149/3
f 406/37/6 407/41/6 411/42/6 410/38/6
f 407/160/4 408/148/4 412/149/4 411/161/4
f 408/41/5 405/37/5 409/38/5 412/42/5
f 416/154/2 415/170/2 414/171/2 413/155/2
f 417/155/1 418/171/1 419/170/1 420/154/1
f 413/148/3 414/160/3 418/161/3 417/149/3
f 414/45/6 415/49/6 419/50/6 418/46/6
f 415/160/4 416/148/4 420/149/4 419/161/4
f 416/49/5 413/45/5 417/46/5 420/50/5
f 424/172/2 423/173/2 422/170/2 421/154/2
f 425/154/1 426/170/1 427/173/1 428/172/1
f 421/148/3 422/160/3 426/161/3 425/149/3
f 422/49/6 423/53/6 427/54/6 426/50/6
f 423/160/4 424/148/4 428/149/4 427/161/4
f 424/53/5 421/49/5 425/50/5 428/54/5
f 432/174/2 431/175/2 430/173/2 429/172/2
f 433/172/1 434/173/1 435/175/1 436/174/1
f 429/148/3 430/160/3 434/161/3 433/149/3
f 430/53/6 431/57/6 435/58/6 434/54/6
f 431/160/4 432/148/4 436/149/4 435/161/4
f 432/57/5 429/53/5 433/54/5 436/58/5
f 440/176/2 439/177/2 438/175/2 437/174/2
f 441/174/1 442/175/1 443/177/1 444/176/1
f 437/148/3 438/160/3 442/161/3 441/149/3
f 438/57/6 439/61/6 443/62/6 442/58/6
f 439/160/4 440/148/4 444/149/4 443/161/4
f 440/61/5 437/57/5 441/58/5 444/62/5
f 448/178/2 447/179/2 446/177/2 445/176/2
f 449/176/1 450/177/1 451/179/1 452/178/1
f 445/148/3 446/160/3 450/161/3 449/149/3
f 446/61/6 447/65/6 451/66/6 450/62/6
f 447/160/4 448/148/4 452/149/4 451/161/4
f 448/65/5 445/61/5 449/62/5 452/66/5
f 456/180/2 455/181/2 454/179/2 453/178/2
f 457/178/1 458/179/1 459/181/1 460/180/1
f 453/148/3 454/160/3 458/161/3 457/149/3
f 454/65/6 455/69/6 459/70/6 458/66/6
f 455/160/4 456/148/4 460/149/4 459/161/4
f 456/69/5 453/65/5 457/66/5 460/70/5
f 464/182/2 463/183/2 462/181/2 461/180/2
f 465/180/1 466/181/1 467/183/1 468/182/1
f 461/148/3 462/160/3 466/161/3 465/149/3
f 462/69/6 463/73/6 467/74/6 466/70/6
f 463/160/4 464/148/4 468/149/4 467/161/4
f 464/73/5 461/69/5 465/70/5 468/74/5
f 472/184/2 471/185/2 470/186/2 469/187/2
f 473/187/1 474/186/1 475/185/1 476/184/1
f 469/148/3 470/160/3 474/161/3 473/149/3
f 470/77/6 471/81/6 475/82/6 474/78/6
f 471/160/4 472/148/4 476/149/4 475/161/4
f 472/81/5 469/77/5 473/78/5 476/82/5
f 480/188/2 479/189/2 478/185/2 477/184/2
f 481/184/1 482/185/1 483/189/1 484/188/1
f 477/148/3 478/160/3 482/161/3 481/149/3
f 478/81/6 479/85/6 483/86/6 482/82/6
f 479/160/4 480/148/4 484/149/4 483/161/4
f 480/85/5 477/81/5 481/82/5 484/86/5
f 488/190/2 487/191/2 486/189/2 485/188/2
f 489/188/1 490/189/1 491/191/1 492/190/1
f 485/148/3 486/160/3 490/161/3 489/149/3
f 486/85/6 487/89/6 491/90/6 490/86/6
f 487/160/4 488/148/4 492/149/4 491/161/4
f 488/89/5 485/85/5 489/86/5 492/90/5
f 496/156/2 495/192/2 494/193/2 493/157/2
f 497/157/1 498/193/1 499/192/1 500/156/1
f 493/148/3 494/160/3 498/161/3 497/149/3
f 494/93/6 495/97/6 499/98/6 498/94/6
f 495/160/4 496/148/4 500/149/4 499/161/4
f 496/97/5 493/93/5 497/94/5 500/98/5
f 504/158/2 503/194/2 502/195/2 501/159/2
f 505/159/1 506/195/1 507/194/1 508/158/1
f 501/160/3 502/196/3 506/197/3 505/161/3
f 502/16/6 503/15/6 507/18/6 506/17/6
f 503/196/4 504/160/4 508/161/4 507/197/4
f 504/15/5 501/16/5 505/17/5 508/18/5
f 512/168/2 511/198/2 510/199/2 509/169/2
f 513/169/1 514/199/1 515/198/1 516/168/1
f 509/160/3 510/196/3 514/197/3 513/161/3
f 510/37/6 511/41/6 515/42/6 514/38/6
f 511/196/4 512/160/4 516/161/4 515/197/4
f 512/41/5 509/37/5 513/38/5 516/42/5
f 520/175/2 519/200/2 518/201/2 517/173/2
f 521/173/1 522/201/1 523/200/1 524/175/1
f 517/160/3 518/196/3 522/197/3 521/161/3
f 518/53/6 519/57/6 523/58/6 522/54/6
f 519/196/4 520/160/4 524/161/4 523/197/4
f 520/57/5 517/53/5 521/54/5 524/58/5
f 528/183/2 527/202/2 526/203/2 525/181/2
f 529/181/1 530/203/1 531/202/1 532/183/1
f 525/160/3 526/196/3 530/197/3 529/161/3
f 526/69/6 527/73/6 531/74/6 530/70/6
f 527/196/4 528/160/4 532/161/4 531/197/4
f 528/73/5 525/69/5 529/70/5 532/74/5
f 536/191/2 535/204/2 534/205/2 533/189/2
f 537/189/1 538/205/1 539/204/1 540/191/1
f 533/160/3 534/196/3 538/197/3 537/161/3
f 534/85/6 535/89/6 539/90/6 538/86/6
f 535/196/4 536/160/4 540/161/4 539/197/4
f 536/89/5 533/85/5 537/86/5 540/90/5
f 544/192/2 543/206/2 542/207/2 541/193/2
f 545/193/1 546/207/1 547/206/1 548/192/1
f 541/160/3 542/196/3 546/197/3 545/161/3
f 542/93/6 543/97/6 547/98/6 546/94/6
f 543/196/4 544/160/4 548/161/4 547/197/4
f 544/97/5 541/93/5 545/94/5 548/98/5
f 552/194/2 551/208/2 550/209/2 549/195/2
f 553/195/1 554/209/1 555/208/1 556/194/1
f 549/196/3 550/210/3 554/211/3 553/197/3
f 550/16/6 551/15/6 555/18/6 554/17/6
f 551/210/4 552/196/4 556/197/4 555/211/4
f 552/15/5 549/16/5 553/17/5 556/18/5
f 560/212/2 559/213/2 558/214/2 557/215/2
f 561/215/1 562/214/1 563/213/1 564/212/1
f 557/196/3 558/210/3 562/211/3 561/197/3
f 558/21/6 559/25/6 563/26/6 562/22/6
f 559/210/4 560/196/4 564/197/4 563/211/4
f 560/25/5 557/21/5 561/22/5 564/26/5
f 568/216/2 567/217/2 566/213/2 565/212/2
f 569/212/1 570/213/1 571/217/1 572/216/1
f 565/196/3 566/210/3 570/211/3 569/197/3
f 566/25/6 567/29/6 571/30/6 570/26/6
f 567/210/4 568/196/4 572/197/4 571/211/4
f 568/29/5 565/25/5 569/26/5 572/30/5
f 576/218/2 575/219/2 574/217/2 573/216/2
f 577/216/1 578/217/1 579/219/1 580/218/1
f 573/196/3 574/210/3 578/211/3 577/197/3
f 574/29/6 575/33/6 579/34/6 578/30/6
f 575/210/4 576/196/4 580/197/4 579/211/4
f 576/33/5 573/29/5 577/30/5 580/34/5
f 584/199/2 583/220/2 582/219/2 581/218/2
f 585/218/1 586/219/1 587/220/1 588/199/1
f 581/196/3 582/210/3 586/211/3 585/197/3
f 582/33/6 583/37/6 587/38/6 586/34/6
f 583/210/4 584/196/4 588/197/4 587/211/4
f 584/37/5 581/33/5 585/34/5 588/38/5
f 592/198/2 591/221/2 590/220/2 589/199/2
f 593/199/1 594/220/1 595/221/1 596/198/1
f 589/196/3 590/210/3 594/211/3 593/197/3
f 590/37/6 591/41/6 595/42/6 594/38/6
f 591/210/4 592/196/4 596/197/4 595/211/4
f 592/41/5 589/37/5 593/38/5 596/42/5
f 600/222/2 599/223/2 598/221/2 597/198/2
f 601/198/1 602/221/1 603/223/1 604/222/1
f 597/196/3 598/210/3 602/211/3 601/197/3
f 598/41/6 599/45/6 603/46/6 602/42/6
f 599/210/4 600/196/4 604/197/4 603/211/4
f 600/45/5 597/41/5 601/42/5 604/46/5
f 608/224/2 607/225/2 606/223/2 605/222/2
f 609/222/1 610/223/1 611/225/1 612/224/1
f 605/196/3 606/210/3 610/211/3 609/197/3
f 606/45/6 607/49/6 611/50/6 610/46/6
f 607/210/4 608/196/4 612/197/4 611/211/4
f 608/49/5 605/45/5 609/46/5 612/50/5
f 616/200/2 615/226/2 614/227/2 613/201/2
f 617/201/1 618/227/1 619/226/1 620/200/1
f 613/196/3 614/210/3 618/211/3 617/197/3
f 614/53/6 615/57/6 619/58/6 618/54/6
f 615/210/4 616/196/4 620/197/4 619/211/4
f 616/57/5 613/53/5 617/54/5 620/58/5
f 624/228/2 623/229/2 622/230/2 621/231/2
f 625/231/1 626/230/1 627/229/1 628/228/1
f 621/196/3 622/210/3 626/211/3 625/197/3
f 622/61/6 623/65/6 627/66/6 626/62/6
f 623/210/4 624/196/4 628/197/4 627/211/4
f 624/65/5 621/61/5 625/62/5 628/66/5
f 632/202/2 631/232/2 630/233/2 629/203/2
f 633/203/1 634/233/1 635/232/1 636/202/1
f 629/196/3 630/210/3 634/211/3 633/197/3
f 630/69/6 631/73/6 635/74/6 634/70/6
f 631/210/4 632/196/4 636/197/4 635/211/4
f 632/73/5 629/69/5 633/70/5 636/74/5
f 640/234/2 639/235/2 638/232/2 637/202/2
f 641/202/1 642/232/1 643/235/1 644/234/1
f 637/196/3 638/210/3 642/211/3 641/197/3
f 638/73/6 639/77/6 643/78/6 642/74/6
f 639/210/4 640/196/4 644/197/4 643/211/4
f 640/77/5 637/73/5 641/74/5 644/78/5
f 648/236/2 647/237/2 646/235/2 645/234/2
f 649/234/1 650/235/1 651/237/1 652/236/1
f 645/196/3 646/210/3 650/211/3 649/197/3
f 646/77/6 647/81/6 651/82/6 650/78/6
f 647/210/4 648/196/4 652/197/4 651/211/4
f 648/81/5 645/77/5 649/78/5 652/82/5
f 656/204/2 655/238/2 654/239/2 653/205/2
f 657/205/1 658/239/1 659/238/1 660/204/1
f 653/196/3 654/210/3 658/211/3 657/197/3
f 654/85/6 655/89/6 659/90/6 658/86/6
f 655/210/4 656/196/4 660/197/4 659/211/4
f 656/89/5 653/85/5 657/86/5 660/90/5
f 664/206/2 663/240/2 662/241/2 661/207/2
f 665/207/1 666/241/1 667/240/1 668/206/1
f 661/196/3 662/210/3 666/211/3 665/197/3
f 662/93/6 663/97/6 667/98/6 666/94/6
f 663/210/4 664/196/4 668/197/4 667/211/4
f 664/97/5 661/93/5 665/94/5 668/98/5
f 672/208/2 671/242/2 670/243/2 669/209/2
f 673/209/1 674/243/1 675/242/1 676/208/1
f 669/210/3 670/244/3 674/245/3 673/211/3
f 670/16/6 671/15/6 675/18/6 674/17/6
f 671/244/4 672/210/4 676/211/4 675/245/4
f 672/15/5 669/16/5 673/17/5 676/18/5
f 680/219/2 679/246/2 678/247/2 677/217/2
f 681/217/1 682/247/1 683/246/1 684/219/1
f 677/210/3 678/244/3 682/245/3 681/211/3
f 678/29/6 679/33/6 683/34/6 682/30/6
f 679/244/4 680/210/4 684/211/4 683/245/4
f 680/33/5 677/29/5 681/30/5 684/34/5
f 688/226/2 687/248/2 686/249/2 685/227/2
f 689/227/1 690/249/1 691/248/1 692/226/1
f 685/210/3 686/244/3 690/245/3 689/211/3
f 686/53/6 687/57/6 691/58/6 690/54/6
f 687/244/4 688/210/4 692/211/4 691/245/4
f 688/57/5 685/53/5 689/54/5 692/58/5
f 696/229/2 695/250/2 694/251/2 693/230/2
f 697/230/1 698/251/1 699/250/1 700/229/1
f 693/210/3 694/244/3 698/245/3 697/211/3
f 694/61/6 695/65/6 699/66/6 698/62/6
f 695/244/4 696/210/4 700/211/4 699/245/4
f 696/65/5 693/61/5 697/62/5 700/66/5
f 704/237/2 703/252/2 702/253/2 701/235/2
f 705/235/1 706/253/1 707/252/1 708/237/1
f 701/210/3 702/244/3 706/245/3 705/211/3
f 702/77/6 703/81/6 707/82/6 706/78/6
f 703/244/4 704/210/4 708/211/4 707/245/4
f 704/81/5 701/77/5 705/78/5 708/82/5
f 712/240/2 711/254/2 710/255/2 709/241/2
f 713/241/1 714/255/1 715/254/1 716/240/1
f 709/210/3 710/244/3 714/245/3 713/211/3
f 710/93/6 711/97/6 715/98/6 714/94/6
f 711/244/4 712/210/4 716/211/4 715/245/4
f 712/97/5 709/93/5 713/94/5 716/98/5
f 720/242/2 719/256/2 718/257/2 717/243/2
f 721/243/1 722/257/1 723/256/1 724/242/1
f 717/244/3 718/258/3 722/259/3 721/245/3
f 718/16/6 719/15/6 723/18/6 722/17/6
f 719/258/4 720/244/4 724/245/4 723/259/4
f 720/15/5 717/16/5 721/17/5 724/18/5
f 728/260/2 727/261/2 726/256/2 725/242/2
f 729/242/1 730/256/1 731/261/1 732/260/1
f 725/244/3 726/258/3 730/259/3 729/245/3
f 726/15/6 727/21/6 731/22/6 730/18/6
f 727/258/4 728/244/4 732/245/4 731/259/4
f 728/21/5 725/15/5 729/18/5 732/22/5
f 736/262/2 735/263/2 734/261/2 733/260/2
f 737/260/1 738/261/1 739/263/1 740/262/1
f 733/244/3 734/258/3 738/259/3 737/245/3
f 734/21/6 735/25/6 739/26/6 738/22/6
f 735/258/4 736/244/4 740/245/4 739/259/4
f 736/25/5 733/21/5 737/22/5 740/26/5
f 744/246/2 743/264/2 742/265/2 741/247/2
f 745/247/1 746/265/1 747/264/1 748/246/1
f 741/244/3 742/258/3 746/259/3 745/245/3
f 742/29/6 743/33/6 747/34/6 746/30/6
f 743/258/4 744/244/4 748/245/4 747/259/4
f 744/33/5 741/29/5 745/30/5 748/34/5
f 752/266/2 751/267/2 750/268/2 749/269/2
f 753/269/1 754/268/1 755/267/1 756/266/1
f 749/244/3 750/258/3 754/259/3 753/245/3
f 750/37/6 751/41/6 755/42/6 754/38/6
f 751/258/4 752/244/4 756/245/4 755/259/4
f 752/41/5 749/37/5 753/38/5 756/42/5
f 760/270/2 759/271/2 758/272/2 757/273/2
f 761/273/1 762/272/1 763/271/1 764/270/1
f 757/244/3 758/258/3 762/259/3 761/245/3
f 758/45/6 759/49/6 763/50/6 762/46/6
f 759/258/4 760/244/4 764/245/4 763/259/4
f 760/49/5 757/45/5 761/46/5 764/50/5
f 768/249/2 767/274/2 766/271/2 765/270/2
f 769/270/1 770/271/1 771/274/1 772/249/1
f 765/244/3 766/258/3 770/259/3 769/245/3
f 766/49/6 767/53/6 771/54/6 770/50/6
f 767/258/4 768/244/4 772/245/4 771/259/4
f 768/53/5 765/49/5 769/50/5 772/54/5
f 776/248/2 775/275/2 774/274/2 773/249/2
f 777/249/1 778/274/1 779/275/1 780/248/1
f 773/244/3 774/258/3 778/259/3 777/245/3
f 774/53/6 775/57/6 779/58/6 778/54/6
f 775/258/4 776/244/4 780/245/4 779/259/4
f 776/57/5 773/53/5 777/54/5 780/58/5
f 784/250/2 783/276/2 782/277/2 781/251/2
f 785/251/1 786/277/1 787/276/1 788/250/1
f 781/244/3 782/258/3 786/259/3 785/245/3
f 782/61/6 783/65/6 787/66/6 786/62/6
f 783/258/4 784/244/4 788/245/4 787/259/4
f 784/65/5 781/61/5 785/62/5 788/66/5
f 792/278/2 791/279/2 790/280/2 789/281/2
f 793/281/1 794/280/1 795/279/1 796/278/1
f 789/244/3 790/258/3 794/259/3 793/245/3
f 790/69/6 791/73/6 795/74/6 794/70/6
f 791/258/4 792/244/4 796/245/4 795/259/4
f 792/73/5 789/69/5 793/70/5 796/74/5
f 800/252/2 799/282/2 798/283/2 797/253/2
f 801/253/1 802/283/1 803/282/1 804/252/1
f 797/244/3 798/258/3 802/259/3 801/245/3
f 798/77/6 799/81/6 803/82/6 802/78/6
f 799/258/4 800/244/4 804/245/4 803/259/4
f 800/81/5 797/77/5 801/78/5 804/82/5
f 808/284/2 807/285/2 806/282/2 805/252/2
f 809/252/1 810/282/1 811/285/1 812/284/1
f 805/244/3 806/258/3 810/259/3 809/245/3
f 806/81/6 807/85/6 811/86/6 810/82/6
f 807/258/4 808/244/4 812/245/4 811/259/4
f 808/85/5 805/81/5 809/82/5 812/86/5
f 816/286/2 815/287/2 814/285/2 813/284/2
f 817/284/1 818/285/1 819/287/1 820/286/1
f 813/244/3 814/258/3 818/259/3 817/245/3
f 814/85/6 815/89/6 819/90/6 818/86/6
f 815/258/4 816/244/4 820/245/4 819/259/4
f 816/89/5 813/85/5 817/86/5 820/90/5
f 824/255/2 823/288/2 822/287/2 821/286/2
f 825/286/1 826/287/1 827/288/1 828/255/1
f 821/244/3 822/258/3 826/259/3 825/245/3
f 822/89/6 823/93/6 827/94/6 826/90/6
f 823/258/4 824/244/4 828/245/4 827/259/4
f 824/93/5 821/89/5 825/90/5 828/94/5
f 832/254/2 831/289/2 830/288/2 829/255/2
f 833/255/1 834/288/1 835/289/1 836/254/1
f 829/244/3 830/258/3 834/259/3 833/245/3
f 830/93/6 831/97/6 835/98/6 834/94/6
f 831/258/4 832/244/4 836/245/4 835/259/4
f 832/97/5 829/93/5 833/94/5 836/98/5
f 840/256/2 839/290/2 838/291/2 837/257/2
f 841/257/1 842/291/1 843/290/1 844/256/1
f 837/258/3 838/292/3 842/293/3 841/259/3
f 838/16/6 839/15/6 843/18/6 842/17/6
f 839/292/4 840/258/4 844/259/4 843/293/4
f 840/15/5 837/16/5 841/17/5 844/18/5
f 848/264/2 847/294/2 846/295/2 845/265/2
f 849/265/1 850/295/1 851/294/1 852/264/1
f 845/258/3 846/292/3 850/293/3 849/259/3
f 846/29/6 847/33/6 851/34/6 850/30/6
f 847/292/4 848/258/4 852/259/4 851/293/4
f 848/33/5 845/29/5 849/30/5 852/34/5
f 856/267/2 855/296/2 854/297/2 853/268/2
f 857/268/1 858/297/1 859/296/1 860/267/1
f 853/258/3 854/292/3 858/293/3 857/259/3
f 854/37/6 855/41/6 859/42/6 858/38/6
f 855/292/4 856/258/4 860/259/4 859/293/4
f 856/41/5 853/37/5 857/38/5 860/42/5
f 864/276/2 863/298/2 862/299/2 861/277/2
f 865/277/1 866/299/1 867/298/1 868/276/1
f 861/258/3 862/292/3 866/293/3 865/259/3
f 862/61/6 863/65/6 867/66/6 866/62/6
f 863/292/4 864/258/4 868/259/4 867/293/4
f 864/65/5 861/61/5 865/62/5 868/66/5
f 872/279/2 871/300/2 870/301/2 869/280/2
f 873/280/1 874/301/1 875/300/1 876/279/1
f 869/258/3 870/292/3 874/293/3 873/259/3
f 870/69/6 871/73/6 875/74/6 874/70/6
f 871/292/4 872/258/4 876/259/4 875/293/4
f 872/73/5 869/69/5 873/70/5 876/74/5
f 880/289/2 879/302/2 878/303/2 877/288/2
f 881/288/1 882/303/1 883/302/1 884/289/1
f 877/258/3 878/292/3 882/293/3 881/259/3
f 878/93/6 879/97/6 883/98/6 882/94/6
f 879/292/4 880/258/4 884/259/4 883/293/4
f 880/97/5 877/93/5 881/94/5 884/98/5
f 888/290/2 887/304/2 886/305/2 885/291/2
f 889/291/1 890/305/1 891/304/1 892/290/1
f 885/292/3 886/306/3 890/307/3 889/293/3
f 886/16/6 887/15/6 891/18/6 890/17/6
f 887/306/4 888/292/4 892/293/4 891/307/4
f 888/15/5 885/16/5 889/17/5 892/18/5
f 896/308/2 895/309/2 894/310/2 893/311/2
f 897/311/1 898/310/1 899/309/1 900/308/1
f 893/292/3 894/306/3 898/307/3 897/293/3
f 894/21/6 895/25/6 899/26/6 898/22/6
f 895/306/4 896/292/4 900/293/4 899/307/4
f 896/25/5 893/21/5 897/22/5 900/26/5
f 904/294/2 903/312/2 902/313/2 901/295/2
f 905/295/1 906/313/1 907/312/1 908/294/1
f 901/292/3 902/306/3 906/307/3 905/293/3
f 902/29/6 903/33/6 907/34/6 906/30/6
f 903/306/4 904/292/4 908/293/4 907/307/4
f 904/33/5 901/29/5 905/30/5 908/34/5
f 912/296/2 911/314/2 910/315/2 909/297/2
f 913/297/1 914/315/1 915/314/1 916/296/1
f 909/292/3 910/306/3 914/307/3 913/293/3
f 910/37/6 911/41/6 915/42/6 914/38/6
f 911/306/4 912/292/4 916/293/4 915/307/4
f 912/41/5 909/37/5 913/38/5 916/42/5
f 920/316/2 919/317/2 918/318/2 917/319/2
f 921/319/1 922/318/1 923/317/1 924/316/1
f 917/292/3 918/306/3 922/307/3 921/293/3
f 918/45/6 919/49/6 923/50/6 922/46/6
f 919/306/4 920/292/4 924/293/4 923/307/4
f 920/49/5 917/45/5 921/46/5 924/50/5
f 928/320/2 927/321/2 926/317/2 925/316/2
f 929/316/1 930/317/1 931/321/1 932/320/1
f 925/292/3 926/306/3 930/307/3 929/293/3
f 926/49/6 927/53/6 931/54/6 930/50/6
f 927/306/4 928/292/4 932/293/4 931/307/4
f 928/53/5 925/49/5 929/50/5 932/54/5
f 936/322/2 935/323/2 934/321/2 933/320/2
f 937/320/1 938/321/1 939/323/1 940/322/1
f 933/292/3 934/306/3 938/307/3 937/293/3
f 934/53/6 935/57/6 939/58/6 938/54/6
f 935/306/4 936/292/4 940/293/4 939/307/4
f 936/57/5 933/53/5 937/54/5 940/58/5
f 944/299/2 943/324/2 942/323/2 941/322/2
f 945/322/1 946/323/1 947/324/1 948/299/1
f 941/292/3 942/306/3 946/307/3 945/293/3
f 942/57/6 943/61/6 947/62/6 946/58/6
f 943/306/4 944/292/4 948/293/4 947/307/4
f 944/61/5 941/57/5 945/58/5 948/62/5
f 952/298/2 951/325/2 950/324/2 949/299/2
f 953/299/1 954/324/1 955/325/1 956/298/1
f 949/292/3 950/306/3 954/307/3 953/293/3
f 950/61/6 951/65/6 955/66/6 954/62/6
f 951/306/4 952/292/4 956/293/4 955/307/4
f 952/65/5 949/61/5 953/62/5 956/66/5
f 960/300/2 959/326/2 958/327/2 957/301/2
f 961/301/1 962/327/1 963/326/1 964/300/1
f 957/292/3 958/306/3 962/307/3 961/293/3
f 958/69/6 959/73/6 963/74/6 962/70/6
f 959/306/4 960/292/4 964/293/4 963/307/4
f 960/73/5 957/69/5 961/70/5 964/74/5
f 968/328/2 967/329/2 966/326/2 965/300/2
f 969/300/1 970/326/1 971/329/1 972/328/1
f 965/292/3 966/306/3 970/307/3 969/293/3
f 966/73/6 967/77/6 971/78/6 970/74/6
f 967/306/4 968/292/4 972/293/4 971/307/4
f 968/77/5 965/73/5 969/74/5 972/78/5
f 976/330/2 975/331/2 974/329/2 973/328/2
f 977/328/1 978/329/1 979/331/1 980/330/1
f 973/292/3 974/306/3 978/307/3 977/293/3
f 974/77/6 975/81/6 979/82/6 978/78/6
f 975/306/4 976/292/4 980/293/4 979/307/4
f 976/81/5 973/77/5 977/78/5 980/82/5
f 984/332/2 983/333/2 982/331/2 981/330/2
f 985/330/1 986/331/1 987/333/1 988/332/1
f 981/292/3 982/306/3 986/307/3 985/293/3
f 982/81/6 983/85/6 987/86/6 986/82/6
f 983/306/4 984/292/4 988/293/4 987/307/4
f 984/85/5 981/81/5 985/82/5 988/86/5
f 992/334/2 991/335/2 990/333/2 989/332/2
f 993/332/1 994/333/1 995/335/1 996/334/1
f 989/292/3 990/306/3 994/307/3 993/293/3
f 990/85/6 991/89/6 995/90/6 994/86/6
f 991/306/4 992/292/4 996/293/4 995/307/4
f 992/89/5 989/85/5 993/86/5 996/90/5
f 1000/302/2 999/336/2 998/337/2 997/303/2
f 1001/303/1 1002/337/1 1003/336/1 1004/302/1
f 997/292/3 998/306/3 1002/307/3 1001/293/3
f 998/93/6 999/97/6 1003/98/6 1002/94/6
f 999/306/4 1000/292/4 1004/293/4 1003/307/4
f 1000/97/5 997/93/5 1001/94/5 1004/98/5
f 1008/304/2 1007/338/2 1006/339/2 1005/305/2
f 1009/305/1 1010/339/1 1011/338/1 1012/304/1
f 1005/306/3 1006/340/3 1010/341/3 1009/307/3
f 1006/16/6 1007/15/6 1011/18/6 1010/17/6
f 1007/340/4 1008/306/4 1012/307/4 1011/341/4
f 1008/15/5 1005/16/5 1009/17/5 1012/18/5
f 1016/309/2 1015/342/2 1014/343/2 1013/310/2
f 1017/310/1 1018/343/1 1019/342/1 1020/309/1
f 1013/306/3 1014/340/3 1018/341/3 1017/307/3
f 1014/21/6 1015/25/6 1019/26/6 1018/22/6
f 1015/340/4 1016/306/4 1020/307/4 1019/341/4
f 1016/25/5 1013/21/5 1017/22/5 1020/26/5
f 1024/314/2 1023/344/2 1022/345/2 1021/315/2
f 1025/315/1 1026/345/1 1027/344/1 1028/314/1
f 1021/306/3 1022/340/3 1026/341/3 1025/307/3
f 1022/37/6 1023/41/6 1027/42/6 1026/38/6
f 1023/340/4 1024/306/4 1028/307/4 1027/341/4
f 1024/41/5 1021/37/5 1025/38/5 1028/42/5
f 1032/326/2 1031/346/2 1030/347/2 1029/327/2
f 1033/327/1 1034/347/1 1035/346/1 1036/326/1
f 1029/306/3 1030/340/3 1034/341/3 1033/307/3
f 1030/69/6 1031/73/6 1035/74/6 1034/70/6
f 1031/340/4 1032/306/4 1036/307/4 1035/341/4
f 1032/73/5 1029/69/5 1033/70/5 1036/74/5
f 1040/335/2 1039/348/2 1038/349/2 1037/333/2
f 1041/333/1 1042/349/1 1043/348/1 1044/335/1
f 1037/306/3 1038/340/3 1042/341/3 1041/307/3
f 1038/85/6 1039/89/6 1043/90/6 1042/86/6
f 1039/340/4 1040/306/4 1044/307/4 1043/341/4
f 1040/89/5 1037/85/5 1041/86/5 1044/90/5
f 1048/336/2 1047/350/2 1046/351/2 1045/337/2
f 1049/337/1 1050/351/1 1051/350/1 1052/336/1
f 1045/306/3 1046/340/3 1050/341/3 1049/307/3
f 1046/93/6 1047/97/6 1051/98/6 1050/94/6
f 1047/340/4 1048/306/4 1052/307/4 1051/341/4
f 1048/97/5 1045/93/5 1049/94/5 1052/98/5
f 1056/338/2 1055/352/2 1054/353/2 1053/339/2
f 1057/339/1 1058/353/1 1059/352/1 1060/338/1
f 1053/340/3 1054/354/3 1058/355/3 1057/341/3
f 1054/16/6 1055/15/6 1059/18/6 1058/17/6
f 1055/354/4 1056/340/4 1060/341/4 1059/355/4
f 1056/15/5 1053/16/5 1057/17/5 1060/18/5
f 1064/342/2 1063/356/2 1062/357/2 1061/343/2
f 1065/343/1 1066/357/1 1067/356/1 1068/342/1
f 1061/340/3 1062/354/3 1066/355/3 1065/341/3
f 1062/21/6 1063/25/6 1067/26/6 1066/22/6
f 1063/354/4 1064/340/4 1068/341/4 1067/355/4
f 1064/25/5 1061/21/5 1065/22/5 1068/26/5
f 1072/358/2 1071/359/2 1070/356/2 1069/342/2
f 1073/342/1 1074/356/1 1075/359/1 1076/358/1
f 1069/340/3 1070/354/3 1074/355/3 1073/341/3
f 1070/25/6 1071/29/6 1075/30/6 1074/26/6
f 1071/354/4 1072/340/4 1076/341/4 1075/355/4
f 1072/29/5 1069/25/5 1073/26/5 1076/30/5
f 1080/360/2 1079/361/2 1078/359/2 1077/358/2
f 1081/358/1 1082/359/1 1083/361/1 1084/360/1
f 1077/340/3 1078/354/3 1082/355/3 1081/341/3
f 1078/29/6 1079/33/6 1083/34/6 1082/30/6
f 1079/354/4 1080/340/4 1084/341/4 1083/355/4
f 1080/33/5 1077/29/5 1081/30/5 1084/34/5
f 1088/344/2 1087/362/2 1086/363/2 1085/345/2
f 1089/345/1 1090/363/1 1091/362/1 1092/344/1
f 1085/340/3 1086/354/3 1090/355/3 1089/341/3
f 1086/37/6 1087/41/6 1091/42/6 1090/38/6
f 1087/354/4 1088/340/4 1092/341/4 1091/355/4
f 1088/41/5 1085/37/5 1089/38/5 1092/42/5
f 1096/364/2 1095/365/2 1094/362/2 1093/344/2
f 1097/344/1 1098/362/1 1099/365/1 1100/364/1
f 1093/340/3 1094/354/3 1098/355/3 1097/341/3
f 1094/41/6 1095/45/6 1099/46/6 1098/42/6
f 1095/354/4 1096/340/4 1100/341/4 1099/355/4
f 1096/45/5 1093/41/5 1097/42/5 1100/46/5
f 1104/366/2 1103/367/2 1102/365/2 1101/364/2
f 1105/364/1 1106/365/1 1107/367/1 1108/366/1
f 1101/340/3 1102/354/3 1106/355/3 1105/341/3
f 1102/45/6 1103/49/6 1107/50/6 1106/46/6
f 1103/354/4 1104/340/4 1108/341/4 1107/355/4
f 1104/49/5 1101/45/5 1105/46/5 1108/50/5
f 1112/368/2 1111/369/2 1110/367/2 1109/366/2
f 1113/366/1 1114/367/1 1115/369/1 1116/368/1
f 1109/340/3 1110/354/3 1114/355/3 1113/341/3
f 1110/49/6 1111/53/6 1115/54/6 1114/50/6
f 1111/354/4 1112/340/4 1116/341/4 1115/355/4
f 1112/53/5 1109/49/5 1113/50/5 1116/54/5
f 1120/370/2 1119/371/2 1118/369/2 1117/368/2
f 1121/368/1 1122/369/1 1123/371/1 1124/370/1
f 1117/340/3 1118/354/3 1122/355/3 1121/341/3
f 1118/53/6 1119/57/6 1123/58/6 1122/54/6
f 1119/354/4 1120/340/4 1124/341/4 1123/355/4
f 1120/57/5 1117/53/5 1121/54/5 1124/58/5
f 1128/372/2 1127/373/2 1126/371/2 1125/370/2
f 1129/370/1 1130/371/1 1131/373/1 1132/372/1
f 1125/340/3 1126/354/3 1130/355/3 1129/341/3
f 1126/57/6 1127/61/6 1131/62/6 1130/58/6
f 1127/354/4 1128/340/4 1132/341/4 1131/355/4
f 1128/61/5 1125/57/5 1129/58/5 1132/62/5
f 1136/374/2 1135/375/2 1134/373/2 1133/372/2
f 1137/372/1 1138/373/1 1139/375/1 1140/374/1
f 1133/340/3 1134/354/3 1138/355/3 1137/341/3
f 1134/61/6 1135/65/6 1139/66/6 1138/62/6
f 1135/354/4 1136/340/4 1140/341/4 1139/355/4
f 1136/65/5 1133/61/5 1137/62/5 1140/66/5
f 1144/346/2 1143/376/2 1142/377/2 1141/347/2
f 1145/347/1 1146/377/1 1147/376/1 1148/346/1
f 1141/340/3 1142/354/3 1146/355/3 1145/341/3
f 1142/69/6 1143/73/6 1147/74/6 1146/70/6
f 1143/354/4 1144/340/4 1148/341/4 1147/355/4
f 1144/73/5 1141/69/5 1145/70/5 1148/74/5
f 1152/378/2 1151/379/2 1150/380/2 1149/381/2
f 1153/381/1 1154/380/1 1155/379/1 1156/378/1
f 1149/340/3 1150/354/3 1154/355/3 1153/341/3
f 1150/77/6 1151/81/6 1155/82/6 1154/78/6
f 1151/354/4 1152/340/4 1156/341/4 1155/355/4
f 1152/81/5 1149/77/5 1153/78/5 1156/82/5
f 1160/348/2 1159/382/2 1158/383/2 1157/349/2
f 1161/349/1 1162/383/1 1163/382/1 1164/348/1
f 1157/340/3 1158/354/3 1162/355/3 1161/341/3
f 1158/85/6 1159/89/6 1163/90/6 1162/86/6
f 1159/354/4 1160/340/4 1164/341/4 1163/355/4
f 1160/89/5 1157/85/5 1161/86/5 1164/90/5
f 1168/350/2 1167/384/2 1166/385/2 1165/351/2
f 1169/351/1 1170/385/1 1171/384/1 1172/350/1
f 1165/340/3 1166/354/3 1170/355/3 1169/341/3
f 1166/93/6 1167/97/6 1171/98/6 1170/94/6
f 1167/354/4 1168/340/4 1172/341/4 1171/355/4
f 1168/97/5 1165/93/5 1169/94/5 1172/98/5
f 1176/352/2 1175/386/2 1174/387/2 1173/353/2
f 1177/353/1 1178/387/1 1179/386/1 1180/352/1
f 1173/354/3 1174/388/3 1178/389/3 1177/355/3
f 1174/16/6 1175/15/6 1179/18/6 1178/17/6
f 1175/388/4 1176/354/4 1180/355/4 1179/389/4
f 1176/15/5 1173/16/5 1177/17/5 1180/18/5
f 1184/362/2 1183/390/2 1182/391/2 1181/363/2
f 1185/363/1 1186/391/1 1187/390/1 1188/362/1
f 1181/354/3 1182/388/3 1186/389/3 1185/355/3
f 1182/37/6 1183/41/6 1187/42/6 1186/38/6
f 1183/388/4 1184/354/4 1188/355/4 1187/389/4
f 1184/41/5 1181/37/5 1185/38/5 1188/42/5
f 1192/375/2 1191/392/2 1190/393/2 1189/373/2
f 1193/373/1 1194/393/1 1195/392/1 1196/375/1
f 1189/354/3 1190/388/3 1194/389/3 1193/355/3
f 1190/61/6 1191/65/6 1195/66/6 1194/62/6
f 1191/388/4 1192/354/4 1196/355/4 1195/389/4
f 1192/65/5 1189/61/5 1193/62/5 1196/66/5
f 1200/376/2 1199/394/2 1198/395/2 1197/377/2
f 1201/377/1 1202/395/1 1203/394/1 1204/376/1
f 1197/354/3 1198/388/3 1202/389/3 1201/355/3
f 1198/69/6 1199/73/6 1203/74/6 1202/70/6
f 1199/388/4 1200/354/4 1204/355/4 1203/389/4
f 1200/73/5 1197/69/5 1201/70/5 1204/74/5
f 1208/379/2 1207/396/2 1206/397/2 1205/380/2
f 1209/380/1 1210/397/1 1211/396/1 1212/379/1
f 1205/354/3 1206/388/3 1210/389/3 1209/355/3
f 1206/77/6 1207/81/6 1211/82/6 1210/78/6
f 1207/388/4 1208/354/4 1212/355/4 1211/389/4
f 1208/81/5 1205/77/5 1209/78/5 1212/82/5
f 1216/382/2 1215/398/2 1214/399/2 1213/383/2
f 1217/383/1 1218/399/1 1219/398/1 1220/382/1
f 1213/354/3 1214/388/3 1218/389/3 1217/355/3
f 1214/85/6 1215/89/6 1219/90/6 1218/86/6
f 1215/388/4 1216/354/4 1220/355/4 1219/389/4
f 1216/89/5 1213/85/5 1217/86/5 1220/90/5
f 1224/384/2 1223/400/2 1222/401/2 1221/385/2
f 1225/385/1 1226/401/1 1227/400/1 1228/384/1
f 1221/354/3 1222/388/3 1226/389/3 1225/355/3
f 1222/93/6 1223/97/6 1227/98/6 1226/94/6
f 1223/388/4 1224/354/4 1228/355/4 1227/389/4
f 1224/97/5 1221/93/5 1225/94/5 1228/98/5
f 1232/386/2 1231/402/2 1230/403/2 1229/387/2
f 1233/387/1 1234/403/1 1235/402/1 1236/386/1
f 1229/388/3 1230/404/3 1234/405/3 1233/389/3
f 1230/16/6 1231/15/6 1235/18/6 1234/17/6
f 1231/404/4 1232/388/4 1236/389/4 1235/405/4
f 1232/15/5 1229/16/5 1233/17/5 1236/18/5
f 1240/406/2 1239/407/2 1238/408/2 1237/409/2
f 1241/409/1 1242/408/1 1243/407/1 1244/406/1
f 1237/388/3 1238/404/3 1242/405/3 1241/389/3
f 1238/21/6 1239/25/6 1243/26/6 1242/22/6
f 1239/404/4 1240/388/4 1244/389/4 1243/405/4
f 1240/25/5 1237/21/5 1241/22/5 1244/26/5
f 1248/410/2 1247/411/2 1246/407/2 1245/406/2
f 1249/406/1 1250/407/1 1251/411/1 1252/410/1
f 1245/388/3 1246/404/3 1250/405/3 1249/389/3
f 1246/25/6 1247/29/6 1251/30/6 1250/26/6
f 1247/404/4 1248/388/4 1252/389/4 1251/405/4
f 1248/29/5 1245/25/5 1249/26/5 1252/30/5
f 1256/412/2 1255/413/2 1254/411/2 1253/410/2
f 1257/410/1 1258/411/1 1259/413/1 1260/412/1
f 1253/388/3 1254/404/3 1258/405/3 1257/389/3
f 1254/29/6 1255/33/6 1259/34/6 1258/30/6
f 1255/404/4 1256/388/4 1260/389/4 1259/405/4
f 1256/33/5 1253/29/5 1257/30/5 1260/34/5
f 1264/391/2 1263/414/2 1262/413/2 1261/412/2
f 1265/412/1 1266/413/1 1267/414/1 1268/391/1
f 1261/388/3 1262/404/3 1266/405/3 1265/389/3
f 1262/33/6 1263/37/6 1267/38/6 1266/34/6
f 1263/404/4 1264/388/4 1268/389/4 1267/405/4
f 1264/37/5 1261/33/5 1265/34/5 1268/38/5
f 1272/390/2 1271/415/2 1270/414/2 1269/391/2
f 1273/391/1 1274/414/1 1275/415/1 1276/390/1
f 1269/388/3 1270/404/3 1274/405/3 1273/389/3
f 1270/37/6 1271/41/6 1275/42/6 1274/38/6
f 1271/404/4 1272/388/4 1276/389/4 1275/405/4
f 1272/41/5 1269/37/5 1273/38/5 1276/42/5
f 1280/416/2 1279/417/2 1278/418/2 1277/419/2
f 1281/419/1 1282/418/1 1283/417/1 1284/416/1
f 1277/388/3 1278/404/3 1282/405/3 1281/389/3
f 1278/45/6 1279/49/6 1283/50/6 1282/46/6
f 1279/404/4 1280/388/4 1284/389/4 1283/405/4
f 1280/49/5 1277/45/5 1281/46/5 1284/50/5
f 1288/420/2 1287/421/2 1286/422/2 1285/423/2
f 1289/423/1 1290/422/1 1291/421/1 1292/420/1
f 1285/388/3 1286/404/3 1290/405/3 1289/389/3
f 1286/53/6 1287/57/6 1291/58/6 1290/54/6
f 1287/404/4 1288/388/4 1292/389/4 1291/405/4
f 1288/57/5 1285/53/5 1289/54/5 1292/58/5
f 1296/392/2 1295/424/2 1294/425/2 1293/393/2
f 1297/393/1 1298/425/1 1299/424/1 1300/392/1
f 1293/388/3 1294/404/3 1298/405/3 1297/389/3
f 1294/61/6 1295/65/6 1299/66/6 1298/62/6
f 1295/404/4 1296/388/4 1300/389/4 1299/405/4
f 1296/65/5 1293/61/5 1297/62/5 1300/66/5
f 1304/395/2 1303/426/2 1302/424/2 1301/392/2
f 1305/392/1 1306/424/1 1307/426/1 1308/395/1
f 1301/388/3 1302/404/3 1306/405/3 1305/389/3
f 1302/65/6 1303/69/6 1307/70/6 1306/66/6
f 1303/404/4 1304/388/4 1308/389/4 1307/405/4
f 1304/69/5 1301/65/5 1305/66/5 1308/70/5
f 1312/394/2 1311/427/2 1310/426/2 1309/395/2
f 1313/395/1 1314/426/1 1315/427/1 1316/394/1
f 1309/388/3 1310/404/3 1314/405/3 1313/389/3
f 1310/69/6 1311/73/6 1315/74/6 1314/70/6
f 1311/404/4 1312/388/4 1316/389/4 1315/405/4
f 1312/73/5 1309/69/5 1313/70/5 1316/74/5
f 1320/396/2 1319/428/2 1318/429/2 1317/397/2
f 1321/397/1 1322/429/1 1323/428/1 1324/396/1
f 1317/388/3 1318/404/3 1322/405/3 1321/389/3
f 1318/77/6 1319/81/6 1323/82/6 1322/78/6
f 1319/404/4 1320/388/4 1324/389/4 1323/405/4
f 1320/81/5 1317/77/5 1321/78/5 1324/82/5
f 1328/398/2 1327/430/2 1326/431/2 1325/399/2
f 1329/399/1 1330/431/1 1331/430/1 1332/398/1
f 1325/388/3 1326/404/3 1330/405/3 1329/389/3
f 1326/85/6 1327/89/6 1331/90/6 1330/86/6
f 1327/404/4 1328/388/4 1332/389/4 1331/405/4
f 1328/89/5 1325/85/5 1329/86/5 1332/90/5
f 1336/400/2 1335/432/2 1334/433/2 1333/401/2
f 1337/401/1 1338/433/1 1339/432/1 1340/400/1
f 1333/388/3 1334/404/3 1338/405/3 1337/389/3
f 1334/93/6 1335/97/6 1339/98/6 1338/94/6
f 1335/404/4 1336/388/4 1340/389/4 1339/405/4
f 1336/97/5 1333/93/5 1337/94/5 1340/98/5
f 1344/402/2 1343/434/2 1342/435/2 1341/403/2
f 1345/403/1 1346/435/1 1347/434/1 1348/402/1
f 1341/404/3 1342/436/3 1346/437/3 1345/405/3
f 1342/16/6 1343/15/6 1347/18/6 1346/17/6
f 1343/436/4 1344/404/4 1348/405/4 1347/437/4
f 1344/15/5 1341/16/5 1345/17/5 1348/18/5
f 1352/407/2 1351/438/2 1350/439/2 1349/408/2
f 1353/408/1 1354/439/1 1355/438/1 1356/407/1
f 1349/404/3 1350/436/3 1354/437/3 1353/405/3
f 1350/21/6 1351/25/6 1355/26/6 1354/22/6
f 1351/436/4 1352/404/4 1356/405/4 1355/437/4
f 1352/25/5 1349/21/5 1353/22/5 1356/26/5
f 1360/417/2 1359/440/2 1358/441/2 1357/418/2
f 1361/418/1 1362/441/1 1363/440/1 1364/417/1
f 1357/404/3 1358/436/3 1362/437/3 1361/405/3
f 1358/45/6 1359/49/6 1363/50/6 1362/46/6
f 1359/436/4 1360/404/4 1364/405/4 1363/437/4
f 1360/49/5 1357/45/5 1361/46/5 1364/50/5
f 1368/427/2 1367/442/2 1366/443/2 1365/426/2
f 1369/426/1 1370/443/1 1371/442/1 1372/427/1
f 1365/404/3 1366/436/3 1370/437/3 1369/405/3
f 1366/69/6 1367/73/6 1371/74/6 1370/70/6
f 1367/436/4 1368/404/4 1372/405/4 1371/437/4
f 1368/73/5 1365/69/5 1369/70/5 1372/74/5
f 1376/428/2 1375/444/2 1374/445/2 1373/429/2
f 1377/429/1 1378/445/1 1379/444/1 1380/428/1
f 1373/404/3 1374/436/3 1378/437/3 1377/405/3
f 1374/77/6 1375/81/6 1379/82/6 1378/78/6
f 1375/436/4 1376/404/4 1380/405/4 1379/437/4
f 1376/81/5 1373/77/5 1377/78/5 1380/82/5
f 1384/432/2 1383/446/2 1382/447/2 1381/433/2
f 1385/433/1 1386/447/1 1387/446/1 1388/432/1
f 1381/404/3 1382/436/3 1386/437/3 1385/405/3
f 1382/93/6 1383/97/6 1387/98/6 1386/94/6
f 1383/436/4 1384/404/4 1388/405/4 1387/437/4
f 1384/97/5 1381/93/5 1385/94/5 1388/98/5
f 1392/434/2 1391/448/2 1390/449/2 1389/435/2
f 1393/435/1 1394/449/1 1395/448/1 1396/434/1
f 1389/436/3 1390/450/3 1394/451/3 1393/437/3
f 1390/16/6 1391/15/6 1395/18/6 1394/17/6
f 1391/450/4 1392/436/4 1396/437/4 1395/451/4
f 1392/15/5 1389/16/5 1393/17/5 1396/18/5
f 1400/438/2 1399/452/2 1398/453/2 1397/439/2
f 1401/439/1 1402/453/1 1403/452/1 1404/438/1
f 1397/436/3 1398/450/3 1402/451/3 1401/437/3
f 1398/21/6 1399/25/6 1403/26/6 1402/22/6
f 1399/450/4 1400/436/4 1404/437/4 1403/451/4
f 1400/25/5 1397/21/5 1401/22/5 1404/26/5
f 1408/454/2 1407/455/2 1406/456/2 1405/457/2
f 1409/457/1 1410/456/1 1411/455/1 1412/454/1
f 1405/436/3 1406/450/3 1410/451/3 1409/437/3
f 1406/29/6 1407/33/6 1411/34/6 1410/30/6
f 1407/450/4 1408/436/4 1412/437/4 1411/451/4
f 1408/33/5 1405/29/5 1409/30/5 1412/34/5
f 1416/458/2 1415/459/2 1414/455/2 1413/454/2
f 1417/454/1 1418/455/1 1419/459/1 1420/458/1
f 1413/436/3 1414/450/3 1418/451/3 1417/437/3
f 1414/33/6 1415/37/6 1419/38/6 1418/34/6
f 1415/450/4 1416/436/4 1420/437/4 1419/451/4
f 1416/37/5 1413/33/5 1417/34/5 1420/38/5
f 1424/460/2 1423/461/2 1422/459/2 1421/458/2
f 1425/458/1 1426/459/1 1427/461/1 1428/460/1
f 1421/436/3 1422/450/3 1426/451/3 1425/437/3
f 1422/37/6 1423/41/6 1427/42/6 1426/38/6
f 1423/450/4 1424/436/4 1428/437/4 1427/451/4
f 1424/41/5 1421/37/5 1425/38/5 1428/42/5
f 1432/441/2 1431/462/2 1430/461/2 1429/460/2
f 1433/460/1 1434/461/1 1435/462/1 1436/441/1
f 1429/436/3 1430/450/3 1434/451/3 1433/437/3
f 1430/41/6 1431/45/6 1435/46/6 1434/42/6
f 1431/450/4 1432/436/4 1436/437/4 1435/451/4
f 1432/45/5 1429/41/5 1433/42/5 1436/46/5
f 1440/440/2 1439/463/2 1438/462/2 1437/441/2
f 1441/441/1 1442/462/1 1443/463/1 1444/440/1
f 1437/436/3 1438/450/3 1442/451/3 1441/437/3
f 1438/45/6 1439/49/6 1443/50/6 1442/46/6
f 1439/450/4 1440/436/4 1444/437/4 1443/451/4
f 1440/49/5 1437/45/5 1441/46/5 1444/50/5
f 1448/464/2 1447/465/2 1446/463/2 1445/440/2
f 1449/440/1 1450/463/1 1451/465/1 1452/464/1
f 1445/436/3 1446/450/3 1450/451/3 1449/437/3
f 1446/49/6 1447/53/6 1451/54/6 1450/50/6
f 1447/450/4 1448/436/4 1452/437/4 1451/451/4
f 1448/53/5 1445/49/5 1449/50/5 1452/54/5
f 1456/466/2 1455/467/2 1454/465/2 1453/464/2
f 1457/464/1 1458/465/1 1459/467/1 1460/466/1
f 1453/436/3 1454/450/3 1458/451/3 1457/437/3
f 1454/53/6 1455/57/6 1459/58/6 1458/54/6
f 1455/450/4 1456/436/4 1460/437/4 1459/451/4
f 1456/57/5 1453/53/5 1457/54/5 1460/58/5
f 1464/468/2 1463/469/2 1462/467/2 1461/466/2
f 1465/466/1 1466/467/1 1467/469/1 1468/468/1
f 1461/436/3 1462/450/3 1466/451/3 1465/437/3
f 1462/57/6 1463/61/6 1467/62/6 1466/58/6
f 1463/450/4 1464/436/4 1468/437/4 1467/451/4
f 1464/61/5 1461/57/5 1465/58/5 1468/62/5
f 1472/470/2 1471/471/2 1470/469/2 1469/468/2
f 1473/468/1 1474/469/1 1475/471/1 1476/470/1
f 1469/436/3 1470/450/3 1474/451/3 1473/437/3
f 1470/61/6 1471/65/6 1475/66/6 1474/62/6
f 1471/450/4 1472/436/4 1476/437/4 1475/451/4
f 1472/65/5 1469/61/5 1473/62/5 1476/66/5
f 1480/442/2 1479/472/2 1478/473/2 1477/443/2
f 1481/443/1 1482/473/1 1483/472/1 1484/442/1
f 1477/436/3 1478/450/3 1482/451/3 1481/437/3
f 1478/69/6 1479/73/6 1483/74/6 1482/70/6
f 1479/450/4 1480/436/4 1484/437/4 1483/451/4
f 1480/73/5 1477/69/5 1481/70/5 1484/74/5
f 1488/444/2 1487/474/2 1486/475/2 1485/445/2
f 1489/445/1 1490/475/1 1491/474/1 1492/444/1
f 1485/436/3 1486/450/3 1490/451/3 1489/437/3
f 1486/77/6 1487/81/6 1491/82/6 1490/78/6
f 1487/450/4 1488/436/4 1492/437/4 1491/451/4
f 1488/81/5 1485/77/5 1489/78/5 1492/82/5
f 1496/476/2 1495/477/2 1494/474/2 1493/444/2
f 1497/444/1 1498/474/1 1499/477/1 1500/476/1
f 1493/436/3 1494/450/3 1498/451/3 1497/437/3
f 1494/81/6 1495/85/6 1499/86/6 1498/82/6
f 1495/450/4 1496/436/4 1500/437/4 1499/451/4
f 1496/85/5 1493/81/5 1497/82/5 1500/86/5
f 1504/478/2 1503/479/2 1502/477/2 1501/476/2
f 1505/476/1 1506/477/1 1507/479/1 1508/478/1
f 1501/436/3 1502/450/3 1506/451/3 1505/437/3
f 1502/85/6 1503/89/6 1507/90/6 1506/86/6
f 1503/450/4 1504/436/4 1508/437/4 1507/451/4
f 1504/89/5 1501/85/5 1505/86/5 1508/90/5
f 1512/446/2 1511/480/2 1510/481/2 1509/447/2
f 1513/447/1 1514/481/1 1515/480/1 1516/446/1
f 1509/436/3 1510/450/3 1514/451/3 1513/437/3
f 1510/93/6 1511/97/6 1515/98/6 1514/94/6
f 1511/450/4 1512/436/4 1516/437/4 1515/451/4
f 1512/97/5 1509/93/5 1513/94/5 1516/98/5
f 1520/448/2 1519/482/2 1518/483/2 1517/449/2
f 1521/449/1 1522/483/1 1523/482/1 1524/448/1
f 1517/450/3 1518/484/3 1522/485/3 1521/451/3
f 1518/16/6 1519/15/6 1523/18/6 1522/17/6
f 1519/484/4 1520/450/4 1524/451/4 1523/485/4
f 1520/15/5 1517/16/5 1521/17/5 1524/18/5
f 1528/452/2 1527/486/2 1526/487/2 1525/453/2
f 1529/453/1 1530/487/1 1531/486/1 1532/452/1
f 1525/450/3 1526/484/3 1530/485/3 1529/451/3
f 1526/21/6 1527/25/6 1531/26/6 1530/22/6
f 1527/484/4 1528/450/4 1532/451/4 1531/485/4
f 1528/25/5 1525/21/5 1529/22/5 1532/26/5
f 1536/471/2 1535/488/2 1534/489/2 1533/469/2
f 1537/469/1 1538/489/1 1539/488/1 1540/471/1
f 1533/450/3 1534/484/3 1538/485/3 1537/451/3
f 1534/61/6 1535/65/6 1539/66/6 1538/62/6
f 1535/484/4 1536/450/4 1540/451/4 1539/485/4
f 1536/65/5 1533/61/5 1537/62/5 1540/66/5
f 1544/474/2 1543/490/2 1542/491/2 1541/475/2
f 1545/475/1 1546/491/1 1547/490/1 1548/474/1
f 1541/450/3 1542/484/3 1546/485/3 1545/451/3
f 1542/77/6 1543/81/6 1547/82/6 1546/78/6
f 1543/484/4 1544/450/4 1548/451/4 1547/485/4
f 1544/81/5 1541/77/5 1545/78/5 1548/82/5
f 1552/479/2 1551/492/2 1550/493/2 1549/477/2
f 1553/477/1 1554/493/1 1555/492/1 1556/479/1
f 1549/450/3 1550/484/3 1554/485/3 1553/451/3
f 1550/85/6 1551/89/6 1555/90/6 1554/86/6
f 1551/484/4 1552/450/4 1556/451/4 1555/485/4
f 1552/89/5 1549/85/5 1553/86/5 1556/90/5
f 1560/480/2 1559/494/2 1558/495/2 1557/481/2
f 1561/481/1 1562/495/1 1563/494/1 1564/480/1
f 1557/450/3 1558/484/3 1562/485/3 1561/451/3
f 1558/93/6 1559/97/6 1563/98/6 1562/94/6
f 1559/484/4 1560/450/4 1564/451/4 1563/485/4
f 1560/97/5 1557/93/5 1561/94/5 1564/98/5
f 1568/482/2 1567/496/2 1566/497/2 1565/483/2
f 1569/483/1 1570/497/1 1571/496/1 1572/482/1
f 1565/484/3 1566/498/3 1570/499/3 1569/485/3
f 1566/16/6 1567/15/6 1571/18/6 1570/17/6
f 1567/498/4 1568/484/4 1572/485/4 1571/499/4
f 1568/15/5 1565/16/5 1569/17/5 1572/18/5
f 1576/486/2 1575/500/2 1574/501/2 1573/487/2
f 1577/487/1 1578/501/1 1579/500/1 1580/486/1
f 1573/484/3 1574/498/3 1578/499/3 1577/485/3
f 1574/21/6 1575/25/6 1579/26/6 1578/22/6
f 1575/498/4 1576/484/4 1580/485/4 1579/499/4
f 1576/25/5 1573/21/5 1577/22/5 1580/26/5
f 1584/502/2 1583/503/2 1582/500/2 1581/486/2
f 1585/486/1 1586/500/1 1587/503/1 1588/502/1
f 1581/484/3 1582/498/3 1586/499/3 1585/485/3
f 1582/25/6 1583/29/6 1587/30/6 1586/26/6
f 1583/498/4 1584/484/4 1588/485/4 1587/499/4
f 1584/29/5 1581/25/5 1585/26/5 1588/30/5
f 1592/504/2 1591/505/2 1590/503/2 1589/502/2
f 1593/502/1 1594/503/1 1595/505/1 1596/504/1
f 1589/484/3 1590/498/3 1594/499/3 1593/485/3
f 1590/29/6 1591/33/6 1595/34/6 1594/30/6
f 1591/498/4 1592/484/4 1596/485/4 1595/499/4
f 1592/33/5 1589/29/5 1593/30/5 1596/34/5
f 1600/506/2 1599/507/2 1598/505/2 1597/504/2
f 1601/504/1 1602/505/1 1603/507/1 1604/506/1
f 1597/484/3 1598/498/3 1602/499/3 1601/485/3
f 1598/33/6 1599/37/6 1603/38/6 1602/34/6
f 1599/498/4 1600/484/4 1604/485/4 1603/499/4
f 1600/37/5 1597/33/5 1601/34/5 1604/38/5
f 1608/508/2 1607/509/2 1606/507/2 1605/506/2
f 1609/506/1 1610/507/1 1611/509/1 1612/508/1
f 1605/484/3 1606/498/3 1610/499/3 1609/485/3
f 1606/37/6 1607/41/6 1611/42/6 1610/38/6
f 1607/498/4 1608/484/4 1612/485/4 1611/499/4
f 1608/41/5 1605/37/5 1609/38/5 1612/42/5
f 1616/510/2 1615/511/2 1614/509/2 1613/508/2
f 1617/508/1 1618/509/1 1619/511/1 1620/510/1
f 1613/484/3 1614/498/3 1618/499/3 1617/485/3
f 1614/41/6 1615/45/6 1619/46/6 1618/42/6
f 1615/498/4 1616/484/4 1620/485/4 1619/499/4
f 1616/45/5 1613/41/5 1617/42/5 1620/46/5
f 1624/512/2 1623/513/2 1622/511/2 1621/510/2
f 1625/510/1 1626/511/1 1627/513/1 1628/512/1
f 1621/484/3 1622/498/3 1626/499/3 1625/485/3
f 1622/45/6 1623/49/6 1627/50/6 1626/46/6
f 1623/498/4 1624/484/4 1628/485/4 1627/499/4
f 1624/49/5 1621/45/5 1625/46/5 1628/50/5
f 1632/514/2 1631/515/2 1630/513/2 1629/512/2
f 1633/512/1 1634/513/1 1635/515/1 1636/514/1
f 1629/484/3 1630/498/3 1634/499/3 1633/485/3
f 1630/49/6 1631/53/6 1635/54/6 1634/50/6
f 1631/498/4 1632/484/4 1636/485/4 1635/499/4
f 1632/53/5 1629/49/5 1633/50/5 1636/54/5
f 1640/516/2 1639/517/2 1638/515/2 1637/514/2
f 1641/514/1 1642/515/1 1643/517/1 1644/516/1
f 1637/484/3 1638/498/3 1642/499/3 1641/485/3
f 1638/53/6 1639/57/6 1643/58/6 1642/54/6
f 1639/498/4 1640/484/4 1644/485/4 1643/499/4
f 1640/57/5 1637/53/5 1641/54/5 1644/58/5
f 1648/488/2 1647/518/2 1646/519/2 1645/489/2
f 1649/489/1 1650/519/1 1651/518/1 1652/488/1
f 1645/484/3 1646/498/3 1650/499/3 1649/485/3
f 1646/61/6 1647/65/6 1651/66/6 1650/62/6
f 1647/498/4 1648/484/4 1652/485/4 1651/499/4
f 1648/65/5 1645/61/5 1649/62/5 1652/66/5
f 1656/520/2 1655/521/2 1654/518/2 1653/488/2
f 1657/488/1 1658/518/1 1659/521/1 1660/520/1
f 1653/484/3 1654/498/3 1658/499/3 1657/485/3
f 1654/65/6 1655/69/6 1659/70/6 1658/66/6
f 1655/498/4 1656/484/4 1660/485/4 1659/499/4
f 1656/69/5 1653/65/5 1657/66/5 1660/70/5
f 1664/522/2 1663/523/2 1662/521/2 1661/520/2
f 1665/520/1 1666/521/1 1667/523/1 1668/522/1
f 1661/484/3 1662/498/3 1666/499/3 1665/485/3
f 1662/69/6 1663/73/6 1667/74/6 1666/70/6
f 1663/498/4 1664/484/4 1668/485/4 1667/499/4
f 1664/73/5 1661/69/5 1665/70/5 1668/74/5
f 1672/491/2 1671/524/2 1670/523/2 1669/522/2
f 1673/522/1 1674/523/1 1675/524/1 1676/491/1
f 1669/484/3 1670/498/3 1674/499/3 1673/485/3
f 1670/73/6 1671/77/6 1675/78/6 1674/74/6
f 1671/498/4 1672/484/4 1676/485/4 1675/499/4
f 1672/77/5 1669/73/5 1673/74/5 1676/78/5
f 1680/490/2 1679/525/2 1678/524/2 1677/491/2
f 1681/491/1 1682/524/1 1683/525/1 1684/490/1
f 1677/484/3 1678/498/3 1682/499/3 1681/485/3
f 1678/77/6 1679/81/6 1683/82/6 1682/78/6
f 1679/498/4 1680/484/4 1684/485/4 1683/499/4
f 1680/81/5 1677/77/5 1681/78/5 1684/82/5
f 1688/492/2 1687/526/2 1686/527/2 1685/493/2
f 1689/493/1 1690/527/1 1691/526/1 1692/492/1
f 1685/484/3 1686/498/3 1690/499/3 1689/485/3
f 1686/85/6 1687/89/6 1691/90/6 1690/86/6
f 1687/498/4 1688/484/4 1692/485/4 1691/499/4
f 1688/89/5 1685/85/5 1689/86/5 1692/90/5
f 1696/494/2 1695/528/2 1694/529/2 1693/495/2
f 1697/495/1 1698/529/1 1699/528/1 1700/494/1
f 1693/484/3 1694/498/3 1698/499/3 1697/485/3
f 1884/530/1 1699/499/1 1698/529/1 1881/531/1
f 1695/498/4 1696/484/4 1700/485/4 1699/499/4
f 1696/97/5 1693/93/5 1697/94/5 1700/98/5
f 1704/496/2 1703/532/2 1702/533/2 1701/497/2
f 1705/497/1 1706/533/1 1707/532/1 1708/496/1
f 1701/498/3 1702/534/3 1706/530/3 1705/499/3
f 1702/16/6 1703/15/6 1707/18/6 1706/17/6
f 1703/534/4 1704/498/4 1708/499/4 1707/530/4
f 1704/15/5 1701/16/5 1705/17/5 1708/18/5
f 1712/518/2 1711/535/2 1710/536/2 1709/519/2
f 1713/519/1 1714/536/1 1715/535/1 1716/518/1
f 1709/498/3 1710/534/3 1714/530/3 1713/499/3
f 1710/61/6 1711/65/6 1715/66/6 1714/62/6
f 1711/534/4 1712/498/4 1716/499/4 1715/530/4
f 1712/65/5 1709/61/5 1713/62/5 1716/66/5
f 1720/532/2 1719/537/2 1718/538/2 1717/533/2
f 1721/533/1 1722/538/1 1723/537/1 1724/532/1
f 1717/534/3 1718/539/3 1722/540/3 1721/530/3
f 1718/16/6 1719/15/6 1723/18/6 1722/17/6
f 1719/539/4 1720/534/4 1724/530/4 1723/540/4
f 1720/15/5 1717/16/5 1721/17/5 1724/18/5
f 1728/541/2 1727/542/2 1726/537/2 1725/532/2
f 1729/532/1 1730/537/1 1731/542/1 1732/541/1
f 1725/534/3 1726/539/3 1730/540/3 1729/530/3
f 1726/15/6 1727/21/6 1731/22/6 1730/18/6
f 1727/539/4 1728/534/4 1732/530/4 1731/540/4
f 1728/21/5 1725/15/5 1729/18/5 1732/22/5
f 1736/543/2 1735/544/2 1734/542/2 1733/541/2
f 1737/541/1 1738/542/1 1739/544/1 1740/543/1
f 1733/534/3 1734/539/3 1738/540/3 1737/530/3
f 1734/21/6 1735/25/6 1739/26/6 1738/22/6
f 1735/539/4 1736/534/4 1740/530/4 1739/540/4
f 1736/25/5 1733/21/5 1737/22/5 1740/26/5
f 1744/545/2 1743/546/2 1742/544/2 1741/543/2
f 1745/543/1 1746/544/1 1747/546/1 1748/545/1
f 1741/534/3 1742/539/3 1746/540/3 1745/530/3
f 1742/25/6 1743/29/6 1747/30/6 1746/26/6
f 1743/539/4 1744/534/4 1748/530/4 1747/540/4
f 1744/29/5 1741/25/5 1745/26/5 1748/30/5
f 1752/547/2 1751/548/2 1750/546/2 1749/545/2
f 1753/545/1 1754/546/1 1755/548/1 1756/547/1
f 1749/534/3 1750/539/3 1754/540/3 1753/530/3
f 1750/29/6 1751/33/6 1755/34/6 1754/30/6
f 1751/539/4 1752/534/4 1756/530/4 1755/540/4
f 1752/33/5 1749/29/5 1753/30/5 1756/34/5
f 1760/549/2 1759/550/2 1758/548/2 1757/547/2
f 1761/547/1 1762/548/1 1763/550/1 1764/549/1
f 1757/534/3 1758/539/3 1762/540/3 1761/530/3
f 1758/33/6 1759/37/6 1763/38/6 1762/34/6
f 1759/539/4 1760/534/4 1764/530/4 1763/540/4
f 1760/37/5 1757/33/5 1761/34/5 1764/38/5
f 1768/551/2 1767/552/2 1766/550/2 1765/549/2
f 1769/549/1 1770/550/1 1771/552/1 1772/551/1
f 1765/534/3 1766/539/3 1770/540/3 1769/530/3
f 1766/37/6 1767/41/6 1771/42/6 1770/38/6
f 1767/539/4 1768/534/4 1772/530/4 1771/540/4
f 1768/41/5 1765/37/5 1769/38/5 1772/42/5
f 1776/553/2 1775/554/2 1774/552/2 1773/551/2
f 1777/551/1 1778/552/1 1779/554/1 1780/553/1
f 1773/534/3 1774/539/3 1778/540/3 1777/530/3
f 1774/41/6 1775/45/6 1779/46/6 1778/42/6
f 1775/539/4 1776/534/4 1780/530/4 1779/540/4
f 1776/45/5 1773/41/5 1777/42/5 1780/46/5
f 1784/555/2 1783/556/2 1782/554/2 1781/553/2
f 1785/553/1 1786/554/1 1787/556/1 1788/555/1
f 1781/534/3 1782/539/3 1786/540/3 1785/530/3
f 1782/45/6 1783/49/6 1787/50/6 1786/46/6
f 1783/539/4 1784/534/4 1788/530/4 1787/540/4
f 1784/49/5 1781/45/5 1785/46/5 1788/50/5
f 1792/557/2 1791/558/2 1790/556/2 1789/555/2
f 1793/555/1 1794/556/1 1795/558/1 1796/557/1
f 1789/534/3 1790/539/3 1794/540/3 1793/530/3
f 1790/49/6 1791/53/6 1795/54/6 1794/50/6
f 1791/539/4 1792/534/4 1796/530/4 1795/540/4
f 1792/53/5 1789/49/5 1793/50/5 1796/54/5
f 1800/559/2 1799/560/2 1798/558/2 1797/557/2
f 1801/557/1 1802/558/1 1803/560/1 1804/559/1
f 1797/534/3 1798/539/3 1802/540/3 1801/530/3
f 1798/53/6 1799/57/6 1803/58/6 1802/54/6
f 1799/539/4 1800/534/4 1804/530/4 1803/540/4
f 1800/57/5 1797/53/5 1801/54/5 1804/58/5
f 1808/536/2 1807/561/2 1806/560/2 1805/559/2
f 1809/559/1 1810/560/1 1811/561/1 1812/536/1
f 1805/534/3 1806/539/3 1810/540/3 1809/530/3
f 1806/57/6 1807/61/6 1811/62/6 1810/58/6
f 1807/539/4 1808/534/4 1812/530/4 1811/540/4
f 1808/61/5 1805/57/5 1809/58/5 1812/62/5
f 1816/535/2 1815/562/2 1814/561/2 1813/536/2
f 1817/536/1 1818/561/1 1819/562/1 1820/535/1
f 1813/534/3 1814/539/3 1818/540/3 1817/530/3
f 1814/61/6 1815/65/6 1819/66/6 1818/62/6
f 1815/539/4 1816/534/4 1820/530/4 1819/540/4
f 1816/65/5 1813/61/5 1817/62/5 1820/66/5
f 1824/563/2 1823/564/2 1822/562/2 1821/535/2
f 1825/535/1 1826/562/1 1827/564/1 1828/563/1
f 1821/534/3 1822/539/3 1826/540/3 1825/530/3
f 1822/65/6 1823/69/6 1827/70/6 1826/66/6
f 1823/539/4 1824/534/4 1828/530/4 1827/540/4
f 1824/69/5 1821/65/5 1825/66/5 1828/70/5
f 1832/565/2 1831/566/2 1830/564/2 1829/563/2
f 1833/563/1 1834/564/1 1835/566/1 1836/565/1
f 1829/534/3 1830/539/3 1834/540/3 1833/530/3
f 1830/69/6 1831/73/6 1835/74/6 1834/70/6
f 1831/539/4 1832/534/4 1836/530/4 1835/540/4
f 1832/73/5 1829/69/5 1833/70/5 1836/74/5
f 1840/567/2 1839/568/2 1838/566/2 1837/565/2
f 1841/565/1 1842/566/1 1843/568/1 1844/567/1
f 1837/534/3 1838/539/3 1842/540/3 1841/530/3
f 1838/73/6 1839/77/6 1843/78/6 1842/74/6
f 1839/539/4 1840/534/4 1844/530/4 1843/540/4
f 1840/77/5 1837/73/5 1841/74/5 1844/78/5
f 1848/569/2 1847/570/2 1846/568/2 1845/567/2
f 1849/567/1 1850/568/1 1851/570/1 1852/569/1
f 1845/534/3 1846/539/3 1850/540/3 1849/530/3
f 1846/77/6 1847/81/6 1851/82/6 1850/78/6
f 1847/539/4 1848/534/4 1852/530/4 1851/540/4
f 1848/81/5 1845/77/5 1849/78/5 1852/82/5
f 1856/571/2 1855/572/2 1854/570/2 1853/569/2
f 1857/569/1 1858/570/1 1859/572/1 1860/571/1
f 1853/534/3 1854/539/3 1858/540/3 1857/530/3
f 1854/81/6 1855/85/6 1859/86/6 1858/82/6
f 1855/539/4 1856/534/4 1860/530/4 1859/540/4
f 1856/85/5 1853/81/5 1857/82/5 1860/86/5
f 1864/573/2 1863/574/2 1862/572/2 1861/571/2
f 1865/571/1 1866/572/1 1867/574/1 1868/573/1
f 1861/534/3 1862/539/3 1866/540/3 1865/530/3
f 1862/85/6 1863/89/6 1867/90/6 1866/86/6
f 1863/539/4 1864/534/4 1868/530/4 1867/540/4
f 1864/89/5 1861/85/5 1865/86/5 1868/90/5
f 1872/531/2 1871/575/2 1870/574/2 1869/573/2
f 1873/573/1 1874/574/1 1875/575/1 1876/531/1
f 1869/534/3 1870/539/3 1874/540/3 1873/530/3
f 1870/89/6 1871/93/6 1875/94/6 1874/90/6
f 1871/539/4 1872/534/4 1876/530/4 1875/540/4
f 1872/93/5 1869/89/5 1873/90/5 1876/94/5
f 1880/576/2 1879/577/2 1878/575/2 1877/531/2
f 1881/531/1 1882/575/1 1883/577/1 1884/576/1
f 1877/534/3 1878/539/3 1882/540/3 1881/530/3
f 1878/93/6 1879/97/6 1883/98/6 1882/94/6
f 1879/539/4 1880/534/4 1884/530/4 1883/540/4
f 1699/499/4 1884/530/4 1880/534/4 1695/498/4
f 1694/111/3 1877/111/3 1876/111/3 1872/111/3 1881/111/3 1698/111/3
f 1880/534/2 1877/111/2 1694/529/2 1695/498/2
f 200/106/2 197/14/2 6/7/2 7/6/2 205/111/2 14/111/2
f 7/6/4 11/6/4 209/111/4 200/14/4 204/101/4 205/111/4
